genome	tool	rank	metric	value	novelty_category	taxonomy	kingdom	novelty_category_novel	tool2
GCA_013154095.1_genomic	sylph	kingdom	Bray-Curtis distance	0.5	phylum	d__Archaea;p__JAADDD01;c__JAADDD01;o__JAADDD01;f__JAADDD01;g__JAADDD01;s__JAADDD01 sp013154095	novel Archaea	novel phylum	sylph
GCA_013154095.1_genomic	sylph	phylum	Bray-Curtis distance	0.5	phylum	d__Archaea;p__JAADDD01;c__JAADDD01;o__JAADDD01;f__JAADDD01;g__JAADDD01;s__JAADDD01 sp013154095	novel Archaea	novel phylum	sylph
GCA_013154095.1_genomic	sylph	class	Bray-Curtis distance	0.5	phylum	d__Archaea;p__JAADDD01;c__JAADDD01;o__JAADDD01;f__JAADDD01;g__JAADDD01;s__JAADDD01 sp013154095	novel Archaea	novel phylum	sylph
GCA_013154095.1_genomic	sylph	order	Bray-Curtis distance	0.5	phylum	d__Archaea;p__JAADDD01;c__JAADDD01;o__JAADDD01;f__JAADDD01;g__JAADDD01;s__JAADDD01 sp013154095	novel Archaea	novel phylum	sylph
GCA_013154095.1_genomic	sylph	family	Bray-Curtis distance	0.5	phylum	d__Archaea;p__JAADDD01;c__JAADDD01;o__JAADDD01;f__JAADDD01;g__JAADDD01;s__JAADDD01 sp013154095	novel Archaea	novel phylum	sylph
GCA_013154095.1_genomic	sylph	genus	Bray-Curtis distance	0.5	phylum	d__Archaea;p__JAADDD01;c__JAADDD01;o__JAADDD01;f__JAADDD01;g__JAADDD01;s__JAADDD01 sp013154095	novel Archaea	novel phylum	sylph
GCA_013154095.1_genomic	sylph	species	Bray-Curtis distance	0.5	phylum	d__Archaea;p__JAADDD01;c__JAADDD01;o__JAADDD01;f__JAADDD01;g__JAADDD01;s__JAADDD01 sp013154095	novel Archaea	novel phylum	sylph
GCA_013154095.1_genomic	metaphlan	kingdom	Bray-Curtis distance	0.5	phylum	d__Archaea;p__JAADDD01;c__JAADDD01;o__JAADDD01;f__JAADDD01;g__JAADDD01;s__JAADDD01 sp013154095	novel Archaea	novel phylum	MetaPhlAn
GCA_013154095.1_genomic	metaphlan	phylum	Bray-Curtis distance	0.5	phylum	d__Archaea;p__JAADDD01;c__JAADDD01;o__JAADDD01;f__JAADDD01;g__JAADDD01;s__JAADDD01 sp013154095	novel Archaea	novel phylum	MetaPhlAn
GCA_013154095.1_genomic	metaphlan	class	Bray-Curtis distance	0.5	phylum	d__Archaea;p__JAADDD01;c__JAADDD01;o__JAADDD01;f__JAADDD01;g__JAADDD01;s__JAADDD01 sp013154095	novel Archaea	novel phylum	MetaPhlAn
GCA_013154095.1_genomic	metaphlan	order	Bray-Curtis distance	0.5	phylum	d__Archaea;p__JAADDD01;c__JAADDD01;o__JAADDD01;f__JAADDD01;g__JAADDD01;s__JAADDD01 sp013154095	novel Archaea	novel phylum	MetaPhlAn
GCA_013154095.1_genomic	metaphlan	family	Bray-Curtis distance	0.5	phylum	d__Archaea;p__JAADDD01;c__JAADDD01;o__JAADDD01;f__JAADDD01;g__JAADDD01;s__JAADDD01 sp013154095	novel Archaea	novel phylum	MetaPhlAn
GCA_013154095.1_genomic	metaphlan	genus	Bray-Curtis distance	0.5	phylum	d__Archaea;p__JAADDD01;c__JAADDD01;o__JAADDD01;f__JAADDD01;g__JAADDD01;s__JAADDD01 sp013154095	novel Archaea	novel phylum	MetaPhlAn
GCA_013154095.1_genomic	metaphlan	species	Bray-Curtis distance	0.5	phylum	d__Archaea;p__JAADDD01;c__JAADDD01;o__JAADDD01;f__JAADDD01;g__JAADDD01;s__JAADDD01 sp013154095	novel Archaea	novel phylum	MetaPhlAn
GCA_013154095.1_genomic	singlem	kingdom	Bray-Curtis distance	0.00789935634874197	phylum	d__Archaea;p__JAADDD01;c__JAADDD01;o__JAADDD01;f__JAADDD01;g__JAADDD01;s__JAADDD01 sp013154095	novel Archaea	novel phylum	SingleM
GCA_013154095.1_genomic	singlem	phylum	Bray-Curtis distance	0.401423487544484	phylum	d__Archaea;p__JAADDD01;c__JAADDD01;o__JAADDD01;f__JAADDD01;g__JAADDD01;s__JAADDD01 sp013154095	novel Archaea	novel phylum	SingleM
GCA_013154095.1_genomic	singlem	class	Bray-Curtis distance	0.393436711143166	phylum	d__Archaea;p__JAADDD01;c__JAADDD01;o__JAADDD01;f__JAADDD01;g__JAADDD01;s__JAADDD01 sp013154095	novel Archaea	novel phylum	SingleM
GCA_013154095.1_genomic	singlem	order	Bray-Curtis distance	0.380022115739034	phylum	d__Archaea;p__JAADDD01;c__JAADDD01;o__JAADDD01;f__JAADDD01;g__JAADDD01;s__JAADDD01 sp013154095	novel Archaea	novel phylum	SingleM
GCA_013154095.1_genomic	singlem	family	Bray-Curtis distance	0.340392156862745	phylum	d__Archaea;p__JAADDD01;c__JAADDD01;o__JAADDD01;f__JAADDD01;g__JAADDD01;s__JAADDD01 sp013154095	novel Archaea	novel phylum	SingleM
GCA_013154095.1_genomic	singlem	genus	Bray-Curtis distance	0.340392156862745	phylum	d__Archaea;p__JAADDD01;c__JAADDD01;o__JAADDD01;f__JAADDD01;g__JAADDD01;s__JAADDD01 sp013154095	novel Archaea	novel phylum	SingleM
GCA_013154095.1_genomic	singlem	species	Bray-Curtis distance	0.340392156862745	phylum	d__Archaea;p__JAADDD01;c__JAADDD01;o__JAADDD01;f__JAADDD01;g__JAADDD01;s__JAADDD01 sp013154095	novel Archaea	novel phylum	SingleM
GCA_013154095.1_genomic	singlem-regime3	kingdom	Bray-Curtis distance	0.0277301315037164	phylum	d__Archaea;p__JAADDD01;c__JAADDD01;o__JAADDD01;f__JAADDD01;g__JAADDD01;s__JAADDD01 sp013154095	novel Archaea	novel phylum	
GCA_013154095.1_genomic	singlem-regime3	phylum	Bray-Curtis distance	0.430737422467264	phylum	d__Archaea;p__JAADDD01;c__JAADDD01;o__JAADDD01;f__JAADDD01;g__JAADDD01;s__JAADDD01 sp013154095	novel Archaea	novel phylum	
GCA_013154095.1_genomic	singlem-regime3	class	Bray-Curtis distance	0.430737422467264	phylum	d__Archaea;p__JAADDD01;c__JAADDD01;o__JAADDD01;f__JAADDD01;g__JAADDD01;s__JAADDD01 sp013154095	novel Archaea	novel phylum	
GCA_013154095.1_genomic	singlem-regime3	order	Bray-Curtis distance	0.412308786908574	phylum	d__Archaea;p__JAADDD01;c__JAADDD01;o__JAADDD01;f__JAADDD01;g__JAADDD01;s__JAADDD01 sp013154095	novel Archaea	novel phylum	
GCA_013154095.1_genomic	singlem-regime3	family	Bray-Curtis distance	0.358446601941748	phylum	d__Archaea;p__JAADDD01;c__JAADDD01;o__JAADDD01;f__JAADDD01;g__JAADDD01;s__JAADDD01 sp013154095	novel Archaea	novel phylum	
GCA_013154095.1_genomic	singlem-regime3	genus	Bray-Curtis distance	0.358446601941748	phylum	d__Archaea;p__JAADDD01;c__JAADDD01;o__JAADDD01;f__JAADDD01;g__JAADDD01;s__JAADDD01 sp013154095	novel Archaea	novel phylum	
GCA_013154095.1_genomic	singlem-regime3	species	Bray-Curtis distance	0.358446601941748	phylum	d__Archaea;p__JAADDD01;c__JAADDD01;o__JAADDD01;f__JAADDD01;g__JAADDD01;s__JAADDD01 sp013154095	novel Archaea	novel phylum	
GCA_019347805.1_genomic	sylph	kingdom	Bray-Curtis distance	0.5	family	d__Archaea;p__Thermoplasmatota;c__E2;o__JACPAO01;f__JAHWKR01;g__JAHWKR01;s__JAHWKR01 sp019347805	novel Archaea	novel family	sylph
GCA_019347805.1_genomic	sylph	phylum	Bray-Curtis distance	0.5	family	d__Archaea;p__Thermoplasmatota;c__E2;o__JACPAO01;f__JAHWKR01;g__JAHWKR01;s__JAHWKR01 sp019347805	novel Archaea	novel family	sylph
GCA_019347805.1_genomic	sylph	class	Bray-Curtis distance	0.5	family	d__Archaea;p__Thermoplasmatota;c__E2;o__JACPAO01;f__JAHWKR01;g__JAHWKR01;s__JAHWKR01 sp019347805	novel Archaea	novel family	sylph
GCA_019347805.1_genomic	sylph	order	Bray-Curtis distance	0.5	family	d__Archaea;p__Thermoplasmatota;c__E2;o__JACPAO01;f__JAHWKR01;g__JAHWKR01;s__JAHWKR01 sp019347805	novel Archaea	novel family	sylph
GCA_019347805.1_genomic	sylph	family	Bray-Curtis distance	0.5	family	d__Archaea;p__Thermoplasmatota;c__E2;o__JACPAO01;f__JAHWKR01;g__JAHWKR01;s__JAHWKR01 sp019347805	novel Archaea	novel family	sylph
GCA_019347805.1_genomic	sylph	genus	Bray-Curtis distance	0.5	family	d__Archaea;p__Thermoplasmatota;c__E2;o__JACPAO01;f__JAHWKR01;g__JAHWKR01;s__JAHWKR01 sp019347805	novel Archaea	novel family	sylph
GCA_019347805.1_genomic	sylph	species	Bray-Curtis distance	0.5	family	d__Archaea;p__Thermoplasmatota;c__E2;o__JACPAO01;f__JAHWKR01;g__JAHWKR01;s__JAHWKR01 sp019347805	novel Archaea	novel family	sylph
GCA_019347805.1_genomic	metaphlan	kingdom	Bray-Curtis distance	0.5	family	d__Archaea;p__Thermoplasmatota;c__E2;o__JACPAO01;f__JAHWKR01;g__JAHWKR01;s__JAHWKR01 sp019347805	novel Archaea	novel family	MetaPhlAn
GCA_019347805.1_genomic	metaphlan	phylum	Bray-Curtis distance	0.5	family	d__Archaea;p__Thermoplasmatota;c__E2;o__JACPAO01;f__JAHWKR01;g__JAHWKR01;s__JAHWKR01 sp019347805	novel Archaea	novel family	MetaPhlAn
GCA_019347805.1_genomic	metaphlan	class	Bray-Curtis distance	0.5	family	d__Archaea;p__Thermoplasmatota;c__E2;o__JACPAO01;f__JAHWKR01;g__JAHWKR01;s__JAHWKR01 sp019347805	novel Archaea	novel family	MetaPhlAn
GCA_019347805.1_genomic	metaphlan	order	Bray-Curtis distance	0.5	family	d__Archaea;p__Thermoplasmatota;c__E2;o__JACPAO01;f__JAHWKR01;g__JAHWKR01;s__JAHWKR01 sp019347805	novel Archaea	novel family	MetaPhlAn
GCA_019347805.1_genomic	metaphlan	family	Bray-Curtis distance	0.5	family	d__Archaea;p__Thermoplasmatota;c__E2;o__JACPAO01;f__JAHWKR01;g__JAHWKR01;s__JAHWKR01 sp019347805	novel Archaea	novel family	MetaPhlAn
GCA_019347805.1_genomic	metaphlan	genus	Bray-Curtis distance	0.5	family	d__Archaea;p__Thermoplasmatota;c__E2;o__JACPAO01;f__JAHWKR01;g__JAHWKR01;s__JAHWKR01 sp019347805	novel Archaea	novel family	MetaPhlAn
GCA_019347805.1_genomic	metaphlan	species	Bray-Curtis distance	0.5	family	d__Archaea;p__Thermoplasmatota;c__E2;o__JACPAO01;f__JAHWKR01;g__JAHWKR01;s__JAHWKR01 sp019347805	novel Archaea	novel family	MetaPhlAn
GCA_019347805.1_genomic	singlem	kingdom	Bray-Curtis distance	0.0196729688298416	family	d__Archaea;p__Thermoplasmatota;c__E2;o__JACPAO01;f__JAHWKR01;g__JAHWKR01;s__JAHWKR01 sp019347805	novel Archaea	novel family	SingleM
GCA_019347805.1_genomic	singlem	phylum	Bray-Curtis distance	0.0500133014099494	family	d__Archaea;p__Thermoplasmatota;c__E2;o__JACPAO01;f__JAHWKR01;g__JAHWKR01;s__JAHWKR01 sp019347805	novel Archaea	novel family	SingleM
GCA_019347805.1_genomic	singlem	class	Bray-Curtis distance	0.186216596343179	family	d__Archaea;p__Thermoplasmatota;c__E2;o__JACPAO01;f__JAHWKR01;g__JAHWKR01;s__JAHWKR01 sp019347805	novel Archaea	novel family	SingleM
GCA_019347805.1_genomic	singlem	order	Bray-Curtis distance	0.269666269368296	family	d__Archaea;p__Thermoplasmatota;c__E2;o__JACPAO01;f__JAHWKR01;g__JAHWKR01;s__JAHWKR01 sp019347805	novel Archaea	novel family	SingleM
GCA_019347805.1_genomic	singlem	family	Bray-Curtis distance	0.368709677419355	family	d__Archaea;p__Thermoplasmatota;c__E2;o__JACPAO01;f__JAHWKR01;g__JAHWKR01;s__JAHWKR01 sp019347805	novel Archaea	novel family	SingleM
GCA_019347805.1_genomic	singlem	genus	Bray-Curtis distance	0.368709677419355	family	d__Archaea;p__Thermoplasmatota;c__E2;o__JACPAO01;f__JAHWKR01;g__JAHWKR01;s__JAHWKR01 sp019347805	novel Archaea	novel family	SingleM
GCA_019347805.1_genomic	singlem	species	Bray-Curtis distance	0.337059620596206	family	d__Archaea;p__Thermoplasmatota;c__E2;o__JACPAO01;f__JAHWKR01;g__JAHWKR01;s__JAHWKR01 sp019347805	novel Archaea	novel family	SingleM
GCA_019347805.1_genomic	singlem-regime3	kingdom	Bray-Curtis distance	0.0256410256410256	family	d__Archaea;p__Thermoplasmatota;c__E2;o__JACPAO01;f__JAHWKR01;g__JAHWKR01;s__JAHWKR01 sp019347805	novel Archaea	novel family	
GCA_019347805.1_genomic	singlem-regime3	phylum	Bray-Curtis distance	0.112276519666269	family	d__Archaea;p__Thermoplasmatota;c__E2;o__JACPAO01;f__JAHWKR01;g__JAHWKR01;s__JAHWKR01 sp019347805	novel Archaea	novel family	
GCA_019347805.1_genomic	singlem-regime3	class	Bray-Curtis distance	0.266972945380296	family	d__Archaea;p__Thermoplasmatota;c__E2;o__JACPAO01;f__JAHWKR01;g__JAHWKR01;s__JAHWKR01 sp019347805	novel Archaea	novel family	
GCA_019347805.1_genomic	singlem-regime3	order	Bray-Curtis distance	0.298895027624309	family	d__Archaea;p__Thermoplasmatota;c__E2;o__JACPAO01;f__JAHWKR01;g__JAHWKR01;s__JAHWKR01 sp019347805	novel Archaea	novel family	
GCA_019347805.1_genomic	singlem-regime3	family	Bray-Curtis distance	0.443194600674916	family	d__Archaea;p__Thermoplasmatota;c__E2;o__JACPAO01;f__JAHWKR01;g__JAHWKR01;s__JAHWKR01 sp019347805	novel Archaea	novel family	
GCA_019347805.1_genomic	singlem-regime3	genus	Bray-Curtis distance	0.426585577758471	family	d__Archaea;p__Thermoplasmatota;c__E2;o__JACPAO01;f__JAHWKR01;g__JAHWKR01;s__JAHWKR01 sp019347805	novel Archaea	novel family	
GCA_019347805.1_genomic	singlem-regime3	species	Bray-Curtis distance	0.376181474480151	family	d__Archaea;p__Thermoplasmatota;c__E2;o__JACPAO01;f__JAHWKR01;g__JAHWKR01;s__JAHWKR01 sp019347805	novel Archaea	novel family	
GCA_019422935.1_genomic	sylph	kingdom	Bray-Curtis distance	0.00138888888888886	species	d__Bacteria;p__Desulfobacterota;c__Desulfovibrionia;o__Desulfovibrionales;f__Desulfovibrionaceae;g__Desulfovibrio;s__Desulfovibrio sp019422935	novel Bacteria	novel species	sylph
GCA_019422935.1_genomic	sylph	phylum	Bray-Curtis distance	0.00138888888888886	species	d__Bacteria;p__Desulfobacterota;c__Desulfovibrionia;o__Desulfovibrionales;f__Desulfovibrionaceae;g__Desulfovibrio;s__Desulfovibrio sp019422935	novel Bacteria	novel species	sylph
GCA_019422935.1_genomic	sylph	class	Bray-Curtis distance	0.00138888888888886	species	d__Bacteria;p__Desulfobacterota;c__Desulfovibrionia;o__Desulfovibrionales;f__Desulfovibrionaceae;g__Desulfovibrio;s__Desulfovibrio sp019422935	novel Bacteria	novel species	sylph
GCA_019422935.1_genomic	sylph	order	Bray-Curtis distance	0.00138888888888886	species	d__Bacteria;p__Desulfobacterota;c__Desulfovibrionia;o__Desulfovibrionales;f__Desulfovibrionaceae;g__Desulfovibrio;s__Desulfovibrio sp019422935	novel Bacteria	novel species	sylph
GCA_019422935.1_genomic	sylph	family	Bray-Curtis distance	0.00138888888888886	species	d__Bacteria;p__Desulfobacterota;c__Desulfovibrionia;o__Desulfovibrionales;f__Desulfovibrionaceae;g__Desulfovibrio;s__Desulfovibrio sp019422935	novel Bacteria	novel species	sylph
GCA_019422935.1_genomic	sylph	genus	Bray-Curtis distance	0.00138888888888886	species	d__Bacteria;p__Desulfobacterota;c__Desulfovibrionia;o__Desulfovibrionales;f__Desulfovibrionaceae;g__Desulfovibrio;s__Desulfovibrio sp019422935	novel Bacteria	novel species	sylph
GCA_019422935.1_genomic	sylph	species	Bray-Curtis distance	0.5	species	d__Bacteria;p__Desulfobacterota;c__Desulfovibrionia;o__Desulfovibrionales;f__Desulfovibrionaceae;g__Desulfovibrio;s__Desulfovibrio sp019422935	novel Bacteria	novel species	sylph
GCA_019422935.1_genomic	metaphlan	kingdom	Bray-Curtis distance	0.1177058	species	d__Bacteria;p__Desulfobacterota;c__Desulfovibrionia;o__Desulfovibrionales;f__Desulfovibrionaceae;g__Desulfovibrio;s__Desulfovibrio sp019422935	novel Bacteria	novel species	MetaPhlAn
GCA_019422935.1_genomic	metaphlan	phylum	Bray-Curtis distance	0.1177058	species	d__Bacteria;p__Desulfobacterota;c__Desulfovibrionia;o__Desulfovibrionales;f__Desulfovibrionaceae;g__Desulfovibrio;s__Desulfovibrio sp019422935	novel Bacteria	novel species	MetaPhlAn
GCA_019422935.1_genomic	metaphlan	class	Bray-Curtis distance	0.1177058	species	d__Bacteria;p__Desulfobacterota;c__Desulfovibrionia;o__Desulfovibrionales;f__Desulfovibrionaceae;g__Desulfovibrio;s__Desulfovibrio sp019422935	novel Bacteria	novel species	MetaPhlAn
GCA_019422935.1_genomic	metaphlan	order	Bray-Curtis distance	0.1177058	species	d__Bacteria;p__Desulfobacterota;c__Desulfovibrionia;o__Desulfovibrionales;f__Desulfovibrionaceae;g__Desulfovibrio;s__Desulfovibrio sp019422935	novel Bacteria	novel species	MetaPhlAn
GCA_019422935.1_genomic	metaphlan	family	Bray-Curtis distance	0.1177058	species	d__Bacteria;p__Desulfobacterota;c__Desulfovibrionia;o__Desulfovibrionales;f__Desulfovibrionaceae;g__Desulfovibrio;s__Desulfovibrio sp019422935	novel Bacteria	novel species	MetaPhlAn
GCA_019422935.1_genomic	metaphlan	genus	Bray-Curtis distance	0.1177058	species	d__Bacteria;p__Desulfobacterota;c__Desulfovibrionia;o__Desulfovibrionales;f__Desulfovibrionaceae;g__Desulfovibrio;s__Desulfovibrio sp019422935	novel Bacteria	novel species	MetaPhlAn
GCA_019422935.1_genomic	metaphlan	species	Bray-Curtis distance	0.5	species	d__Bacteria;p__Desulfobacterota;c__Desulfovibrionia;o__Desulfovibrionales;f__Desulfovibrionaceae;g__Desulfovibrio;s__Desulfovibrio sp019422935	novel Bacteria	novel species	MetaPhlAn
GCA_019422935.1_genomic	singlem	kingdom	Bray-Curtis distance	0.0646827348745697	species	d__Bacteria;p__Desulfobacterota;c__Desulfovibrionia;o__Desulfovibrionales;f__Desulfovibrionaceae;g__Desulfovibrio;s__Desulfovibrio sp019422935	novel Bacteria	novel species	SingleM
GCA_019422935.1_genomic	singlem	phylum	Bray-Curtis distance	0.0553607214428858	species	d__Bacteria;p__Desulfobacterota;c__Desulfovibrionia;o__Desulfovibrionales;f__Desulfovibrionaceae;g__Desulfovibrio;s__Desulfovibrio sp019422935	novel Bacteria	novel species	SingleM
GCA_019422935.1_genomic	singlem	class	Bray-Curtis distance	0.0553607214428858	species	d__Bacteria;p__Desulfobacterota;c__Desulfovibrionia;o__Desulfovibrionales;f__Desulfovibrionaceae;g__Desulfovibrio;s__Desulfovibrio sp019422935	novel Bacteria	novel species	SingleM
GCA_019422935.1_genomic	singlem	order	Bray-Curtis distance	0.0553607214428858	species	d__Bacteria;p__Desulfobacterota;c__Desulfovibrionia;o__Desulfovibrionales;f__Desulfovibrionaceae;g__Desulfovibrio;s__Desulfovibrio sp019422935	novel Bacteria	novel species	SingleM
GCA_019422935.1_genomic	singlem	family	Bray-Curtis distance	0.0553607214428858	species	d__Bacteria;p__Desulfobacterota;c__Desulfovibrionia;o__Desulfovibrionales;f__Desulfovibrionaceae;g__Desulfovibrio;s__Desulfovibrio sp019422935	novel Bacteria	novel species	SingleM
GCA_019422935.1_genomic	singlem	genus	Bray-Curtis distance	0.0582768148706355	species	d__Bacteria;p__Desulfobacterota;c__Desulfovibrionia;o__Desulfovibrionales;f__Desulfovibrionaceae;g__Desulfovibrio;s__Desulfovibrio sp019422935	novel Bacteria	novel species	SingleM
GCA_019422935.1_genomic	singlem	species	Bray-Curtis distance	0.487263556116015	species	d__Bacteria;p__Desulfobacterota;c__Desulfovibrionia;o__Desulfovibrionales;f__Desulfovibrionaceae;g__Desulfovibrio;s__Desulfovibrio sp019422935	novel Bacteria	novel species	SingleM
GCA_019422935.1_genomic	singlem-regime3	kingdom	Bray-Curtis distance	0.0386485172581429	species	d__Bacteria;p__Desulfobacterota;c__Desulfovibrionia;o__Desulfovibrionales;f__Desulfovibrionaceae;g__Desulfovibrio;s__Desulfovibrio sp019422935	novel Bacteria	novel species	
GCA_019422935.1_genomic	singlem-regime3	phylum	Bray-Curtis distance	0.0386485172581429	species	d__Bacteria;p__Desulfobacterota;c__Desulfovibrionia;o__Desulfovibrionales;f__Desulfovibrionaceae;g__Desulfovibrio;s__Desulfovibrio sp019422935	novel Bacteria	novel species	
GCA_019422935.1_genomic	singlem-regime3	class	Bray-Curtis distance	0.0386485172581429	species	d__Bacteria;p__Desulfobacterota;c__Desulfovibrionia;o__Desulfovibrionales;f__Desulfovibrionaceae;g__Desulfovibrio;s__Desulfovibrio sp019422935	novel Bacteria	novel species	
GCA_019422935.1_genomic	singlem-regime3	order	Bray-Curtis distance	0.0386485172581429	species	d__Bacteria;p__Desulfobacterota;c__Desulfovibrionia;o__Desulfovibrionales;f__Desulfovibrionaceae;g__Desulfovibrio;s__Desulfovibrio sp019422935	novel Bacteria	novel species	
GCA_019422935.1_genomic	singlem-regime3	family	Bray-Curtis distance	0.0386485172581429	species	d__Bacteria;p__Desulfobacterota;c__Desulfovibrionia;o__Desulfovibrionales;f__Desulfovibrionaceae;g__Desulfovibrio;s__Desulfovibrio sp019422935	novel Bacteria	novel species	
GCA_019422935.1_genomic	singlem-regime3	genus	Bray-Curtis distance	0.0386485172581429	species	d__Bacteria;p__Desulfobacterota;c__Desulfovibrionia;o__Desulfovibrionales;f__Desulfovibrionaceae;g__Desulfovibrio;s__Desulfovibrio sp019422935	novel Bacteria	novel species	
GCA_019422935.1_genomic	singlem-regime3	species	Bray-Curtis distance	0.493349753694581	species	d__Bacteria;p__Desulfobacterota;c__Desulfovibrionia;o__Desulfovibrionales;f__Desulfovibrionaceae;g__Desulfovibrio;s__Desulfovibrio sp019422935	novel Bacteria	novel species	
GCA_019429305.1_genomic	sylph	kingdom	Bray-Curtis distance	0.5	family	d__Bacteria;p__Cloacimonadota;c__Cloacimonadia;o__Cloacimonadales;f__JAJBBL01;g__JAHYIR01;s__JAHYIR01 sp019429305	novel Bacteria	novel family	sylph
GCA_019429305.1_genomic	sylph	phylum	Bray-Curtis distance	0.5	family	d__Bacteria;p__Cloacimonadota;c__Cloacimonadia;o__Cloacimonadales;f__JAJBBL01;g__JAHYIR01;s__JAHYIR01 sp019429305	novel Bacteria	novel family	sylph
GCA_019429305.1_genomic	sylph	class	Bray-Curtis distance	0.5	family	d__Bacteria;p__Cloacimonadota;c__Cloacimonadia;o__Cloacimonadales;f__JAJBBL01;g__JAHYIR01;s__JAHYIR01 sp019429305	novel Bacteria	novel family	sylph
GCA_019429305.1_genomic	sylph	order	Bray-Curtis distance	0.5	family	d__Bacteria;p__Cloacimonadota;c__Cloacimonadia;o__Cloacimonadales;f__JAJBBL01;g__JAHYIR01;s__JAHYIR01 sp019429305	novel Bacteria	novel family	sylph
GCA_019429305.1_genomic	sylph	family	Bray-Curtis distance	0.5	family	d__Bacteria;p__Cloacimonadota;c__Cloacimonadia;o__Cloacimonadales;f__JAJBBL01;g__JAHYIR01;s__JAHYIR01 sp019429305	novel Bacteria	novel family	sylph
GCA_019429305.1_genomic	sylph	genus	Bray-Curtis distance	0.5	family	d__Bacteria;p__Cloacimonadota;c__Cloacimonadia;o__Cloacimonadales;f__JAJBBL01;g__JAHYIR01;s__JAHYIR01 sp019429305	novel Bacteria	novel family	sylph
GCA_019429305.1_genomic	sylph	species	Bray-Curtis distance	0.5	family	d__Bacteria;p__Cloacimonadota;c__Cloacimonadia;o__Cloacimonadales;f__JAJBBL01;g__JAHYIR01;s__JAHYIR01 sp019429305	novel Bacteria	novel family	sylph
GCA_019429305.1_genomic	metaphlan	kingdom	Bray-Curtis distance	0.5	family	d__Bacteria;p__Cloacimonadota;c__Cloacimonadia;o__Cloacimonadales;f__JAJBBL01;g__JAHYIR01;s__JAHYIR01 sp019429305	novel Bacteria	novel family	MetaPhlAn
GCA_019429305.1_genomic	metaphlan	phylum	Bray-Curtis distance	0.5	family	d__Bacteria;p__Cloacimonadota;c__Cloacimonadia;o__Cloacimonadales;f__JAJBBL01;g__JAHYIR01;s__JAHYIR01 sp019429305	novel Bacteria	novel family	MetaPhlAn
GCA_019429305.1_genomic	metaphlan	class	Bray-Curtis distance	0.5	family	d__Bacteria;p__Cloacimonadota;c__Cloacimonadia;o__Cloacimonadales;f__JAJBBL01;g__JAHYIR01;s__JAHYIR01 sp019429305	novel Bacteria	novel family	MetaPhlAn
GCA_019429305.1_genomic	metaphlan	order	Bray-Curtis distance	0.5	family	d__Bacteria;p__Cloacimonadota;c__Cloacimonadia;o__Cloacimonadales;f__JAJBBL01;g__JAHYIR01;s__JAHYIR01 sp019429305	novel Bacteria	novel family	MetaPhlAn
GCA_019429305.1_genomic	metaphlan	family	Bray-Curtis distance	0.5	family	d__Bacteria;p__Cloacimonadota;c__Cloacimonadia;o__Cloacimonadales;f__JAJBBL01;g__JAHYIR01;s__JAHYIR01 sp019429305	novel Bacteria	novel family	MetaPhlAn
GCA_019429305.1_genomic	metaphlan	genus	Bray-Curtis distance	0.5	family	d__Bacteria;p__Cloacimonadota;c__Cloacimonadia;o__Cloacimonadales;f__JAJBBL01;g__JAHYIR01;s__JAHYIR01 sp019429305	novel Bacteria	novel family	MetaPhlAn
GCA_019429305.1_genomic	metaphlan	species	Bray-Curtis distance	0.5	family	d__Bacteria;p__Cloacimonadota;c__Cloacimonadia;o__Cloacimonadales;f__JAJBBL01;g__JAHYIR01;s__JAHYIR01 sp019429305	novel Bacteria	novel family	MetaPhlAn
GCA_019429305.1_genomic	singlem	kingdom	Bray-Curtis distance	0.0025025025025025	family	d__Bacteria;p__Cloacimonadota;c__Cloacimonadia;o__Cloacimonadales;f__JAJBBL01;g__JAHYIR01;s__JAHYIR01 sp019429305	novel Bacteria	novel family	SingleM
GCA_019429305.1_genomic	singlem	phylum	Bray-Curtis distance	0.0288362512873326	family	d__Bacteria;p__Cloacimonadota;c__Cloacimonadia;o__Cloacimonadales;f__JAJBBL01;g__JAHYIR01;s__JAHYIR01 sp019429305	novel Bacteria	novel family	SingleM
GCA_019429305.1_genomic	singlem	class	Bray-Curtis distance	0.0301624129930394	family	d__Bacteria;p__Cloacimonadota;c__Cloacimonadia;o__Cloacimonadales;f__JAJBBL01;g__JAHYIR01;s__JAHYIR01 sp019429305	novel Bacteria	novel family	SingleM
GCA_019429305.1_genomic	singlem	order	Bray-Curtis distance	0.0301624129930394	family	d__Bacteria;p__Cloacimonadota;c__Cloacimonadia;o__Cloacimonadales;f__JAJBBL01;g__JAHYIR01;s__JAHYIR01 sp019429305	novel Bacteria	novel family	SingleM
GCA_019429305.1_genomic	singlem	family	Bray-Curtis distance	0.504567436861902	family	d__Bacteria;p__Cloacimonadota;c__Cloacimonadia;o__Cloacimonadales;f__JAJBBL01;g__JAHYIR01;s__JAHYIR01 sp019429305	novel Bacteria	novel family	SingleM
GCA_019429305.1_genomic	singlem	genus	Bray-Curtis distance	0.469657750934714	family	d__Bacteria;p__Cloacimonadota;c__Cloacimonadia;o__Cloacimonadales;f__JAJBBL01;g__JAHYIR01;s__JAHYIR01 sp019429305	novel Bacteria	novel family	SingleM
GCA_019429305.1_genomic	singlem	species	Bray-Curtis distance	0.368493150684931	family	d__Bacteria;p__Cloacimonadota;c__Cloacimonadia;o__Cloacimonadales;f__JAJBBL01;g__JAHYIR01;s__JAHYIR01 sp019429305	novel Bacteria	novel family	SingleM
GCA_019429305.1_genomic	singlem-regime3	kingdom	Bray-Curtis distance	0.0391264786169245	family	d__Bacteria;p__Cloacimonadota;c__Cloacimonadia;o__Cloacimonadales;f__JAJBBL01;g__JAHYIR01;s__JAHYIR01 sp019429305	novel Bacteria	novel family	
GCA_019429305.1_genomic	singlem-regime3	phylum	Bray-Curtis distance	0.0564768084595049	family	d__Bacteria;p__Cloacimonadota;c__Cloacimonadia;o__Cloacimonadales;f__JAJBBL01;g__JAHYIR01;s__JAHYIR01 sp019429305	novel Bacteria	novel family	
GCA_019429305.1_genomic	singlem-regime3	class	Bray-Curtis distance	0.0564768084595049	family	d__Bacteria;p__Cloacimonadota;c__Cloacimonadia;o__Cloacimonadales;f__JAJBBL01;g__JAHYIR01;s__JAHYIR01 sp019429305	novel Bacteria	novel family	
GCA_019429305.1_genomic	singlem-regime3	order	Bray-Curtis distance	0.0564768084595049	family	d__Bacteria;p__Cloacimonadota;c__Cloacimonadia;o__Cloacimonadales;f__JAJBBL01;g__JAHYIR01;s__JAHYIR01 sp019429305	novel Bacteria	novel family	
GCA_019429305.1_genomic	singlem-regime3	family	Bray-Curtis distance	0.542417688055756	family	d__Bacteria;p__Cloacimonadota;c__Cloacimonadia;o__Cloacimonadales;f__JAJBBL01;g__JAHYIR01;s__JAHYIR01 sp019429305	novel Bacteria	novel family	
GCA_019429305.1_genomic	singlem-regime3	genus	Bray-Curtis distance	0.492807671816729	family	d__Bacteria;p__Cloacimonadota;c__Cloacimonadia;o__Cloacimonadales;f__JAJBBL01;g__JAHYIR01;s__JAHYIR01 sp019429305	novel Bacteria	novel family	
GCA_019429305.1_genomic	singlem-regime3	species	Bray-Curtis distance	0.395555555555556	family	d__Bacteria;p__Cloacimonadota;c__Cloacimonadia;o__Cloacimonadales;f__JAJBBL01;g__JAHYIR01;s__JAHYIR01 sp019429305	novel Bacteria	novel family	
GCA_019459085.1_genomic	sylph	kingdom	Bray-Curtis distance	0.5	species	d__Bacteria;p__Bacteroidota;c__Bacteroidia;o__Flavobacteriales;f__Weeksellaceae;g__Kaistella;s__Kaistella sp019459085	novel Bacteria	novel species	sylph
GCA_019459085.1_genomic	sylph	phylum	Bray-Curtis distance	0.5	species	d__Bacteria;p__Bacteroidota;c__Bacteroidia;o__Flavobacteriales;f__Weeksellaceae;g__Kaistella;s__Kaistella sp019459085	novel Bacteria	novel species	sylph
GCA_019459085.1_genomic	sylph	class	Bray-Curtis distance	0.5	species	d__Bacteria;p__Bacteroidota;c__Bacteroidia;o__Flavobacteriales;f__Weeksellaceae;g__Kaistella;s__Kaistella sp019459085	novel Bacteria	novel species	sylph
GCA_019459085.1_genomic	sylph	order	Bray-Curtis distance	0.5	species	d__Bacteria;p__Bacteroidota;c__Bacteroidia;o__Flavobacteriales;f__Weeksellaceae;g__Kaistella;s__Kaistella sp019459085	novel Bacteria	novel species	sylph
GCA_019459085.1_genomic	sylph	family	Bray-Curtis distance	0.5	species	d__Bacteria;p__Bacteroidota;c__Bacteroidia;o__Flavobacteriales;f__Weeksellaceae;g__Kaistella;s__Kaistella sp019459085	novel Bacteria	novel species	sylph
GCA_019459085.1_genomic	sylph	genus	Bray-Curtis distance	0.5	species	d__Bacteria;p__Bacteroidota;c__Bacteroidia;o__Flavobacteriales;f__Weeksellaceae;g__Kaistella;s__Kaistella sp019459085	novel Bacteria	novel species	sylph
GCA_019459085.1_genomic	sylph	species	Bray-Curtis distance	0.5	species	d__Bacteria;p__Bacteroidota;c__Bacteroidia;o__Flavobacteriales;f__Weeksellaceae;g__Kaistella;s__Kaistella sp019459085	novel Bacteria	novel species	sylph
GCA_019459085.1_genomic	metaphlan	kingdom	Bray-Curtis distance	0.5	species	d__Bacteria;p__Bacteroidota;c__Bacteroidia;o__Flavobacteriales;f__Weeksellaceae;g__Kaistella;s__Kaistella sp019459085	novel Bacteria	novel species	MetaPhlAn
GCA_019459085.1_genomic	metaphlan	phylum	Bray-Curtis distance	0.5	species	d__Bacteria;p__Bacteroidota;c__Bacteroidia;o__Flavobacteriales;f__Weeksellaceae;g__Kaistella;s__Kaistella sp019459085	novel Bacteria	novel species	MetaPhlAn
GCA_019459085.1_genomic	metaphlan	class	Bray-Curtis distance	0.5	species	d__Bacteria;p__Bacteroidota;c__Bacteroidia;o__Flavobacteriales;f__Weeksellaceae;g__Kaistella;s__Kaistella sp019459085	novel Bacteria	novel species	MetaPhlAn
GCA_019459085.1_genomic	metaphlan	order	Bray-Curtis distance	0.5	species	d__Bacteria;p__Bacteroidota;c__Bacteroidia;o__Flavobacteriales;f__Weeksellaceae;g__Kaistella;s__Kaistella sp019459085	novel Bacteria	novel species	MetaPhlAn
GCA_019459085.1_genomic	metaphlan	family	Bray-Curtis distance	0.5	species	d__Bacteria;p__Bacteroidota;c__Bacteroidia;o__Flavobacteriales;f__Weeksellaceae;g__Kaistella;s__Kaistella sp019459085	novel Bacteria	novel species	MetaPhlAn
GCA_019459085.1_genomic	metaphlan	genus	Bray-Curtis distance	0.5	species	d__Bacteria;p__Bacteroidota;c__Bacteroidia;o__Flavobacteriales;f__Weeksellaceae;g__Kaistella;s__Kaistella sp019459085	novel Bacteria	novel species	MetaPhlAn
GCA_019459085.1_genomic	metaphlan	species	Bray-Curtis distance	1	species	d__Bacteria;p__Bacteroidota;c__Bacteroidia;o__Flavobacteriales;f__Weeksellaceae;g__Kaistella;s__Kaistella sp019459085	novel Bacteria	novel species	MetaPhlAn
GCA_019459085.1_genomic	singlem	kingdom	Bray-Curtis distance	0.00701852891633912	species	d__Bacteria;p__Bacteroidota;c__Bacteroidia;o__Flavobacteriales;f__Weeksellaceae;g__Kaistella;s__Kaistella sp019459085	novel Bacteria	novel species	SingleM
GCA_019459085.1_genomic	singlem	phylum	Bray-Curtis distance	0.00730131985397357	species	d__Bacteria;p__Bacteroidota;c__Bacteroidia;o__Flavobacteriales;f__Weeksellaceae;g__Kaistella;s__Kaistella sp019459085	novel Bacteria	novel species	SingleM
GCA_019459085.1_genomic	singlem	class	Bray-Curtis distance	0.00730131985397357	species	d__Bacteria;p__Bacteroidota;c__Bacteroidia;o__Flavobacteriales;f__Weeksellaceae;g__Kaistella;s__Kaistella sp019459085	novel Bacteria	novel species	SingleM
GCA_019459085.1_genomic	singlem	order	Bray-Curtis distance	0.00730131985397357	species	d__Bacteria;p__Bacteroidota;c__Bacteroidia;o__Flavobacteriales;f__Weeksellaceae;g__Kaistella;s__Kaistella sp019459085	novel Bacteria	novel species	SingleM
GCA_019459085.1_genomic	singlem	family	Bray-Curtis distance	0.0101379892987891	species	d__Bacteria;p__Bacteroidota;c__Bacteroidia;o__Flavobacteriales;f__Weeksellaceae;g__Kaistella;s__Kaistella sp019459085	novel Bacteria	novel species	SingleM
GCA_019459085.1_genomic	singlem	genus	Bray-Curtis distance	0.0159726183685111	species	d__Bacteria;p__Bacteroidota;c__Bacteroidia;o__Flavobacteriales;f__Weeksellaceae;g__Kaistella;s__Kaistella sp019459085	novel Bacteria	novel species	SingleM
GCA_019459085.1_genomic	singlem	species	Bray-Curtis distance	0.442264393695722	species	d__Bacteria;p__Bacteroidota;c__Bacteroidia;o__Flavobacteriales;f__Weeksellaceae;g__Kaistella;s__Kaistella sp019459085	novel Bacteria	novel species	SingleM
GCA_019459085.1_genomic	singlem-regime3	kingdom	Bray-Curtis distance	0.12597911227154	species	d__Bacteria;p__Bacteroidota;c__Bacteroidia;o__Flavobacteriales;f__Weeksellaceae;g__Kaistella;s__Kaistella sp019459085	novel Bacteria	novel species	
GCA_019459085.1_genomic	singlem-regime3	phylum	Bray-Curtis distance	0.12597911227154	species	d__Bacteria;p__Bacteroidota;c__Bacteroidia;o__Flavobacteriales;f__Weeksellaceae;g__Kaistella;s__Kaistella sp019459085	novel Bacteria	novel species	
GCA_019459085.1_genomic	singlem-regime3	class	Bray-Curtis distance	0.12597911227154	species	d__Bacteria;p__Bacteroidota;c__Bacteroidia;o__Flavobacteriales;f__Weeksellaceae;g__Kaistella;s__Kaistella sp019459085	novel Bacteria	novel species	
GCA_019459085.1_genomic	singlem-regime3	order	Bray-Curtis distance	0.12597911227154	species	d__Bacteria;p__Bacteroidota;c__Bacteroidia;o__Flavobacteriales;f__Weeksellaceae;g__Kaistella;s__Kaistella sp019459085	novel Bacteria	novel species	
GCA_019459085.1_genomic	singlem-regime3	family	Bray-Curtis distance	0.12597911227154	species	d__Bacteria;p__Bacteroidota;c__Bacteroidia;o__Flavobacteriales;f__Weeksellaceae;g__Kaistella;s__Kaistella sp019459085	novel Bacteria	novel species	
GCA_019459085.1_genomic	singlem-regime3	genus	Bray-Curtis distance	0.12597911227154	species	d__Bacteria;p__Bacteroidota;c__Bacteroidia;o__Flavobacteriales;f__Weeksellaceae;g__Kaistella;s__Kaistella sp019459085	novel Bacteria	novel species	
GCA_019459085.1_genomic	singlem-regime3	species	Bray-Curtis distance	0.40504854368932	species	d__Bacteria;p__Bacteroidota;c__Bacteroidia;o__Flavobacteriales;f__Weeksellaceae;g__Kaistella;s__Kaistella sp019459085	novel Bacteria	novel species	
GCA_019694135.1_genomic	sylph	kingdom	Bray-Curtis distance	0.5	order	d__Bacteria;p__Verrucomicrobiota;c__Verrucomicrobiae;o__JADLBR01;f__JAIBCM01;g__JAIBCM01;s__JAIBCM01 sp019694135	novel Bacteria	novel order	sylph
GCA_019694135.1_genomic	sylph	phylum	Bray-Curtis distance	0.5	order	d__Bacteria;p__Verrucomicrobiota;c__Verrucomicrobiae;o__JADLBR01;f__JAIBCM01;g__JAIBCM01;s__JAIBCM01 sp019694135	novel Bacteria	novel order	sylph
GCA_019694135.1_genomic	sylph	class	Bray-Curtis distance	0.5	order	d__Bacteria;p__Verrucomicrobiota;c__Verrucomicrobiae;o__JADLBR01;f__JAIBCM01;g__JAIBCM01;s__JAIBCM01 sp019694135	novel Bacteria	novel order	sylph
GCA_019694135.1_genomic	sylph	order	Bray-Curtis distance	0.5	order	d__Bacteria;p__Verrucomicrobiota;c__Verrucomicrobiae;o__JADLBR01;f__JAIBCM01;g__JAIBCM01;s__JAIBCM01 sp019694135	novel Bacteria	novel order	sylph
GCA_019694135.1_genomic	sylph	family	Bray-Curtis distance	0.5	order	d__Bacteria;p__Verrucomicrobiota;c__Verrucomicrobiae;o__JADLBR01;f__JAIBCM01;g__JAIBCM01;s__JAIBCM01 sp019694135	novel Bacteria	novel order	sylph
GCA_019694135.1_genomic	sylph	genus	Bray-Curtis distance	0.5	order	d__Bacteria;p__Verrucomicrobiota;c__Verrucomicrobiae;o__JADLBR01;f__JAIBCM01;g__JAIBCM01;s__JAIBCM01 sp019694135	novel Bacteria	novel order	sylph
GCA_019694135.1_genomic	sylph	species	Bray-Curtis distance	0.5	order	d__Bacteria;p__Verrucomicrobiota;c__Verrucomicrobiae;o__JADLBR01;f__JAIBCM01;g__JAIBCM01;s__JAIBCM01 sp019694135	novel Bacteria	novel order	sylph
GCA_019694135.1_genomic	metaphlan	kingdom	Bray-Curtis distance	0.5	order	d__Bacteria;p__Verrucomicrobiota;c__Verrucomicrobiae;o__JADLBR01;f__JAIBCM01;g__JAIBCM01;s__JAIBCM01 sp019694135	novel Bacteria	novel order	MetaPhlAn
GCA_019694135.1_genomic	metaphlan	phylum	Bray-Curtis distance	0.5	order	d__Bacteria;p__Verrucomicrobiota;c__Verrucomicrobiae;o__JADLBR01;f__JAIBCM01;g__JAIBCM01;s__JAIBCM01 sp019694135	novel Bacteria	novel order	MetaPhlAn
GCA_019694135.1_genomic	metaphlan	class	Bray-Curtis distance	0.5	order	d__Bacteria;p__Verrucomicrobiota;c__Verrucomicrobiae;o__JADLBR01;f__JAIBCM01;g__JAIBCM01;s__JAIBCM01 sp019694135	novel Bacteria	novel order	MetaPhlAn
GCA_019694135.1_genomic	metaphlan	order	Bray-Curtis distance	0.5	order	d__Bacteria;p__Verrucomicrobiota;c__Verrucomicrobiae;o__JADLBR01;f__JAIBCM01;g__JAIBCM01;s__JAIBCM01 sp019694135	novel Bacteria	novel order	MetaPhlAn
GCA_019694135.1_genomic	metaphlan	family	Bray-Curtis distance	0.5	order	d__Bacteria;p__Verrucomicrobiota;c__Verrucomicrobiae;o__JADLBR01;f__JAIBCM01;g__JAIBCM01;s__JAIBCM01 sp019694135	novel Bacteria	novel order	MetaPhlAn
GCA_019694135.1_genomic	metaphlan	genus	Bray-Curtis distance	0.5	order	d__Bacteria;p__Verrucomicrobiota;c__Verrucomicrobiae;o__JADLBR01;f__JAIBCM01;g__JAIBCM01;s__JAIBCM01 sp019694135	novel Bacteria	novel order	MetaPhlAn
GCA_019694135.1_genomic	metaphlan	species	Bray-Curtis distance	1	order	d__Bacteria;p__Verrucomicrobiota;c__Verrucomicrobiae;o__JADLBR01;f__JAIBCM01;g__JAIBCM01;s__JAIBCM01 sp019694135	novel Bacteria	novel order	MetaPhlAn
GCA_019694135.1_genomic	singlem	kingdom	Bray-Curtis distance	0.0385018334206391	order	d__Bacteria;p__Verrucomicrobiota;c__Verrucomicrobiae;o__JADLBR01;f__JAIBCM01;g__JAIBCM01;s__JAIBCM01 sp019694135	novel Bacteria	novel order	SingleM
GCA_019694135.1_genomic	singlem	phylum	Bray-Curtis distance	0.0565264882577826	order	d__Bacteria;p__Verrucomicrobiota;c__Verrucomicrobiae;o__JADLBR01;f__JAIBCM01;g__JAIBCM01;s__JAIBCM01 sp019694135	novel Bacteria	novel order	SingleM
GCA_019694135.1_genomic	singlem	class	Bray-Curtis distance	0.0732316227461858	order	d__Bacteria;p__Verrucomicrobiota;c__Verrucomicrobiae;o__JADLBR01;f__JAIBCM01;g__JAIBCM01;s__JAIBCM01 sp019694135	novel Bacteria	novel order	SingleM
GCA_019694135.1_genomic	singlem	order	Bray-Curtis distance	0.437371058060713	order	d__Bacteria;p__Verrucomicrobiota;c__Verrucomicrobiae;o__JADLBR01;f__JAIBCM01;g__JAIBCM01;s__JAIBCM01 sp019694135	novel Bacteria	novel order	SingleM
GCA_019694135.1_genomic	singlem	family	Bray-Curtis distance	0.389705882352941	order	d__Bacteria;p__Verrucomicrobiota;c__Verrucomicrobiae;o__JADLBR01;f__JAIBCM01;g__JAIBCM01;s__JAIBCM01 sp019694135	novel Bacteria	novel order	SingleM
GCA_019694135.1_genomic	singlem	genus	Bray-Curtis distance	0.354194857916103	order	d__Bacteria;p__Verrucomicrobiota;c__Verrucomicrobiae;o__JADLBR01;f__JAIBCM01;g__JAIBCM01;s__JAIBCM01 sp019694135	novel Bacteria	novel order	SingleM
GCA_019694135.1_genomic	singlem	species	Bray-Curtis distance	0.339217722395293	order	d__Bacteria;p__Verrucomicrobiota;c__Verrucomicrobiae;o__JADLBR01;f__JAIBCM01;g__JAIBCM01;s__JAIBCM01 sp019694135	novel Bacteria	novel order	SingleM
GCA_019694135.1_genomic	singlem-regime3	kingdom	Bray-Curtis distance	0.0191409897292251	order	d__Bacteria;p__Verrucomicrobiota;c__Verrucomicrobiae;o__JADLBR01;f__JAIBCM01;g__JAIBCM01;s__JAIBCM01 sp019694135	novel Bacteria	novel order	
GCA_019694135.1_genomic	singlem-regime3	phylum	Bray-Curtis distance	0.0606585788561525	order	d__Bacteria;p__Verrucomicrobiota;c__Verrucomicrobiae;o__JADLBR01;f__JAIBCM01;g__JAIBCM01;s__JAIBCM01 sp019694135	novel Bacteria	novel order	
GCA_019694135.1_genomic	singlem-regime3	class	Bray-Curtis distance	0.0606585788561525	order	d__Bacteria;p__Verrucomicrobiota;c__Verrucomicrobiae;o__JADLBR01;f__JAIBCM01;g__JAIBCM01;s__JAIBCM01 sp019694135	novel Bacteria	novel order	
GCA_019694135.1_genomic	singlem-regime3	order	Bray-Curtis distance	0.472200871124776	order	d__Bacteria;p__Verrucomicrobiota;c__Verrucomicrobiae;o__JADLBR01;f__JAIBCM01;g__JAIBCM01;s__JAIBCM01 sp019694135	novel Bacteria	novel order	
GCA_019694135.1_genomic	singlem-regime3	family	Bray-Curtis distance	0.407535231521427	order	d__Bacteria;p__Verrucomicrobiota;c__Verrucomicrobiae;o__JADLBR01;f__JAIBCM01;g__JAIBCM01;s__JAIBCM01 sp019694135	novel Bacteria	novel order	
GCA_019694135.1_genomic	singlem-regime3	genus	Bray-Curtis distance	0.382494004796163	order	d__Bacteria;p__Verrucomicrobiota;c__Verrucomicrobiae;o__JADLBR01;f__JAIBCM01;g__JAIBCM01;s__JAIBCM01 sp019694135	novel Bacteria	novel order	
GCA_019694135.1_genomic	singlem-regime3	species	Bray-Curtis distance	0.376606683804627	order	d__Bacteria;p__Verrucomicrobiota;c__Verrucomicrobiae;o__JADLBR01;f__JAIBCM01;g__JAIBCM01;s__JAIBCM01 sp019694135	novel Bacteria	novel order	
GCA_019720975.1_genomic	sylph	kingdom	Bray-Curtis distance	0.5	order	d__Archaea;p__Thermoplasmatota;c__Thermoplasmata;o__Sysuiplasmatales;f__Sysuiplasmataceae;g__Sysuiplasma;s__Sysuiplasma superficiale	novel Archaea	novel order	sylph
GCA_019720975.1_genomic	sylph	phylum	Bray-Curtis distance	0.5	order	d__Archaea;p__Thermoplasmatota;c__Thermoplasmata;o__Sysuiplasmatales;f__Sysuiplasmataceae;g__Sysuiplasma;s__Sysuiplasma superficiale	novel Archaea	novel order	sylph
GCA_019720975.1_genomic	sylph	class	Bray-Curtis distance	0.5	order	d__Archaea;p__Thermoplasmatota;c__Thermoplasmata;o__Sysuiplasmatales;f__Sysuiplasmataceae;g__Sysuiplasma;s__Sysuiplasma superficiale	novel Archaea	novel order	sylph
GCA_019720975.1_genomic	sylph	order	Bray-Curtis distance	0.5	order	d__Archaea;p__Thermoplasmatota;c__Thermoplasmata;o__Sysuiplasmatales;f__Sysuiplasmataceae;g__Sysuiplasma;s__Sysuiplasma superficiale	novel Archaea	novel order	sylph
GCA_019720975.1_genomic	sylph	family	Bray-Curtis distance	0.5	order	d__Archaea;p__Thermoplasmatota;c__Thermoplasmata;o__Sysuiplasmatales;f__Sysuiplasmataceae;g__Sysuiplasma;s__Sysuiplasma superficiale	novel Archaea	novel order	sylph
GCA_019720975.1_genomic	sylph	genus	Bray-Curtis distance	0.5	order	d__Archaea;p__Thermoplasmatota;c__Thermoplasmata;o__Sysuiplasmatales;f__Sysuiplasmataceae;g__Sysuiplasma;s__Sysuiplasma superficiale	novel Archaea	novel order	sylph
GCA_019720975.1_genomic	sylph	species	Bray-Curtis distance	0.5	order	d__Archaea;p__Thermoplasmatota;c__Thermoplasmata;o__Sysuiplasmatales;f__Sysuiplasmataceae;g__Sysuiplasma;s__Sysuiplasma superficiale	novel Archaea	novel order	sylph
GCA_019720975.1_genomic	metaphlan	kingdom	Bray-Curtis distance	0.5	order	d__Archaea;p__Thermoplasmatota;c__Thermoplasmata;o__Sysuiplasmatales;f__Sysuiplasmataceae;g__Sysuiplasma;s__Sysuiplasma superficiale	novel Archaea	novel order	MetaPhlAn
GCA_019720975.1_genomic	metaphlan	phylum	Bray-Curtis distance	0.5	order	d__Archaea;p__Thermoplasmatota;c__Thermoplasmata;o__Sysuiplasmatales;f__Sysuiplasmataceae;g__Sysuiplasma;s__Sysuiplasma superficiale	novel Archaea	novel order	MetaPhlAn
GCA_019720975.1_genomic	metaphlan	class	Bray-Curtis distance	0.5	order	d__Archaea;p__Thermoplasmatota;c__Thermoplasmata;o__Sysuiplasmatales;f__Sysuiplasmataceae;g__Sysuiplasma;s__Sysuiplasma superficiale	novel Archaea	novel order	MetaPhlAn
GCA_019720975.1_genomic	metaphlan	order	Bray-Curtis distance	0.5	order	d__Archaea;p__Thermoplasmatota;c__Thermoplasmata;o__Sysuiplasmatales;f__Sysuiplasmataceae;g__Sysuiplasma;s__Sysuiplasma superficiale	novel Archaea	novel order	MetaPhlAn
GCA_019720975.1_genomic	metaphlan	family	Bray-Curtis distance	0.5	order	d__Archaea;p__Thermoplasmatota;c__Thermoplasmata;o__Sysuiplasmatales;f__Sysuiplasmataceae;g__Sysuiplasma;s__Sysuiplasma superficiale	novel Archaea	novel order	MetaPhlAn
GCA_019720975.1_genomic	metaphlan	genus	Bray-Curtis distance	0.5	order	d__Archaea;p__Thermoplasmatota;c__Thermoplasmata;o__Sysuiplasmatales;f__Sysuiplasmataceae;g__Sysuiplasma;s__Sysuiplasma superficiale	novel Archaea	novel order	MetaPhlAn
GCA_019720975.1_genomic	metaphlan	species	Bray-Curtis distance	1	order	d__Archaea;p__Thermoplasmatota;c__Thermoplasmata;o__Sysuiplasmatales;f__Sysuiplasmataceae;g__Sysuiplasma;s__Sysuiplasma superficiale	novel Archaea	novel order	MetaPhlAn
GCA_019720975.1_genomic	singlem	kingdom	Bray-Curtis distance	0.024236037934668	order	d__Archaea;p__Thermoplasmatota;c__Thermoplasmata;o__Sysuiplasmatales;f__Sysuiplasmataceae;g__Sysuiplasma;s__Sysuiplasma superficiale	novel Archaea	novel order	SingleM
GCA_019720975.1_genomic	singlem	phylum	Bray-Curtis distance	0.0524029323920717	order	d__Archaea;p__Thermoplasmatota;c__Thermoplasmata;o__Sysuiplasmatales;f__Sysuiplasmataceae;g__Sysuiplasma;s__Sysuiplasma superficiale	novel Archaea	novel order	SingleM
GCA_019720975.1_genomic	singlem	class	Bray-Curtis distance	0.0595954073264079	order	d__Archaea;p__Thermoplasmatota;c__Thermoplasmata;o__Sysuiplasmatales;f__Sysuiplasmataceae;g__Sysuiplasma;s__Sysuiplasma superficiale	novel Archaea	novel order	SingleM
GCA_019720975.1_genomic	singlem	order	Bray-Curtis distance	0.245327795906259	order	d__Archaea;p__Thermoplasmatota;c__Thermoplasmata;o__Sysuiplasmatales;f__Sysuiplasmataceae;g__Sysuiplasma;s__Sysuiplasma superficiale	novel Archaea	novel order	SingleM
GCA_019720975.1_genomic	singlem	family	Bray-Curtis distance	0.393416426973474	order	d__Archaea;p__Thermoplasmatota;c__Thermoplasmata;o__Sysuiplasmatales;f__Sysuiplasmataceae;g__Sysuiplasma;s__Sysuiplasma superficiale	novel Archaea	novel order	SingleM
GCA_019720975.1_genomic	singlem	genus	Bray-Curtis distance	0.350889192886457	order	d__Archaea;p__Thermoplasmatota;c__Thermoplasmata;o__Sysuiplasmatales;f__Sysuiplasmataceae;g__Sysuiplasma;s__Sysuiplasma superficiale	novel Archaea	novel order	SingleM
GCA_019720975.1_genomic	singlem	species	Bray-Curtis distance	0.342570142015934	order	d__Archaea;p__Thermoplasmatota;c__Thermoplasmata;o__Sysuiplasmatales;f__Sysuiplasmataceae;g__Sysuiplasma;s__Sysuiplasma superficiale	novel Archaea	novel order	SingleM
GCA_019720975.1_genomic	singlem-regime3	kingdom	Bray-Curtis distance	0.0321011673151751	order	d__Archaea;p__Thermoplasmatota;c__Thermoplasmata;o__Sysuiplasmatales;f__Sysuiplasmataceae;g__Sysuiplasma;s__Sysuiplasma superficiale	novel Archaea	novel order	
GCA_019720975.1_genomic	singlem-regime3	phylum	Bray-Curtis distance	0.0608875128998968	order	d__Archaea;p__Thermoplasmatota;c__Thermoplasmata;o__Sysuiplasmatales;f__Sysuiplasmataceae;g__Sysuiplasma;s__Sysuiplasma superficiale	novel Archaea	novel order	
GCA_019720975.1_genomic	singlem-regime3	class	Bray-Curtis distance	0.0608875128998968	order	d__Archaea;p__Thermoplasmatota;c__Thermoplasmata;o__Sysuiplasmatales;f__Sysuiplasmataceae;g__Sysuiplasma;s__Sysuiplasma superficiale	novel Archaea	novel order	
GCA_019720975.1_genomic	singlem-regime3	order	Bray-Curtis distance	0.225453498416355	order	d__Archaea;p__Thermoplasmatota;c__Thermoplasmata;o__Sysuiplasmatales;f__Sysuiplasmataceae;g__Sysuiplasma;s__Sysuiplasma superficiale	novel Archaea	novel order	
GCA_019720975.1_genomic	singlem-regime3	family	Bray-Curtis distance	0.399125546533417	order	d__Archaea;p__Thermoplasmatota;c__Thermoplasmata;o__Sysuiplasmatales;f__Sysuiplasmataceae;g__Sysuiplasma;s__Sysuiplasma superficiale	novel Archaea	novel order	
GCA_019720975.1_genomic	singlem-regime3	genus	Bray-Curtis distance	0.399125546533417	order	d__Archaea;p__Thermoplasmatota;c__Thermoplasmata;o__Sysuiplasmatales;f__Sysuiplasmataceae;g__Sysuiplasma;s__Sysuiplasma superficiale	novel Archaea	novel order	
GCA_019720975.1_genomic	singlem-regime3	species	Bray-Curtis distance	0.426786953504511	order	d__Archaea;p__Thermoplasmatota;c__Thermoplasmata;o__Sysuiplasmatales;f__Sysuiplasmataceae;g__Sysuiplasma;s__Sysuiplasma superficiale	novel Archaea	novel order	
GCA_019721035.1_genomic	sylph	kingdom	Bray-Curtis distance	0.5	order	d__Archaea;p__Thermoplasmatota;c__Thermoplasmata;o__Sysuiplasmatales;f__Sysuiplasmataceae;g__Sysuiplasma;s__Sysuiplasma acidicola	novel Archaea	novel order	sylph
GCA_019721035.1_genomic	sylph	phylum	Bray-Curtis distance	0.5	order	d__Archaea;p__Thermoplasmatota;c__Thermoplasmata;o__Sysuiplasmatales;f__Sysuiplasmataceae;g__Sysuiplasma;s__Sysuiplasma acidicola	novel Archaea	novel order	sylph
GCA_019721035.1_genomic	sylph	class	Bray-Curtis distance	0.5	order	d__Archaea;p__Thermoplasmatota;c__Thermoplasmata;o__Sysuiplasmatales;f__Sysuiplasmataceae;g__Sysuiplasma;s__Sysuiplasma acidicola	novel Archaea	novel order	sylph
GCA_019721035.1_genomic	sylph	order	Bray-Curtis distance	0.5	order	d__Archaea;p__Thermoplasmatota;c__Thermoplasmata;o__Sysuiplasmatales;f__Sysuiplasmataceae;g__Sysuiplasma;s__Sysuiplasma acidicola	novel Archaea	novel order	sylph
GCA_019721035.1_genomic	sylph	family	Bray-Curtis distance	0.5	order	d__Archaea;p__Thermoplasmatota;c__Thermoplasmata;o__Sysuiplasmatales;f__Sysuiplasmataceae;g__Sysuiplasma;s__Sysuiplasma acidicola	novel Archaea	novel order	sylph
GCA_019721035.1_genomic	sylph	genus	Bray-Curtis distance	0.5	order	d__Archaea;p__Thermoplasmatota;c__Thermoplasmata;o__Sysuiplasmatales;f__Sysuiplasmataceae;g__Sysuiplasma;s__Sysuiplasma acidicola	novel Archaea	novel order	sylph
GCA_019721035.1_genomic	sylph	species	Bray-Curtis distance	0.5	order	d__Archaea;p__Thermoplasmatota;c__Thermoplasmata;o__Sysuiplasmatales;f__Sysuiplasmataceae;g__Sysuiplasma;s__Sysuiplasma acidicola	novel Archaea	novel order	sylph
GCA_019721035.1_genomic	metaphlan	kingdom	Bray-Curtis distance	0.5	order	d__Archaea;p__Thermoplasmatota;c__Thermoplasmata;o__Sysuiplasmatales;f__Sysuiplasmataceae;g__Sysuiplasma;s__Sysuiplasma acidicola	novel Archaea	novel order	MetaPhlAn
GCA_019721035.1_genomic	metaphlan	phylum	Bray-Curtis distance	0.5	order	d__Archaea;p__Thermoplasmatota;c__Thermoplasmata;o__Sysuiplasmatales;f__Sysuiplasmataceae;g__Sysuiplasma;s__Sysuiplasma acidicola	novel Archaea	novel order	MetaPhlAn
GCA_019721035.1_genomic	metaphlan	class	Bray-Curtis distance	0.5	order	d__Archaea;p__Thermoplasmatota;c__Thermoplasmata;o__Sysuiplasmatales;f__Sysuiplasmataceae;g__Sysuiplasma;s__Sysuiplasma acidicola	novel Archaea	novel order	MetaPhlAn
GCA_019721035.1_genomic	metaphlan	order	Bray-Curtis distance	0.5	order	d__Archaea;p__Thermoplasmatota;c__Thermoplasmata;o__Sysuiplasmatales;f__Sysuiplasmataceae;g__Sysuiplasma;s__Sysuiplasma acidicola	novel Archaea	novel order	MetaPhlAn
GCA_019721035.1_genomic	metaphlan	family	Bray-Curtis distance	0.5	order	d__Archaea;p__Thermoplasmatota;c__Thermoplasmata;o__Sysuiplasmatales;f__Sysuiplasmataceae;g__Sysuiplasma;s__Sysuiplasma acidicola	novel Archaea	novel order	MetaPhlAn
GCA_019721035.1_genomic	metaphlan	genus	Bray-Curtis distance	0.5	order	d__Archaea;p__Thermoplasmatota;c__Thermoplasmata;o__Sysuiplasmatales;f__Sysuiplasmataceae;g__Sysuiplasma;s__Sysuiplasma acidicola	novel Archaea	novel order	MetaPhlAn
GCA_019721035.1_genomic	metaphlan	species	Bray-Curtis distance	0.5	order	d__Archaea;p__Thermoplasmatota;c__Thermoplasmata;o__Sysuiplasmatales;f__Sysuiplasmataceae;g__Sysuiplasma;s__Sysuiplasma acidicola	novel Archaea	novel order	MetaPhlAn
GCA_019721035.1_genomic	singlem	kingdom	Bray-Curtis distance	0.0187304890738814	order	d__Archaea;p__Thermoplasmatota;c__Thermoplasmata;o__Sysuiplasmatales;f__Sysuiplasmataceae;g__Sysuiplasma;s__Sysuiplasma acidicola	novel Archaea	novel order	SingleM
GCA_019721035.1_genomic	singlem	phylum	Bray-Curtis distance	0.0528622295261572	order	d__Archaea;p__Thermoplasmatota;c__Thermoplasmata;o__Sysuiplasmatales;f__Sysuiplasmataceae;g__Sysuiplasma;s__Sysuiplasma acidicola	novel Archaea	novel order	SingleM
GCA_019721035.1_genomic	singlem	class	Bray-Curtis distance	0.0566245189664651	order	d__Archaea;p__Thermoplasmatota;c__Thermoplasmata;o__Sysuiplasmatales;f__Sysuiplasmataceae;g__Sysuiplasma;s__Sysuiplasma acidicola	novel Archaea	novel order	SingleM
GCA_019721035.1_genomic	singlem	order	Bray-Curtis distance	0.315805379268661	order	d__Archaea;p__Thermoplasmatota;c__Thermoplasmata;o__Sysuiplasmatales;f__Sysuiplasmataceae;g__Sysuiplasma;s__Sysuiplasma acidicola	novel Archaea	novel order	SingleM
GCA_019721035.1_genomic	singlem	family	Bray-Curtis distance	0.371799248890406	order	d__Archaea;p__Thermoplasmatota;c__Thermoplasmata;o__Sysuiplasmatales;f__Sysuiplasmataceae;g__Sysuiplasma;s__Sysuiplasma acidicola	novel Archaea	novel order	SingleM
GCA_019721035.1_genomic	singlem	genus	Bray-Curtis distance	0.362218370883882	order	d__Archaea;p__Thermoplasmatota;c__Thermoplasmata;o__Sysuiplasmatales;f__Sysuiplasmataceae;g__Sysuiplasma;s__Sysuiplasma acidicola	novel Archaea	novel order	SingleM
GCA_019721035.1_genomic	singlem	species	Bray-Curtis distance	0.352568613652358	order	d__Archaea;p__Thermoplasmatota;c__Thermoplasmata;o__Sysuiplasmatales;f__Sysuiplasmataceae;g__Sysuiplasma;s__Sysuiplasma acidicola	novel Archaea	novel order	SingleM
GCA_019721035.1_genomic	singlem-regime3	kingdom	Bray-Curtis distance	0.0438008616562948	order	d__Archaea;p__Thermoplasmatota;c__Thermoplasmata;o__Sysuiplasmatales;f__Sysuiplasmataceae;g__Sysuiplasma;s__Sysuiplasma acidicola	novel Archaea	novel order	
GCA_019721035.1_genomic	singlem-regime3	phylum	Bray-Curtis distance	0.0922875816993464	order	d__Archaea;p__Thermoplasmatota;c__Thermoplasmata;o__Sysuiplasmatales;f__Sysuiplasmataceae;g__Sysuiplasma;s__Sysuiplasma acidicola	novel Archaea	novel order	
GCA_019721035.1_genomic	singlem-regime3	class	Bray-Curtis distance	0.0922875816993464	order	d__Archaea;p__Thermoplasmatota;c__Thermoplasmata;o__Sysuiplasmatales;f__Sysuiplasmataceae;g__Sysuiplasma;s__Sysuiplasma acidicola	novel Archaea	novel order	
GCA_019721035.1_genomic	singlem-regime3	order	Bray-Curtis distance	0.275190516511431	order	d__Archaea;p__Thermoplasmatota;c__Thermoplasmata;o__Sysuiplasmatales;f__Sysuiplasmataceae;g__Sysuiplasma;s__Sysuiplasma acidicola	novel Archaea	novel order	
GCA_019721035.1_genomic	singlem-regime3	family	Bray-Curtis distance	0.405304212168487	order	d__Archaea;p__Thermoplasmatota;c__Thermoplasmata;o__Sysuiplasmatales;f__Sysuiplasmataceae;g__Sysuiplasma;s__Sysuiplasma acidicola	novel Archaea	novel order	
GCA_019721035.1_genomic	singlem-regime3	genus	Bray-Curtis distance	0.373438527284681	order	d__Archaea;p__Thermoplasmatota;c__Thermoplasmata;o__Sysuiplasmatales;f__Sysuiplasmataceae;g__Sysuiplasma;s__Sysuiplasma acidicola	novel Archaea	novel order	
GCA_019721035.1_genomic	singlem-regime3	species	Bray-Curtis distance	0.398259705488621	order	d__Archaea;p__Thermoplasmatota;c__Thermoplasmata;o__Sysuiplasmatales;f__Sysuiplasmataceae;g__Sysuiplasma;s__Sysuiplasma acidicola	novel Archaea	novel order	
GCA_019721075.1_genomic	sylph	kingdom	Bray-Curtis distance	0.5	order	d__Archaea;p__Thermoplasmatota;c__Thermoplasmata;o__Sysuiplasmatales;f__Sysuiplasmataceae;g__Sysuiplasma;s__Sysuiplasma jiujiangense	novel Archaea	novel order	sylph
GCA_019721075.1_genomic	sylph	phylum	Bray-Curtis distance	0.5	order	d__Archaea;p__Thermoplasmatota;c__Thermoplasmata;o__Sysuiplasmatales;f__Sysuiplasmataceae;g__Sysuiplasma;s__Sysuiplasma jiujiangense	novel Archaea	novel order	sylph
GCA_019721075.1_genomic	sylph	class	Bray-Curtis distance	0.5	order	d__Archaea;p__Thermoplasmatota;c__Thermoplasmata;o__Sysuiplasmatales;f__Sysuiplasmataceae;g__Sysuiplasma;s__Sysuiplasma jiujiangense	novel Archaea	novel order	sylph
GCA_019721075.1_genomic	sylph	order	Bray-Curtis distance	0.5	order	d__Archaea;p__Thermoplasmatota;c__Thermoplasmata;o__Sysuiplasmatales;f__Sysuiplasmataceae;g__Sysuiplasma;s__Sysuiplasma jiujiangense	novel Archaea	novel order	sylph
GCA_019721075.1_genomic	sylph	family	Bray-Curtis distance	0.5	order	d__Archaea;p__Thermoplasmatota;c__Thermoplasmata;o__Sysuiplasmatales;f__Sysuiplasmataceae;g__Sysuiplasma;s__Sysuiplasma jiujiangense	novel Archaea	novel order	sylph
GCA_019721075.1_genomic	sylph	genus	Bray-Curtis distance	0.5	order	d__Archaea;p__Thermoplasmatota;c__Thermoplasmata;o__Sysuiplasmatales;f__Sysuiplasmataceae;g__Sysuiplasma;s__Sysuiplasma jiujiangense	novel Archaea	novel order	sylph
GCA_019721075.1_genomic	sylph	species	Bray-Curtis distance	0.5	order	d__Archaea;p__Thermoplasmatota;c__Thermoplasmata;o__Sysuiplasmatales;f__Sysuiplasmataceae;g__Sysuiplasma;s__Sysuiplasma jiujiangense	novel Archaea	novel order	sylph
GCA_019721075.1_genomic	metaphlan	kingdom	Bray-Curtis distance	0.5	order	d__Archaea;p__Thermoplasmatota;c__Thermoplasmata;o__Sysuiplasmatales;f__Sysuiplasmataceae;g__Sysuiplasma;s__Sysuiplasma jiujiangense	novel Archaea	novel order	MetaPhlAn
GCA_019721075.1_genomic	metaphlan	phylum	Bray-Curtis distance	0.5	order	d__Archaea;p__Thermoplasmatota;c__Thermoplasmata;o__Sysuiplasmatales;f__Sysuiplasmataceae;g__Sysuiplasma;s__Sysuiplasma jiujiangense	novel Archaea	novel order	MetaPhlAn
GCA_019721075.1_genomic	metaphlan	class	Bray-Curtis distance	0.5	order	d__Archaea;p__Thermoplasmatota;c__Thermoplasmata;o__Sysuiplasmatales;f__Sysuiplasmataceae;g__Sysuiplasma;s__Sysuiplasma jiujiangense	novel Archaea	novel order	MetaPhlAn
GCA_019721075.1_genomic	metaphlan	order	Bray-Curtis distance	0.5	order	d__Archaea;p__Thermoplasmatota;c__Thermoplasmata;o__Sysuiplasmatales;f__Sysuiplasmataceae;g__Sysuiplasma;s__Sysuiplasma jiujiangense	novel Archaea	novel order	MetaPhlAn
GCA_019721075.1_genomic	metaphlan	family	Bray-Curtis distance	0.5	order	d__Archaea;p__Thermoplasmatota;c__Thermoplasmata;o__Sysuiplasmatales;f__Sysuiplasmataceae;g__Sysuiplasma;s__Sysuiplasma jiujiangense	novel Archaea	novel order	MetaPhlAn
GCA_019721075.1_genomic	metaphlan	genus	Bray-Curtis distance	0.5	order	d__Archaea;p__Thermoplasmatota;c__Thermoplasmata;o__Sysuiplasmatales;f__Sysuiplasmataceae;g__Sysuiplasma;s__Sysuiplasma jiujiangense	novel Archaea	novel order	MetaPhlAn
GCA_019721075.1_genomic	metaphlan	species	Bray-Curtis distance	0.5	order	d__Archaea;p__Thermoplasmatota;c__Thermoplasmata;o__Sysuiplasmatales;f__Sysuiplasmataceae;g__Sysuiplasma;s__Sysuiplasma jiujiangense	novel Archaea	novel order	MetaPhlAn
GCA_019721075.1_genomic	singlem	kingdom	Bray-Curtis distance	0.231707317073171	order	d__Archaea;p__Thermoplasmatota;c__Thermoplasmata;o__Sysuiplasmatales;f__Sysuiplasmataceae;g__Sysuiplasma;s__Sysuiplasma jiujiangense	novel Archaea	novel order	SingleM
GCA_019721075.1_genomic	singlem	phylum	Bray-Curtis distance	0.179909427748045	order	d__Archaea;p__Thermoplasmatota;c__Thermoplasmata;o__Sysuiplasmatales;f__Sysuiplasmataceae;g__Sysuiplasma;s__Sysuiplasma jiujiangense	novel Archaea	novel order	SingleM
GCA_019721075.1_genomic	singlem	class	Bray-Curtis distance	0.168614357262104	order	d__Archaea;p__Thermoplasmatota;c__Thermoplasmata;o__Sysuiplasmatales;f__Sysuiplasmataceae;g__Sysuiplasma;s__Sysuiplasma jiujiangense	novel Archaea	novel order	SingleM
GCA_019721075.1_genomic	singlem	order	Bray-Curtis distance	0.432276657060519	order	d__Archaea;p__Thermoplasmatota;c__Thermoplasmata;o__Sysuiplasmatales;f__Sysuiplasmataceae;g__Sysuiplasma;s__Sysuiplasma jiujiangense	novel Archaea	novel order	SingleM
GCA_019721075.1_genomic	singlem	family	Bray-Curtis distance	0.622222222222222	order	d__Archaea;p__Thermoplasmatota;c__Thermoplasmata;o__Sysuiplasmatales;f__Sysuiplasmataceae;g__Sysuiplasma;s__Sysuiplasma jiujiangense	novel Archaea	novel order	SingleM
GCA_019721075.1_genomic	singlem	genus	Bray-Curtis distance	0.588377723970945	order	d__Archaea;p__Thermoplasmatota;c__Thermoplasmata;o__Sysuiplasmatales;f__Sysuiplasmataceae;g__Sysuiplasma;s__Sysuiplasma jiujiangense	novel Archaea	novel order	SingleM
GCA_019721075.1_genomic	singlem	species	Bray-Curtis distance	0.588377723970945	order	d__Archaea;p__Thermoplasmatota;c__Thermoplasmata;o__Sysuiplasmatales;f__Sysuiplasmataceae;g__Sysuiplasma;s__Sysuiplasma jiujiangense	novel Archaea	novel order	SingleM
GCA_019721075.1_genomic	singlem-regime3	kingdom	Bray-Curtis distance	0.0921724333522405	order	d__Archaea;p__Thermoplasmatota;c__Thermoplasmata;o__Sysuiplasmatales;f__Sysuiplasmataceae;g__Sysuiplasma;s__Sysuiplasma jiujiangense	novel Archaea	novel order	
GCA_019721075.1_genomic	singlem-regime3	phylum	Bray-Curtis distance	0.107412060301508	order	d__Archaea;p__Thermoplasmatota;c__Thermoplasmata;o__Sysuiplasmatales;f__Sysuiplasmataceae;g__Sysuiplasma;s__Sysuiplasma jiujiangense	novel Archaea	novel order	
GCA_019721075.1_genomic	singlem-regime3	class	Bray-Curtis distance	0.107412060301508	order	d__Archaea;p__Thermoplasmatota;c__Thermoplasmata;o__Sysuiplasmatales;f__Sysuiplasmataceae;g__Sysuiplasma;s__Sysuiplasma jiujiangense	novel Archaea	novel order	
GCA_019721075.1_genomic	singlem-regime3	order	Bray-Curtis distance	0.304959289415248	order	d__Archaea;p__Thermoplasmatota;c__Thermoplasmata;o__Sysuiplasmatales;f__Sysuiplasmataceae;g__Sysuiplasma;s__Sysuiplasma jiujiangense	novel Archaea	novel order	
GCA_019721075.1_genomic	singlem-regime3	family	Bray-Curtis distance	0.420628525382756	order	d__Archaea;p__Thermoplasmatota;c__Thermoplasmata;o__Sysuiplasmatales;f__Sysuiplasmataceae;g__Sysuiplasma;s__Sysuiplasma jiujiangense	novel Archaea	novel order	
GCA_019721075.1_genomic	singlem-regime3	genus	Bray-Curtis distance	0.420628525382756	order	d__Archaea;p__Thermoplasmatota;c__Thermoplasmata;o__Sysuiplasmatales;f__Sysuiplasmataceae;g__Sysuiplasma;s__Sysuiplasma jiujiangense	novel Archaea	novel order	
GCA_019721075.1_genomic	singlem-regime3	species	Bray-Curtis distance	0.420628525382756	order	d__Archaea;p__Thermoplasmatota;c__Thermoplasmata;o__Sysuiplasmatales;f__Sysuiplasmataceae;g__Sysuiplasma;s__Sysuiplasma jiujiangense	novel Archaea	novel order	
GCA_019745975.1_genomic	sylph	kingdom	Bray-Curtis distance	0.5	genus	d__Bacteria;p__Planctomycetota;c__Planctomycetia;o__Pirellulales;f__JAEUIK01;g__JAIESQ01;s__JAIESQ01 sp019745975	novel Bacteria	novel genus	sylph
GCA_019745975.1_genomic	sylph	phylum	Bray-Curtis distance	0.5	genus	d__Bacteria;p__Planctomycetota;c__Planctomycetia;o__Pirellulales;f__JAEUIK01;g__JAIESQ01;s__JAIESQ01 sp019745975	novel Bacteria	novel genus	sylph
GCA_019745975.1_genomic	sylph	class	Bray-Curtis distance	0.5	genus	d__Bacteria;p__Planctomycetota;c__Planctomycetia;o__Pirellulales;f__JAEUIK01;g__JAIESQ01;s__JAIESQ01 sp019745975	novel Bacteria	novel genus	sylph
GCA_019745975.1_genomic	sylph	order	Bray-Curtis distance	0.5	genus	d__Bacteria;p__Planctomycetota;c__Planctomycetia;o__Pirellulales;f__JAEUIK01;g__JAIESQ01;s__JAIESQ01 sp019745975	novel Bacteria	novel genus	sylph
GCA_019745975.1_genomic	sylph	family	Bray-Curtis distance	0.5	genus	d__Bacteria;p__Planctomycetota;c__Planctomycetia;o__Pirellulales;f__JAEUIK01;g__JAIESQ01;s__JAIESQ01 sp019745975	novel Bacteria	novel genus	sylph
GCA_019745975.1_genomic	sylph	genus	Bray-Curtis distance	0.5	genus	d__Bacteria;p__Planctomycetota;c__Planctomycetia;o__Pirellulales;f__JAEUIK01;g__JAIESQ01;s__JAIESQ01 sp019745975	novel Bacteria	novel genus	sylph
GCA_019745975.1_genomic	sylph	species	Bray-Curtis distance	0.5	genus	d__Bacteria;p__Planctomycetota;c__Planctomycetia;o__Pirellulales;f__JAEUIK01;g__JAIESQ01;s__JAIESQ01 sp019745975	novel Bacteria	novel genus	sylph
GCA_019745975.1_genomic	metaphlan	kingdom	Bray-Curtis distance	0.5	genus	d__Bacteria;p__Planctomycetota;c__Planctomycetia;o__Pirellulales;f__JAEUIK01;g__JAIESQ01;s__JAIESQ01 sp019745975	novel Bacteria	novel genus	MetaPhlAn
GCA_019745975.1_genomic	metaphlan	phylum	Bray-Curtis distance	0.5	genus	d__Bacteria;p__Planctomycetota;c__Planctomycetia;o__Pirellulales;f__JAEUIK01;g__JAIESQ01;s__JAIESQ01 sp019745975	novel Bacteria	novel genus	MetaPhlAn
GCA_019745975.1_genomic	metaphlan	class	Bray-Curtis distance	0.5	genus	d__Bacteria;p__Planctomycetota;c__Planctomycetia;o__Pirellulales;f__JAEUIK01;g__JAIESQ01;s__JAIESQ01 sp019745975	novel Bacteria	novel genus	MetaPhlAn
GCA_019745975.1_genomic	metaphlan	order	Bray-Curtis distance	0.5	genus	d__Bacteria;p__Planctomycetota;c__Planctomycetia;o__Pirellulales;f__JAEUIK01;g__JAIESQ01;s__JAIESQ01 sp019745975	novel Bacteria	novel genus	MetaPhlAn
GCA_019745975.1_genomic	metaphlan	family	Bray-Curtis distance	0.5	genus	d__Bacteria;p__Planctomycetota;c__Planctomycetia;o__Pirellulales;f__JAEUIK01;g__JAIESQ01;s__JAIESQ01 sp019745975	novel Bacteria	novel genus	MetaPhlAn
GCA_019745975.1_genomic	metaphlan	genus	Bray-Curtis distance	0.5	genus	d__Bacteria;p__Planctomycetota;c__Planctomycetia;o__Pirellulales;f__JAEUIK01;g__JAIESQ01;s__JAIESQ01 sp019745975	novel Bacteria	novel genus	MetaPhlAn
GCA_019745975.1_genomic	metaphlan	species	Bray-Curtis distance	0.5	genus	d__Bacteria;p__Planctomycetota;c__Planctomycetia;o__Pirellulales;f__JAEUIK01;g__JAIESQ01;s__JAIESQ01 sp019745975	novel Bacteria	novel genus	MetaPhlAn
GCA_019745975.1_genomic	singlem	kingdom	Bray-Curtis distance	0.0300291545189504	genus	d__Bacteria;p__Planctomycetota;c__Planctomycetia;o__Pirellulales;f__JAEUIK01;g__JAIESQ01;s__JAIESQ01 sp019745975	novel Bacteria	novel genus	SingleM
GCA_019745975.1_genomic	singlem	phylum	Bray-Curtis distance	0.0526473227639844	genus	d__Bacteria;p__Planctomycetota;c__Planctomycetia;o__Pirellulales;f__JAEUIK01;g__JAIESQ01;s__JAIESQ01 sp019745975	novel Bacteria	novel genus	SingleM
GCA_019745975.1_genomic	singlem	class	Bray-Curtis distance	0.0526473227639844	genus	d__Bacteria;p__Planctomycetota;c__Planctomycetia;o__Pirellulales;f__JAEUIK01;g__JAIESQ01;s__JAIESQ01 sp019745975	novel Bacteria	novel genus	SingleM
GCA_019745975.1_genomic	singlem	order	Bray-Curtis distance	0.0457969267851763	genus	d__Bacteria;p__Planctomycetota;c__Planctomycetia;o__Pirellulales;f__JAEUIK01;g__JAIESQ01;s__JAIESQ01 sp019745975	novel Bacteria	novel genus	SingleM
GCA_019745975.1_genomic	singlem	family	Bray-Curtis distance	0.285154859380562	genus	d__Bacteria;p__Planctomycetota;c__Planctomycetia;o__Pirellulales;f__JAEUIK01;g__JAIESQ01;s__JAIESQ01 sp019745975	novel Bacteria	novel genus	SingleM
GCA_019745975.1_genomic	singlem	genus	Bray-Curtis distance	0.465980139757264	genus	d__Bacteria;p__Planctomycetota;c__Planctomycetia;o__Pirellulales;f__JAEUIK01;g__JAIESQ01;s__JAIESQ01 sp019745975	novel Bacteria	novel genus	SingleM
GCA_019745975.1_genomic	singlem	species	Bray-Curtis distance	0.405161818926669	genus	d__Bacteria;p__Planctomycetota;c__Planctomycetia;o__Pirellulales;f__JAEUIK01;g__JAIESQ01;s__JAIESQ01 sp019745975	novel Bacteria	novel genus	SingleM
GCA_019745975.1_genomic	singlem-regime3	kingdom	Bray-Curtis distance	0.0127937336814621	genus	d__Bacteria;p__Planctomycetota;c__Planctomycetia;o__Pirellulales;f__JAEUIK01;g__JAIESQ01;s__JAIESQ01 sp019745975	novel Bacteria	novel genus	
GCA_019745975.1_genomic	singlem-regime3	phylum	Bray-Curtis distance	0.0216057615364097	genus	d__Bacteria;p__Planctomycetota;c__Planctomycetia;o__Pirellulales;f__JAEUIK01;g__JAIESQ01;s__JAIESQ01 sp019745975	novel Bacteria	novel genus	
GCA_019745975.1_genomic	singlem-regime3	class	Bray-Curtis distance	0.0216057615364097	genus	d__Bacteria;p__Planctomycetota;c__Planctomycetia;o__Pirellulales;f__JAEUIK01;g__JAIESQ01;s__JAIESQ01 sp019745975	novel Bacteria	novel genus	
GCA_019745975.1_genomic	singlem-regime3	order	Bray-Curtis distance	0.0216057615364097	genus	d__Bacteria;p__Planctomycetota;c__Planctomycetia;o__Pirellulales;f__JAEUIK01;g__JAIESQ01;s__JAIESQ01 sp019745975	novel Bacteria	novel genus	
GCA_019745975.1_genomic	singlem-regime3	family	Bray-Curtis distance	0.346893285037615	genus	d__Bacteria;p__Planctomycetota;c__Planctomycetia;o__Pirellulales;f__JAEUIK01;g__JAIESQ01;s__JAIESQ01 sp019745975	novel Bacteria	novel genus	
GCA_019745975.1_genomic	singlem-regime3	genus	Bray-Curtis distance	0.425015954052329	genus	d__Bacteria;p__Planctomycetota;c__Planctomycetia;o__Pirellulales;f__JAEUIK01;g__JAIESQ01;s__JAIESQ01 sp019745975	novel Bacteria	novel genus	
GCA_019745975.1_genomic	singlem-regime3	species	Bray-Curtis distance	0.360085227272727	genus	d__Bacteria;p__Planctomycetota;c__Planctomycetia;o__Pirellulales;f__JAEUIK01;g__JAIESQ01;s__JAIESQ01 sp019745975	novel Bacteria	novel genus	
GCA_019794795.1_genomic	sylph	kingdom	Bray-Curtis distance	0.5	species	d__Bacteria;p__Bacillota;c__Bacilli;o__Lactobacillales;f__Streptococcaceae;g__Streptococcus;s__Streptococcus gallolyticus_C	novel Bacteria	novel species	sylph
GCA_019794795.1_genomic	sylph	phylum	Bray-Curtis distance	0.5	species	d__Bacteria;p__Bacillota;c__Bacilli;o__Lactobacillales;f__Streptococcaceae;g__Streptococcus;s__Streptococcus gallolyticus_C	novel Bacteria	novel species	sylph
GCA_019794795.1_genomic	sylph	class	Bray-Curtis distance	0.5	species	d__Bacteria;p__Bacillota;c__Bacilli;o__Lactobacillales;f__Streptococcaceae;g__Streptococcus;s__Streptococcus gallolyticus_C	novel Bacteria	novel species	sylph
GCA_019794795.1_genomic	sylph	order	Bray-Curtis distance	0.5	species	d__Bacteria;p__Bacillota;c__Bacilli;o__Lactobacillales;f__Streptococcaceae;g__Streptococcus;s__Streptococcus gallolyticus_C	novel Bacteria	novel species	sylph
GCA_019794795.1_genomic	sylph	family	Bray-Curtis distance	0.5	species	d__Bacteria;p__Bacillota;c__Bacilli;o__Lactobacillales;f__Streptococcaceae;g__Streptococcus;s__Streptococcus gallolyticus_C	novel Bacteria	novel species	sylph
GCA_019794795.1_genomic	sylph	genus	Bray-Curtis distance	0.5	species	d__Bacteria;p__Bacillota;c__Bacilli;o__Lactobacillales;f__Streptococcaceae;g__Streptococcus;s__Streptococcus gallolyticus_C	novel Bacteria	novel species	sylph
GCA_019794795.1_genomic	sylph	species	Bray-Curtis distance	0.5	species	d__Bacteria;p__Bacillota;c__Bacilli;o__Lactobacillales;f__Streptococcaceae;g__Streptococcus;s__Streptococcus gallolyticus_C	novel Bacteria	novel species	sylph
GCA_019794795.1_genomic	metaphlan	kingdom	Bray-Curtis distance	0.5	species	d__Bacteria;p__Bacillota;c__Bacilli;o__Lactobacillales;f__Streptococcaceae;g__Streptococcus;s__Streptococcus gallolyticus_C	novel Bacteria	novel species	MetaPhlAn
GCA_019794795.1_genomic	metaphlan	phylum	Bray-Curtis distance	0.5	species	d__Bacteria;p__Bacillota;c__Bacilli;o__Lactobacillales;f__Streptococcaceae;g__Streptococcus;s__Streptococcus gallolyticus_C	novel Bacteria	novel species	MetaPhlAn
GCA_019794795.1_genomic	metaphlan	class	Bray-Curtis distance	0.5	species	d__Bacteria;p__Bacillota;c__Bacilli;o__Lactobacillales;f__Streptococcaceae;g__Streptococcus;s__Streptococcus gallolyticus_C	novel Bacteria	novel species	MetaPhlAn
GCA_019794795.1_genomic	metaphlan	order	Bray-Curtis distance	0.5	species	d__Bacteria;p__Bacillota;c__Bacilli;o__Lactobacillales;f__Streptococcaceae;g__Streptococcus;s__Streptococcus gallolyticus_C	novel Bacteria	novel species	MetaPhlAn
GCA_019794795.1_genomic	metaphlan	family	Bray-Curtis distance	0.5	species	d__Bacteria;p__Bacillota;c__Bacilli;o__Lactobacillales;f__Streptococcaceae;g__Streptococcus;s__Streptococcus gallolyticus_C	novel Bacteria	novel species	MetaPhlAn
GCA_019794795.1_genomic	metaphlan	genus	Bray-Curtis distance	0.5	species	d__Bacteria;p__Bacillota;c__Bacilli;o__Lactobacillales;f__Streptococcaceae;g__Streptococcus;s__Streptococcus gallolyticus_C	novel Bacteria	novel species	MetaPhlAn
GCA_019794795.1_genomic	metaphlan	species	Bray-Curtis distance	0.5	species	d__Bacteria;p__Bacillota;c__Bacilli;o__Lactobacillales;f__Streptococcaceae;g__Streptococcus;s__Streptococcus gallolyticus_C	novel Bacteria	novel species	MetaPhlAn
GCA_019794795.1_genomic	singlem	kingdom	Bray-Curtis distance	0.00784810126582276	species	d__Bacteria;p__Bacillota;c__Bacilli;o__Lactobacillales;f__Streptococcaceae;g__Streptococcus;s__Streptococcus gallolyticus_C	novel Bacteria	novel species	SingleM
GCA_019794795.1_genomic	singlem	phylum	Bray-Curtis distance	0.00919775166070517	species	d__Bacteria;p__Bacillota;c__Bacilli;o__Lactobacillales;f__Streptococcaceae;g__Streptococcus;s__Streptococcus gallolyticus_C	novel Bacteria	novel species	SingleM
GCA_019794795.1_genomic	singlem	class	Bray-Curtis distance	0.00919775166070517	species	d__Bacteria;p__Bacillota;c__Bacilli;o__Lactobacillales;f__Streptococcaceae;g__Streptococcus;s__Streptococcus gallolyticus_C	novel Bacteria	novel species	SingleM
GCA_019794795.1_genomic	singlem	order	Bray-Curtis distance	0.0120420189597745	species	d__Bacteria;p__Bacillota;c__Bacilli;o__Lactobacillales;f__Streptococcaceae;g__Streptococcus;s__Streptococcus gallolyticus_C	novel Bacteria	novel species	SingleM
GCA_019794795.1_genomic	singlem	family	Bray-Curtis distance	0.0149023638232271	species	d__Bacteria;p__Bacillota;c__Bacilli;o__Lactobacillales;f__Streptococcaceae;g__Streptococcus;s__Streptococcus gallolyticus_C	novel Bacteria	novel species	SingleM
GCA_019794795.1_genomic	singlem	genus	Bray-Curtis distance	0.0164693772516726	species	d__Bacteria;p__Bacillota;c__Bacilli;o__Lactobacillales;f__Streptococcaceae;g__Streptococcus;s__Streptococcus gallolyticus_C	novel Bacteria	novel species	SingleM
GCA_019794795.1_genomic	singlem	species	Bray-Curtis distance	0.33989145183175	species	d__Bacteria;p__Bacillota;c__Bacilli;o__Lactobacillales;f__Streptococcaceae;g__Streptococcus;s__Streptococcus gallolyticus_C	novel Bacteria	novel species	SingleM
GCA_019794795.1_genomic	singlem-regime3	kingdom	Bray-Curtis distance	0.00982800982800985	species	d__Bacteria;p__Bacillota;c__Bacilli;o__Lactobacillales;f__Streptococcaceae;g__Streptococcus;s__Streptococcus gallolyticus_C	novel Bacteria	novel species	
GCA_019794795.1_genomic	singlem-regime3	phylum	Bray-Curtis distance	0.00982800982800985	species	d__Bacteria;p__Bacillota;c__Bacilli;o__Lactobacillales;f__Streptococcaceae;g__Streptococcus;s__Streptococcus gallolyticus_C	novel Bacteria	novel species	
GCA_019794795.1_genomic	singlem-regime3	class	Bray-Curtis distance	0.00982800982800985	species	d__Bacteria;p__Bacillota;c__Bacilli;o__Lactobacillales;f__Streptococcaceae;g__Streptococcus;s__Streptococcus gallolyticus_C	novel Bacteria	novel species	
GCA_019794795.1_genomic	singlem-regime3	order	Bray-Curtis distance	0.00982800982800985	species	d__Bacteria;p__Bacillota;c__Bacilli;o__Lactobacillales;f__Streptococcaceae;g__Streptococcus;s__Streptococcus gallolyticus_C	novel Bacteria	novel species	
GCA_019794795.1_genomic	singlem-regime3	family	Bray-Curtis distance	0.00982800982800985	species	d__Bacteria;p__Bacillota;c__Bacilli;o__Lactobacillales;f__Streptococcaceae;g__Streptococcus;s__Streptococcus gallolyticus_C	novel Bacteria	novel species	
GCA_019794795.1_genomic	singlem-regime3	genus	Bray-Curtis distance	0.00982800982800985	species	d__Bacteria;p__Bacillota;c__Bacilli;o__Lactobacillales;f__Streptococcaceae;g__Streptococcus;s__Streptococcus gallolyticus_C	novel Bacteria	novel species	
GCA_019794795.1_genomic	singlem-regime3	species	Bray-Curtis distance	0.337672904800651	species	d__Bacteria;p__Bacillota;c__Bacilli;o__Lactobacillales;f__Streptococcaceae;g__Streptococcus;s__Streptococcus gallolyticus_C	novel Bacteria	novel species	
GCA_019795105.1_genomic	sylph	kingdom	Bray-Curtis distance	0.5	species	d__Bacteria;p__Actinomycetota;c__Coriobacteriia;o__Coriobacteriales;f__Coriobacteriaceae;g__Collinsella;s__Collinsella sp019795105	novel Bacteria	novel species	sylph
GCA_019795105.1_genomic	sylph	phylum	Bray-Curtis distance	0.5	species	d__Bacteria;p__Actinomycetota;c__Coriobacteriia;o__Coriobacteriales;f__Coriobacteriaceae;g__Collinsella;s__Collinsella sp019795105	novel Bacteria	novel species	sylph
GCA_019795105.1_genomic	sylph	class	Bray-Curtis distance	0.5	species	d__Bacteria;p__Actinomycetota;c__Coriobacteriia;o__Coriobacteriales;f__Coriobacteriaceae;g__Collinsella;s__Collinsella sp019795105	novel Bacteria	novel species	sylph
GCA_019795105.1_genomic	sylph	order	Bray-Curtis distance	0.5	species	d__Bacteria;p__Actinomycetota;c__Coriobacteriia;o__Coriobacteriales;f__Coriobacteriaceae;g__Collinsella;s__Collinsella sp019795105	novel Bacteria	novel species	sylph
GCA_019795105.1_genomic	sylph	family	Bray-Curtis distance	0.5	species	d__Bacteria;p__Actinomycetota;c__Coriobacteriia;o__Coriobacteriales;f__Coriobacteriaceae;g__Collinsella;s__Collinsella sp019795105	novel Bacteria	novel species	sylph
GCA_019795105.1_genomic	sylph	genus	Bray-Curtis distance	0.5	species	d__Bacteria;p__Actinomycetota;c__Coriobacteriia;o__Coriobacteriales;f__Coriobacteriaceae;g__Collinsella;s__Collinsella sp019795105	novel Bacteria	novel species	sylph
GCA_019795105.1_genomic	sylph	species	Bray-Curtis distance	0.5	species	d__Bacteria;p__Actinomycetota;c__Coriobacteriia;o__Coriobacteriales;f__Coriobacteriaceae;g__Collinsella;s__Collinsella sp019795105	novel Bacteria	novel species	sylph
GCA_019795105.1_genomic	metaphlan	kingdom	Bray-Curtis distance	0.5	species	d__Bacteria;p__Actinomycetota;c__Coriobacteriia;o__Coriobacteriales;f__Coriobacteriaceae;g__Collinsella;s__Collinsella sp019795105	novel Bacteria	novel species	MetaPhlAn
GCA_019795105.1_genomic	metaphlan	phylum	Bray-Curtis distance	0.5	species	d__Bacteria;p__Actinomycetota;c__Coriobacteriia;o__Coriobacteriales;f__Coriobacteriaceae;g__Collinsella;s__Collinsella sp019795105	novel Bacteria	novel species	MetaPhlAn
GCA_019795105.1_genomic	metaphlan	class	Bray-Curtis distance	0.5	species	d__Bacteria;p__Actinomycetota;c__Coriobacteriia;o__Coriobacteriales;f__Coriobacteriaceae;g__Collinsella;s__Collinsella sp019795105	novel Bacteria	novel species	MetaPhlAn
GCA_019795105.1_genomic	metaphlan	order	Bray-Curtis distance	0.5	species	d__Bacteria;p__Actinomycetota;c__Coriobacteriia;o__Coriobacteriales;f__Coriobacteriaceae;g__Collinsella;s__Collinsella sp019795105	novel Bacteria	novel species	MetaPhlAn
GCA_019795105.1_genomic	metaphlan	family	Bray-Curtis distance	0.5	species	d__Bacteria;p__Actinomycetota;c__Coriobacteriia;o__Coriobacteriales;f__Coriobacteriaceae;g__Collinsella;s__Collinsella sp019795105	novel Bacteria	novel species	MetaPhlAn
GCA_019795105.1_genomic	metaphlan	genus	Bray-Curtis distance	0.5	species	d__Bacteria;p__Actinomycetota;c__Coriobacteriia;o__Coriobacteriales;f__Coriobacteriaceae;g__Collinsella;s__Collinsella sp019795105	novel Bacteria	novel species	MetaPhlAn
GCA_019795105.1_genomic	metaphlan	species	Bray-Curtis distance	0.5	species	d__Bacteria;p__Actinomycetota;c__Coriobacteriia;o__Coriobacteriales;f__Coriobacteriaceae;g__Collinsella;s__Collinsella sp019795105	novel Bacteria	novel species	MetaPhlAn
GCA_019795105.1_genomic	singlem	kingdom	Bray-Curtis distance	0.0308770108977686	species	d__Bacteria;p__Actinomycetota;c__Coriobacteriia;o__Coriobacteriales;f__Coriobacteriaceae;g__Collinsella;s__Collinsella sp019795105	novel Bacteria	novel species	SingleM
GCA_019795105.1_genomic	singlem	phylum	Bray-Curtis distance	0.0280074686583088	species	d__Bacteria;p__Actinomycetota;c__Coriobacteriia;o__Coriobacteriales;f__Coriobacteriaceae;g__Collinsella;s__Collinsella sp019795105	novel Bacteria	novel species	SingleM
GCA_019795105.1_genomic	singlem	class	Bray-Curtis distance	0.0296553566657761	species	d__Bacteria;p__Actinomycetota;c__Coriobacteriia;o__Coriobacteriales;f__Coriobacteriaceae;g__Collinsella;s__Collinsella sp019795105	novel Bacteria	novel species	SingleM
GCA_019795105.1_genomic	singlem	order	Bray-Curtis distance	0.0296553566657761	species	d__Bacteria;p__Actinomycetota;c__Coriobacteriia;o__Coriobacteriales;f__Coriobacteriaceae;g__Collinsella;s__Collinsella sp019795105	novel Bacteria	novel species	SingleM
GCA_019795105.1_genomic	singlem	family	Bray-Curtis distance	0.0360215053763441	species	d__Bacteria;p__Actinomycetota;c__Coriobacteriia;o__Coriobacteriales;f__Coriobacteriaceae;g__Collinsella;s__Collinsella sp019795105	novel Bacteria	novel species	SingleM
GCA_019795105.1_genomic	singlem	genus	Bray-Curtis distance	0.0535811919081466	species	d__Bacteria;p__Actinomycetota;c__Coriobacteriia;o__Coriobacteriales;f__Coriobacteriaceae;g__Collinsella;s__Collinsella sp019795105	novel Bacteria	novel species	SingleM
GCA_019795105.1_genomic	singlem	species	Bray-Curtis distance	0.382352941176471	species	d__Bacteria;p__Actinomycetota;c__Coriobacteriia;o__Coriobacteriales;f__Coriobacteriaceae;g__Collinsella;s__Collinsella sp019795105	novel Bacteria	novel species	SingleM
GCA_019795105.1_genomic	singlem-regime3	kingdom	Bray-Curtis distance	0.00434782608695645	species	d__Bacteria;p__Actinomycetota;c__Coriobacteriia;o__Coriobacteriales;f__Coriobacteriaceae;g__Collinsella;s__Collinsella sp019795105	novel Bacteria	novel species	
GCA_019795105.1_genomic	singlem-regime3	phylum	Bray-Curtis distance	0.0325476992143658	species	d__Bacteria;p__Actinomycetota;c__Coriobacteriia;o__Coriobacteriales;f__Coriobacteriaceae;g__Collinsella;s__Collinsella sp019795105	novel Bacteria	novel species	
GCA_019795105.1_genomic	singlem-regime3	class	Bray-Curtis distance	0.0325476992143658	species	d__Bacteria;p__Actinomycetota;c__Coriobacteriia;o__Coriobacteriales;f__Coriobacteriaceae;g__Collinsella;s__Collinsella sp019795105	novel Bacteria	novel species	
GCA_019795105.1_genomic	singlem-regime3	order	Bray-Curtis distance	0.0325476992143658	species	d__Bacteria;p__Actinomycetota;c__Coriobacteriia;o__Coriobacteriales;f__Coriobacteriaceae;g__Collinsella;s__Collinsella sp019795105	novel Bacteria	novel species	
GCA_019795105.1_genomic	singlem-regime3	family	Bray-Curtis distance	0.0679048171793383	species	d__Bacteria;p__Actinomycetota;c__Coriobacteriia;o__Coriobacteriales;f__Coriobacteriaceae;g__Collinsella;s__Collinsella sp019795105	novel Bacteria	novel species	
GCA_019795105.1_genomic	singlem-regime3	genus	Bray-Curtis distance	0.0679048171793383	species	d__Bacteria;p__Actinomycetota;c__Coriobacteriia;o__Coriobacteriales;f__Coriobacteriaceae;g__Collinsella;s__Collinsella sp019795105	novel Bacteria	novel species	
GCA_019795105.1_genomic	singlem-regime3	species	Bray-Curtis distance	0.38763197586727	species	d__Bacteria;p__Actinomycetota;c__Coriobacteriia;o__Coriobacteriales;f__Coriobacteriaceae;g__Collinsella;s__Collinsella sp019795105	novel Bacteria	novel species	
GCA_020052375.1_genomic	sylph	kingdom	Bray-Curtis distance	0.5	class	d__Bacteria;p__Actinomycetota;c__JAHEXW01;o__JAHEXW01;f__JAGVPG01;g__JAGVPG01;s__JAGVPG01 sp020052375	novel Bacteria	novel class	sylph
GCA_020052375.1_genomic	sylph	phylum	Bray-Curtis distance	0.5	class	d__Bacteria;p__Actinomycetota;c__JAHEXW01;o__JAHEXW01;f__JAGVPG01;g__JAGVPG01;s__JAGVPG01 sp020052375	novel Bacteria	novel class	sylph
GCA_020052375.1_genomic	sylph	class	Bray-Curtis distance	0.5	class	d__Bacteria;p__Actinomycetota;c__JAHEXW01;o__JAHEXW01;f__JAGVPG01;g__JAGVPG01;s__JAGVPG01 sp020052375	novel Bacteria	novel class	sylph
GCA_020052375.1_genomic	sylph	order	Bray-Curtis distance	0.5	class	d__Bacteria;p__Actinomycetota;c__JAHEXW01;o__JAHEXW01;f__JAGVPG01;g__JAGVPG01;s__JAGVPG01 sp020052375	novel Bacteria	novel class	sylph
GCA_020052375.1_genomic	sylph	family	Bray-Curtis distance	0.5	class	d__Bacteria;p__Actinomycetota;c__JAHEXW01;o__JAHEXW01;f__JAGVPG01;g__JAGVPG01;s__JAGVPG01 sp020052375	novel Bacteria	novel class	sylph
GCA_020052375.1_genomic	sylph	genus	Bray-Curtis distance	0.5	class	d__Bacteria;p__Actinomycetota;c__JAHEXW01;o__JAHEXW01;f__JAGVPG01;g__JAGVPG01;s__JAGVPG01 sp020052375	novel Bacteria	novel class	sylph
GCA_020052375.1_genomic	sylph	species	Bray-Curtis distance	0.5	class	d__Bacteria;p__Actinomycetota;c__JAHEXW01;o__JAHEXW01;f__JAGVPG01;g__JAGVPG01;s__JAGVPG01 sp020052375	novel Bacteria	novel class	sylph
GCA_020052375.1_genomic	metaphlan	kingdom	Bray-Curtis distance	0.5	class	d__Bacteria;p__Actinomycetota;c__JAHEXW01;o__JAHEXW01;f__JAGVPG01;g__JAGVPG01;s__JAGVPG01 sp020052375	novel Bacteria	novel class	MetaPhlAn
GCA_020052375.1_genomic	metaphlan	phylum	Bray-Curtis distance	0.5	class	d__Bacteria;p__Actinomycetota;c__JAHEXW01;o__JAHEXW01;f__JAGVPG01;g__JAGVPG01;s__JAGVPG01 sp020052375	novel Bacteria	novel class	MetaPhlAn
GCA_020052375.1_genomic	metaphlan	class	Bray-Curtis distance	0.5	class	d__Bacteria;p__Actinomycetota;c__JAHEXW01;o__JAHEXW01;f__JAGVPG01;g__JAGVPG01;s__JAGVPG01 sp020052375	novel Bacteria	novel class	MetaPhlAn
GCA_020052375.1_genomic	metaphlan	order	Bray-Curtis distance	0.5	class	d__Bacteria;p__Actinomycetota;c__JAHEXW01;o__JAHEXW01;f__JAGVPG01;g__JAGVPG01;s__JAGVPG01 sp020052375	novel Bacteria	novel class	MetaPhlAn
GCA_020052375.1_genomic	metaphlan	family	Bray-Curtis distance	0.5	class	d__Bacteria;p__Actinomycetota;c__JAHEXW01;o__JAHEXW01;f__JAGVPG01;g__JAGVPG01;s__JAGVPG01 sp020052375	novel Bacteria	novel class	MetaPhlAn
GCA_020052375.1_genomic	metaphlan	genus	Bray-Curtis distance	0.5	class	d__Bacteria;p__Actinomycetota;c__JAHEXW01;o__JAHEXW01;f__JAGVPG01;g__JAGVPG01;s__JAGVPG01 sp020052375	novel Bacteria	novel class	MetaPhlAn
GCA_020052375.1_genomic	metaphlan	species	Bray-Curtis distance	0.5	class	d__Bacteria;p__Actinomycetota;c__JAHEXW01;o__JAHEXW01;f__JAGVPG01;g__JAGVPG01;s__JAGVPG01 sp020052375	novel Bacteria	novel class	MetaPhlAn
GCA_020052375.1_genomic	singlem	kingdom	Bray-Curtis distance	0.0244716351501669	class	d__Bacteria;p__Actinomycetota;c__JAHEXW01;o__JAHEXW01;f__JAGVPG01;g__JAGVPG01;s__JAGVPG01 sp020052375	novel Bacteria	novel class	SingleM
GCA_020052375.1_genomic	singlem	phylum	Bray-Curtis distance	0.266643184219796	class	d__Bacteria;p__Actinomycetota;c__JAHEXW01;o__JAHEXW01;f__JAGVPG01;g__JAGVPG01;s__JAGVPG01 sp020052375	novel Bacteria	novel class	SingleM
GCA_020052375.1_genomic	singlem	class	Bray-Curtis distance	0.377777777777778	class	d__Bacteria;p__Actinomycetota;c__JAHEXW01;o__JAHEXW01;f__JAGVPG01;g__JAGVPG01;s__JAGVPG01 sp020052375	novel Bacteria	novel class	SingleM
GCA_020052375.1_genomic	singlem	order	Bray-Curtis distance	0.377777777777778	class	d__Bacteria;p__Actinomycetota;c__JAHEXW01;o__JAHEXW01;f__JAGVPG01;g__JAGVPG01;s__JAGVPG01 sp020052375	novel Bacteria	novel class	SingleM
GCA_020052375.1_genomic	singlem	family	Bray-Curtis distance	0.377777777777778	class	d__Bacteria;p__Actinomycetota;c__JAHEXW01;o__JAHEXW01;f__JAGVPG01;g__JAGVPG01;s__JAGVPG01 sp020052375	novel Bacteria	novel class	SingleM
GCA_020052375.1_genomic	singlem	genus	Bray-Curtis distance	0.377777777777778	class	d__Bacteria;p__Actinomycetota;c__JAHEXW01;o__JAHEXW01;f__JAGVPG01;g__JAGVPG01;s__JAGVPG01 sp020052375	novel Bacteria	novel class	SingleM
GCA_020052375.1_genomic	singlem	species	Bray-Curtis distance	0.377777777777778	class	d__Bacteria;p__Actinomycetota;c__JAHEXW01;o__JAHEXW01;f__JAGVPG01;g__JAGVPG01;s__JAGVPG01 sp020052375	novel Bacteria	novel class	SingleM
GCA_020052375.1_genomic	singlem-regime3	kingdom	Bray-Curtis distance	0.014256091238984	class	d__Bacteria;p__Actinomycetota;c__JAHEXW01;o__JAHEXW01;f__JAGVPG01;g__JAGVPG01;s__JAGVPG01 sp020052375	novel Bacteria	novel class	
GCA_020052375.1_genomic	singlem-regime3	phylum	Bray-Curtis distance	0.244986115396483	class	d__Bacteria;p__Actinomycetota;c__JAHEXW01;o__JAHEXW01;f__JAGVPG01;g__JAGVPG01;s__JAGVPG01 sp020052375	novel Bacteria	novel class	
GCA_020052375.1_genomic	singlem-regime3	class	Bray-Curtis distance	0.353118712273642	class	d__Bacteria;p__Actinomycetota;c__JAHEXW01;o__JAHEXW01;f__JAGVPG01;g__JAGVPG01;s__JAGVPG01 sp020052375	novel Bacteria	novel class	
GCA_020052375.1_genomic	singlem-regime3	order	Bray-Curtis distance	0.339609722697706	class	d__Bacteria;p__Actinomycetota;c__JAHEXW01;o__JAHEXW01;f__JAGVPG01;g__JAGVPG01;s__JAGVPG01 sp020052375	novel Bacteria	novel class	
GCA_020052375.1_genomic	singlem-regime3	family	Bray-Curtis distance	0.339609722697706	class	d__Bacteria;p__Actinomycetota;c__JAHEXW01;o__JAHEXW01;f__JAGVPG01;g__JAGVPG01;s__JAGVPG01 sp020052375	novel Bacteria	novel class	
GCA_020052375.1_genomic	singlem-regime3	genus	Bray-Curtis distance	0.339609722697706	class	d__Bacteria;p__Actinomycetota;c__JAHEXW01;o__JAHEXW01;f__JAGVPG01;g__JAGVPG01;s__JAGVPG01 sp020052375	novel Bacteria	novel class	
GCA_020052375.1_genomic	singlem-regime3	species	Bray-Curtis distance	0.338189386056192	class	d__Bacteria;p__Actinomycetota;c__JAHEXW01;o__JAHEXW01;f__JAGVPG01;g__JAGVPG01;s__JAGVPG01 sp020052375	novel Bacteria	novel class	
GCA_020053305.1_genomic	sylph	kingdom	Bray-Curtis distance	0.5	species	d__Bacteria;p__Edwardsbacteria;c__AC1;o__AC1;f__EtOH8;g__UBA2226;s__UBA2226 sp020053305	novel Bacteria	novel species	sylph
GCA_020053305.1_genomic	sylph	phylum	Bray-Curtis distance	0.5	species	d__Bacteria;p__Edwardsbacteria;c__AC1;o__AC1;f__EtOH8;g__UBA2226;s__UBA2226 sp020053305	novel Bacteria	novel species	sylph
GCA_020053305.1_genomic	sylph	class	Bray-Curtis distance	0.5	species	d__Bacteria;p__Edwardsbacteria;c__AC1;o__AC1;f__EtOH8;g__UBA2226;s__UBA2226 sp020053305	novel Bacteria	novel species	sylph
GCA_020053305.1_genomic	sylph	order	Bray-Curtis distance	0.5	species	d__Bacteria;p__Edwardsbacteria;c__AC1;o__AC1;f__EtOH8;g__UBA2226;s__UBA2226 sp020053305	novel Bacteria	novel species	sylph
GCA_020053305.1_genomic	sylph	family	Bray-Curtis distance	0.5	species	d__Bacteria;p__Edwardsbacteria;c__AC1;o__AC1;f__EtOH8;g__UBA2226;s__UBA2226 sp020053305	novel Bacteria	novel species	sylph
GCA_020053305.1_genomic	sylph	genus	Bray-Curtis distance	0.5	species	d__Bacteria;p__Edwardsbacteria;c__AC1;o__AC1;f__EtOH8;g__UBA2226;s__UBA2226 sp020053305	novel Bacteria	novel species	sylph
GCA_020053305.1_genomic	sylph	species	Bray-Curtis distance	0.5	species	d__Bacteria;p__Edwardsbacteria;c__AC1;o__AC1;f__EtOH8;g__UBA2226;s__UBA2226 sp020053305	novel Bacteria	novel species	sylph
GCA_020053305.1_genomic	metaphlan	kingdom	Bray-Curtis distance	0.5	species	d__Bacteria;p__Edwardsbacteria;c__AC1;o__AC1;f__EtOH8;g__UBA2226;s__UBA2226 sp020053305	novel Bacteria	novel species	MetaPhlAn
GCA_020053305.1_genomic	metaphlan	phylum	Bray-Curtis distance	0.5	species	d__Bacteria;p__Edwardsbacteria;c__AC1;o__AC1;f__EtOH8;g__UBA2226;s__UBA2226 sp020053305	novel Bacteria	novel species	MetaPhlAn
GCA_020053305.1_genomic	metaphlan	class	Bray-Curtis distance	0.5	species	d__Bacteria;p__Edwardsbacteria;c__AC1;o__AC1;f__EtOH8;g__UBA2226;s__UBA2226 sp020053305	novel Bacteria	novel species	MetaPhlAn
GCA_020053305.1_genomic	metaphlan	order	Bray-Curtis distance	0.5	species	d__Bacteria;p__Edwardsbacteria;c__AC1;o__AC1;f__EtOH8;g__UBA2226;s__UBA2226 sp020053305	novel Bacteria	novel species	MetaPhlAn
GCA_020053305.1_genomic	metaphlan	family	Bray-Curtis distance	0.5	species	d__Bacteria;p__Edwardsbacteria;c__AC1;o__AC1;f__EtOH8;g__UBA2226;s__UBA2226 sp020053305	novel Bacteria	novel species	MetaPhlAn
GCA_020053305.1_genomic	metaphlan	genus	Bray-Curtis distance	0.5	species	d__Bacteria;p__Edwardsbacteria;c__AC1;o__AC1;f__EtOH8;g__UBA2226;s__UBA2226 sp020053305	novel Bacteria	novel species	MetaPhlAn
GCA_020053305.1_genomic	metaphlan	species	Bray-Curtis distance	0.5	species	d__Bacteria;p__Edwardsbacteria;c__AC1;o__AC1;f__EtOH8;g__UBA2226;s__UBA2226 sp020053305	novel Bacteria	novel species	MetaPhlAn
GCA_020053305.1_genomic	singlem	kingdom	Bray-Curtis distance	0.070657507360157	species	d__Bacteria;p__Edwardsbacteria;c__AC1;o__AC1;f__EtOH8;g__UBA2226;s__UBA2226 sp020053305	novel Bacteria	novel species	SingleM
GCA_020053305.1_genomic	singlem	phylum	Bray-Curtis distance	0.0666666666666667	species	d__Bacteria;p__Edwardsbacteria;c__AC1;o__AC1;f__EtOH8;g__UBA2226;s__UBA2226 sp020053305	novel Bacteria	novel species	SingleM
GCA_020053305.1_genomic	singlem	class	Bray-Curtis distance	0.0666666666666667	species	d__Bacteria;p__Edwardsbacteria;c__AC1;o__AC1;f__EtOH8;g__UBA2226;s__UBA2226 sp020053305	novel Bacteria	novel species	SingleM
GCA_020053305.1_genomic	singlem	order	Bray-Curtis distance	0.0666666666666667	species	d__Bacteria;p__Edwardsbacteria;c__AC1;o__AC1;f__EtOH8;g__UBA2226;s__UBA2226 sp020053305	novel Bacteria	novel species	SingleM
GCA_020053305.1_genomic	singlem	family	Bray-Curtis distance	0.0666666666666667	species	d__Bacteria;p__Edwardsbacteria;c__AC1;o__AC1;f__EtOH8;g__UBA2226;s__UBA2226 sp020053305	novel Bacteria	novel species	SingleM
GCA_020053305.1_genomic	singlem	genus	Bray-Curtis distance	0.0666666666666667	species	d__Bacteria;p__Edwardsbacteria;c__AC1;o__AC1;f__EtOH8;g__UBA2226;s__UBA2226 sp020053305	novel Bacteria	novel species	SingleM
GCA_020053305.1_genomic	singlem	species	Bray-Curtis distance	0.415208034433286	species	d__Bacteria;p__Edwardsbacteria;c__AC1;o__AC1;f__EtOH8;g__UBA2226;s__UBA2226 sp020053305	novel Bacteria	novel species	SingleM
GCA_020053305.1_genomic	singlem-regime3	kingdom	Bray-Curtis distance	0.123661670235546	species	d__Bacteria;p__Edwardsbacteria;c__AC1;o__AC1;f__EtOH8;g__UBA2226;s__UBA2226 sp020053305	novel Bacteria	novel species	
GCA_020053305.1_genomic	singlem-regime3	phylum	Bray-Curtis distance	0.123661670235546	species	d__Bacteria;p__Edwardsbacteria;c__AC1;o__AC1;f__EtOH8;g__UBA2226;s__UBA2226 sp020053305	novel Bacteria	novel species	
GCA_020053305.1_genomic	singlem-regime3	class	Bray-Curtis distance	0.123661670235546	species	d__Bacteria;p__Edwardsbacteria;c__AC1;o__AC1;f__EtOH8;g__UBA2226;s__UBA2226 sp020053305	novel Bacteria	novel species	
GCA_020053305.1_genomic	singlem-regime3	order	Bray-Curtis distance	0.123661670235546	species	d__Bacteria;p__Edwardsbacteria;c__AC1;o__AC1;f__EtOH8;g__UBA2226;s__UBA2226 sp020053305	novel Bacteria	novel species	
GCA_020053305.1_genomic	singlem-regime3	family	Bray-Curtis distance	0.123661670235546	species	d__Bacteria;p__Edwardsbacteria;c__AC1;o__AC1;f__EtOH8;g__UBA2226;s__UBA2226 sp020053305	novel Bacteria	novel species	
GCA_020053305.1_genomic	singlem-regime3	genus	Bray-Curtis distance	0.123661670235546	species	d__Bacteria;p__Edwardsbacteria;c__AC1;o__AC1;f__EtOH8;g__UBA2226;s__UBA2226 sp020053305	novel Bacteria	novel species	
GCA_020053305.1_genomic	singlem-regime3	species	Bray-Curtis distance	0.384108143752061	species	d__Bacteria;p__Edwardsbacteria;c__AC1;o__AC1;f__EtOH8;g__UBA2226;s__UBA2226 sp020053305	novel Bacteria	novel species	
GCA_020072845.1_genomic	sylph	kingdom	Bray-Curtis distance	0.5	family	d__Bacteria;p__Acidobacteriota;c__Terriglobia;o__Terriglobales;f__JAIQGF01;g__JAIQGF01;s__JAIQGF01 sp020072845	novel Bacteria	novel family	sylph
GCA_020072845.1_genomic	sylph	phylum	Bray-Curtis distance	0.5	family	d__Bacteria;p__Acidobacteriota;c__Terriglobia;o__Terriglobales;f__JAIQGF01;g__JAIQGF01;s__JAIQGF01 sp020072845	novel Bacteria	novel family	sylph
GCA_020072845.1_genomic	sylph	class	Bray-Curtis distance	0.5	family	d__Bacteria;p__Acidobacteriota;c__Terriglobia;o__Terriglobales;f__JAIQGF01;g__JAIQGF01;s__JAIQGF01 sp020072845	novel Bacteria	novel family	sylph
GCA_020072845.1_genomic	sylph	order	Bray-Curtis distance	0.5	family	d__Bacteria;p__Acidobacteriota;c__Terriglobia;o__Terriglobales;f__JAIQGF01;g__JAIQGF01;s__JAIQGF01 sp020072845	novel Bacteria	novel family	sylph
GCA_020072845.1_genomic	sylph	family	Bray-Curtis distance	0.5	family	d__Bacteria;p__Acidobacteriota;c__Terriglobia;o__Terriglobales;f__JAIQGF01;g__JAIQGF01;s__JAIQGF01 sp020072845	novel Bacteria	novel family	sylph
GCA_020072845.1_genomic	sylph	genus	Bray-Curtis distance	0.5	family	d__Bacteria;p__Acidobacteriota;c__Terriglobia;o__Terriglobales;f__JAIQGF01;g__JAIQGF01;s__JAIQGF01 sp020072845	novel Bacteria	novel family	sylph
GCA_020072845.1_genomic	sylph	species	Bray-Curtis distance	0.5	family	d__Bacteria;p__Acidobacteriota;c__Terriglobia;o__Terriglobales;f__JAIQGF01;g__JAIQGF01;s__JAIQGF01 sp020072845	novel Bacteria	novel family	sylph
GCA_020072845.1_genomic	metaphlan	kingdom	Bray-Curtis distance	0.5	family	d__Bacteria;p__Acidobacteriota;c__Terriglobia;o__Terriglobales;f__JAIQGF01;g__JAIQGF01;s__JAIQGF01 sp020072845	novel Bacteria	novel family	MetaPhlAn
GCA_020072845.1_genomic	metaphlan	phylum	Bray-Curtis distance	0.5	family	d__Bacteria;p__Acidobacteriota;c__Terriglobia;o__Terriglobales;f__JAIQGF01;g__JAIQGF01;s__JAIQGF01 sp020072845	novel Bacteria	novel family	MetaPhlAn
GCA_020072845.1_genomic	metaphlan	class	Bray-Curtis distance	0.5	family	d__Bacteria;p__Acidobacteriota;c__Terriglobia;o__Terriglobales;f__JAIQGF01;g__JAIQGF01;s__JAIQGF01 sp020072845	novel Bacteria	novel family	MetaPhlAn
GCA_020072845.1_genomic	metaphlan	order	Bray-Curtis distance	0.5	family	d__Bacteria;p__Acidobacteriota;c__Terriglobia;o__Terriglobales;f__JAIQGF01;g__JAIQGF01;s__JAIQGF01 sp020072845	novel Bacteria	novel family	MetaPhlAn
GCA_020072845.1_genomic	metaphlan	family	Bray-Curtis distance	0.5	family	d__Bacteria;p__Acidobacteriota;c__Terriglobia;o__Terriglobales;f__JAIQGF01;g__JAIQGF01;s__JAIQGF01 sp020072845	novel Bacteria	novel family	MetaPhlAn
GCA_020072845.1_genomic	metaphlan	genus	Bray-Curtis distance	0.5	family	d__Bacteria;p__Acidobacteriota;c__Terriglobia;o__Terriglobales;f__JAIQGF01;g__JAIQGF01;s__JAIQGF01 sp020072845	novel Bacteria	novel family	MetaPhlAn
GCA_020072845.1_genomic	metaphlan	species	Bray-Curtis distance	1	family	d__Bacteria;p__Acidobacteriota;c__Terriglobia;o__Terriglobales;f__JAIQGF01;g__JAIQGF01;s__JAIQGF01 sp020072845	novel Bacteria	novel family	MetaPhlAn
GCA_020072845.1_genomic	singlem	kingdom	Bray-Curtis distance	0.0026455026455027	family	d__Bacteria;p__Acidobacteriota;c__Terriglobia;o__Terriglobales;f__JAIQGF01;g__JAIQGF01;s__JAIQGF01 sp020072845	novel Bacteria	novel family	SingleM
GCA_020072845.1_genomic	singlem	phylum	Bray-Curtis distance	0.0193674920323609	family	d__Bacteria;p__Acidobacteriota;c__Terriglobia;o__Terriglobales;f__JAIQGF01;g__JAIQGF01;s__JAIQGF01 sp020072845	novel Bacteria	novel family	SingleM
GCA_020072845.1_genomic	singlem	class	Bray-Curtis distance	0.0233817376322914	family	d__Bacteria;p__Acidobacteriota;c__Terriglobia;o__Terriglobales;f__JAIQGF01;g__JAIQGF01;s__JAIQGF01 sp020072845	novel Bacteria	novel family	SingleM
GCA_020072845.1_genomic	singlem	order	Bray-Curtis distance	0.0248952427902391	family	d__Bacteria;p__Acidobacteriota;c__Terriglobia;o__Terriglobales;f__JAIQGF01;g__JAIQGF01;s__JAIQGF01 sp020072845	novel Bacteria	novel family	SingleM
GCA_020072845.1_genomic	singlem	family	Bray-Curtis distance	0.448387970739637	family	d__Bacteria;p__Acidobacteriota;c__Terriglobia;o__Terriglobales;f__JAIQGF01;g__JAIQGF01;s__JAIQGF01 sp020072845	novel Bacteria	novel family	SingleM
GCA_020072845.1_genomic	singlem	genus	Bray-Curtis distance	0.413256484149856	family	d__Bacteria;p__Acidobacteriota;c__Terriglobia;o__Terriglobales;f__JAIQGF01;g__JAIQGF01;s__JAIQGF01 sp020072845	novel Bacteria	novel family	SingleM
GCA_020072845.1_genomic	singlem	species	Bray-Curtis distance	0.34258960284146	family	d__Bacteria;p__Acidobacteriota;c__Terriglobia;o__Terriglobales;f__JAIQGF01;g__JAIQGF01;s__JAIQGF01 sp020072845	novel Bacteria	novel family	SingleM
GCA_020072845.1_genomic	singlem-regime3	kingdom	Bray-Curtis distance	0.0116279069767442	family	d__Bacteria;p__Acidobacteriota;c__Terriglobia;o__Terriglobales;f__JAIQGF01;g__JAIQGF01;s__JAIQGF01 sp020072845	novel Bacteria	novel family	
GCA_020072845.1_genomic	singlem-regime3	phylum	Bray-Curtis distance	0.025840441545409	family	d__Bacteria;p__Acidobacteriota;c__Terriglobia;o__Terriglobales;f__JAIQGF01;g__JAIQGF01;s__JAIQGF01 sp020072845	novel Bacteria	novel family	
GCA_020072845.1_genomic	singlem-regime3	class	Bray-Curtis distance	0.025840441545409	family	d__Bacteria;p__Acidobacteriota;c__Terriglobia;o__Terriglobales;f__JAIQGF01;g__JAIQGF01;s__JAIQGF01 sp020072845	novel Bacteria	novel family	
GCA_020072845.1_genomic	singlem-regime3	order	Bray-Curtis distance	0.025840441545409	family	d__Bacteria;p__Acidobacteriota;c__Terriglobia;o__Terriglobales;f__JAIQGF01;g__JAIQGF01;s__JAIQGF01 sp020072845	novel Bacteria	novel family	
GCA_020072845.1_genomic	singlem-regime3	family	Bray-Curtis distance	0.45066594183202	family	d__Bacteria;p__Acidobacteriota;c__Terriglobia;o__Terriglobales;f__JAIQGF01;g__JAIQGF01;s__JAIQGF01 sp020072845	novel Bacteria	novel family	
GCA_020072845.1_genomic	singlem-regime3	genus	Bray-Curtis distance	0.374690594059406	family	d__Bacteria;p__Acidobacteriota;c__Terriglobia;o__Terriglobales;f__JAIQGF01;g__JAIQGF01;s__JAIQGF01 sp020072845	novel Bacteria	novel family	
GCA_020072845.1_genomic	singlem-regime3	species	Bray-Curtis distance	0.345091514143095	family	d__Bacteria;p__Acidobacteriota;c__Terriglobia;o__Terriglobales;f__JAIQGF01;g__JAIQGF01;s__JAIQGF01 sp020072845	novel Bacteria	novel family	
GCA_020073185.1_genomic	sylph	kingdom	Bray-Curtis distance	0.5	family	d__Bacteria;p__Acidobacteriota;c__Terriglobia;o__Terriglobales;f__JAIQGF01;g__JAIQGF01;s__JAIQGF01 sp020073185	novel Bacteria	novel family	sylph
GCA_020073185.1_genomic	sylph	phylum	Bray-Curtis distance	0.5	family	d__Bacteria;p__Acidobacteriota;c__Terriglobia;o__Terriglobales;f__JAIQGF01;g__JAIQGF01;s__JAIQGF01 sp020073185	novel Bacteria	novel family	sylph
GCA_020073185.1_genomic	sylph	class	Bray-Curtis distance	0.5	family	d__Bacteria;p__Acidobacteriota;c__Terriglobia;o__Terriglobales;f__JAIQGF01;g__JAIQGF01;s__JAIQGF01 sp020073185	novel Bacteria	novel family	sylph
GCA_020073185.1_genomic	sylph	order	Bray-Curtis distance	0.5	family	d__Bacteria;p__Acidobacteriota;c__Terriglobia;o__Terriglobales;f__JAIQGF01;g__JAIQGF01;s__JAIQGF01 sp020073185	novel Bacteria	novel family	sylph
GCA_020073185.1_genomic	sylph	family	Bray-Curtis distance	0.5	family	d__Bacteria;p__Acidobacteriota;c__Terriglobia;o__Terriglobales;f__JAIQGF01;g__JAIQGF01;s__JAIQGF01 sp020073185	novel Bacteria	novel family	sylph
GCA_020073185.1_genomic	sylph	genus	Bray-Curtis distance	0.5	family	d__Bacteria;p__Acidobacteriota;c__Terriglobia;o__Terriglobales;f__JAIQGF01;g__JAIQGF01;s__JAIQGF01 sp020073185	novel Bacteria	novel family	sylph
GCA_020073185.1_genomic	sylph	species	Bray-Curtis distance	0.5	family	d__Bacteria;p__Acidobacteriota;c__Terriglobia;o__Terriglobales;f__JAIQGF01;g__JAIQGF01;s__JAIQGF01 sp020073185	novel Bacteria	novel family	sylph
GCA_020073185.1_genomic	metaphlan	kingdom	Bray-Curtis distance	0.5	family	d__Bacteria;p__Acidobacteriota;c__Terriglobia;o__Terriglobales;f__JAIQGF01;g__JAIQGF01;s__JAIQGF01 sp020073185	novel Bacteria	novel family	MetaPhlAn
GCA_020073185.1_genomic	metaphlan	phylum	Bray-Curtis distance	0.5	family	d__Bacteria;p__Acidobacteriota;c__Terriglobia;o__Terriglobales;f__JAIQGF01;g__JAIQGF01;s__JAIQGF01 sp020073185	novel Bacteria	novel family	MetaPhlAn
GCA_020073185.1_genomic	metaphlan	class	Bray-Curtis distance	0.5	family	d__Bacteria;p__Acidobacteriota;c__Terriglobia;o__Terriglobales;f__JAIQGF01;g__JAIQGF01;s__JAIQGF01 sp020073185	novel Bacteria	novel family	MetaPhlAn
GCA_020073185.1_genomic	metaphlan	order	Bray-Curtis distance	0.5	family	d__Bacteria;p__Acidobacteriota;c__Terriglobia;o__Terriglobales;f__JAIQGF01;g__JAIQGF01;s__JAIQGF01 sp020073185	novel Bacteria	novel family	MetaPhlAn
GCA_020073185.1_genomic	metaphlan	family	Bray-Curtis distance	0.5	family	d__Bacteria;p__Acidobacteriota;c__Terriglobia;o__Terriglobales;f__JAIQGF01;g__JAIQGF01;s__JAIQGF01 sp020073185	novel Bacteria	novel family	MetaPhlAn
GCA_020073185.1_genomic	metaphlan	genus	Bray-Curtis distance	0.5	family	d__Bacteria;p__Acidobacteriota;c__Terriglobia;o__Terriglobales;f__JAIQGF01;g__JAIQGF01;s__JAIQGF01 sp020073185	novel Bacteria	novel family	MetaPhlAn
GCA_020073185.1_genomic	metaphlan	species	Bray-Curtis distance	0.5	family	d__Bacteria;p__Acidobacteriota;c__Terriglobia;o__Terriglobales;f__JAIQGF01;g__JAIQGF01;s__JAIQGF01 sp020073185	novel Bacteria	novel family	MetaPhlAn
GCA_020073185.1_genomic	singlem	kingdom	Bray-Curtis distance	0.00916295195641407	family	d__Bacteria;p__Acidobacteriota;c__Terriglobia;o__Terriglobales;f__JAIQGF01;g__JAIQGF01;s__JAIQGF01 sp020073185	novel Bacteria	novel family	SingleM
GCA_020073185.1_genomic	singlem	phylum	Bray-Curtis distance	0.0181543116490165	family	d__Bacteria;p__Acidobacteriota;c__Terriglobia;o__Terriglobales;f__JAIQGF01;g__JAIQGF01;s__JAIQGF01 sp020073185	novel Bacteria	novel family	SingleM
GCA_020073185.1_genomic	singlem	class	Bray-Curtis distance	0.0209860935524651	family	d__Bacteria;p__Acidobacteriota;c__Terriglobia;o__Terriglobales;f__JAIQGF01;g__JAIQGF01;s__JAIQGF01 sp020073185	novel Bacteria	novel family	SingleM
GCA_020073185.1_genomic	singlem	order	Bray-Curtis distance	0.0209860935524651	family	d__Bacteria;p__Acidobacteriota;c__Terriglobia;o__Terriglobales;f__JAIQGF01;g__JAIQGF01;s__JAIQGF01 sp020073185	novel Bacteria	novel family	SingleM
GCA_020073185.1_genomic	singlem	family	Bray-Curtis distance	0.439806086722327	family	d__Bacteria;p__Acidobacteriota;c__Terriglobia;o__Terriglobales;f__JAIQGF01;g__JAIQGF01;s__JAIQGF01 sp020073185	novel Bacteria	novel family	SingleM
GCA_020073185.1_genomic	singlem	genus	Bray-Curtis distance	0.405824039653036	family	d__Bacteria;p__Acidobacteriota;c__Terriglobia;o__Terriglobales;f__JAIQGF01;g__JAIQGF01;s__JAIQGF01 sp020073185	novel Bacteria	novel family	SingleM
GCA_020073185.1_genomic	singlem	species	Bray-Curtis distance	0.35594358629953	family	d__Bacteria;p__Acidobacteriota;c__Terriglobia;o__Terriglobales;f__JAIQGF01;g__JAIQGF01;s__JAIQGF01 sp020073185	novel Bacteria	novel family	SingleM
GCA_020073185.1_genomic	singlem-regime3	kingdom	Bray-Curtis distance	0.00378787878787875	family	d__Bacteria;p__Acidobacteriota;c__Terriglobia;o__Terriglobales;f__JAIQGF01;g__JAIQGF01;s__JAIQGF01 sp020073185	novel Bacteria	novel family	
GCA_020073185.1_genomic	singlem-regime3	phylum	Bray-Curtis distance	0.027487229384578	family	d__Bacteria;p__Acidobacteriota;c__Terriglobia;o__Terriglobales;f__JAIQGF01;g__JAIQGF01;s__JAIQGF01 sp020073185	novel Bacteria	novel family	
GCA_020073185.1_genomic	singlem-regime3	class	Bray-Curtis distance	0.027487229384578	family	d__Bacteria;p__Acidobacteriota;c__Terriglobia;o__Terriglobales;f__JAIQGF01;g__JAIQGF01;s__JAIQGF01 sp020073185	novel Bacteria	novel family	
GCA_020073185.1_genomic	singlem-regime3	order	Bray-Curtis distance	0.027487229384578	family	d__Bacteria;p__Acidobacteriota;c__Terriglobia;o__Terriglobales;f__JAIQGF01;g__JAIQGF01;s__JAIQGF01 sp020073185	novel Bacteria	novel family	
GCA_020073185.1_genomic	singlem-regime3	family	Bray-Curtis distance	0.450292397660819	family	d__Bacteria;p__Acidobacteriota;c__Terriglobia;o__Terriglobales;f__JAIQGF01;g__JAIQGF01;s__JAIQGF01 sp020073185	novel Bacteria	novel family	
GCA_020073185.1_genomic	singlem-regime3	genus	Bray-Curtis distance	0.43121387283237	family	d__Bacteria;p__Acidobacteriota;c__Terriglobia;o__Terriglobales;f__JAIQGF01;g__JAIQGF01;s__JAIQGF01 sp020073185	novel Bacteria	novel family	
GCA_020073185.1_genomic	singlem-regime3	species	Bray-Curtis distance	0.364341085271318	family	d__Bacteria;p__Acidobacteriota;c__Terriglobia;o__Terriglobales;f__JAIQGF01;g__JAIQGF01;s__JAIQGF01 sp020073185	novel Bacteria	novel family	
GCA_020073495.1_genomic	sylph	kingdom	Bray-Curtis distance	0.5	family	d__Bacteria;p__Acidobacteriota;c__Terriglobia;o__Terriglobales;f__JAIQFD01;g__JAIQFD01;s__JAIQFD01 sp020073495	novel Bacteria	novel family	sylph
GCA_020073495.1_genomic	sylph	phylum	Bray-Curtis distance	0.5	family	d__Bacteria;p__Acidobacteriota;c__Terriglobia;o__Terriglobales;f__JAIQFD01;g__JAIQFD01;s__JAIQFD01 sp020073495	novel Bacteria	novel family	sylph
GCA_020073495.1_genomic	sylph	class	Bray-Curtis distance	0.5	family	d__Bacteria;p__Acidobacteriota;c__Terriglobia;o__Terriglobales;f__JAIQFD01;g__JAIQFD01;s__JAIQFD01 sp020073495	novel Bacteria	novel family	sylph
GCA_020073495.1_genomic	sylph	order	Bray-Curtis distance	0.5	family	d__Bacteria;p__Acidobacteriota;c__Terriglobia;o__Terriglobales;f__JAIQFD01;g__JAIQFD01;s__JAIQFD01 sp020073495	novel Bacteria	novel family	sylph
GCA_020073495.1_genomic	sylph	family	Bray-Curtis distance	0.5	family	d__Bacteria;p__Acidobacteriota;c__Terriglobia;o__Terriglobales;f__JAIQFD01;g__JAIQFD01;s__JAIQFD01 sp020073495	novel Bacteria	novel family	sylph
GCA_020073495.1_genomic	sylph	genus	Bray-Curtis distance	0.5	family	d__Bacteria;p__Acidobacteriota;c__Terriglobia;o__Terriglobales;f__JAIQFD01;g__JAIQFD01;s__JAIQFD01 sp020073495	novel Bacteria	novel family	sylph
GCA_020073495.1_genomic	sylph	species	Bray-Curtis distance	0.5	family	d__Bacteria;p__Acidobacteriota;c__Terriglobia;o__Terriglobales;f__JAIQFD01;g__JAIQFD01;s__JAIQFD01 sp020073495	novel Bacteria	novel family	sylph
GCA_020073495.1_genomic	metaphlan	kingdom	Bray-Curtis distance	0.5	family	d__Bacteria;p__Acidobacteriota;c__Terriglobia;o__Terriglobales;f__JAIQFD01;g__JAIQFD01;s__JAIQFD01 sp020073495	novel Bacteria	novel family	MetaPhlAn
GCA_020073495.1_genomic	metaphlan	phylum	Bray-Curtis distance	0.5	family	d__Bacteria;p__Acidobacteriota;c__Terriglobia;o__Terriglobales;f__JAIQFD01;g__JAIQFD01;s__JAIQFD01 sp020073495	novel Bacteria	novel family	MetaPhlAn
GCA_020073495.1_genomic	metaphlan	class	Bray-Curtis distance	0.5	family	d__Bacteria;p__Acidobacteriota;c__Terriglobia;o__Terriglobales;f__JAIQFD01;g__JAIQFD01;s__JAIQFD01 sp020073495	novel Bacteria	novel family	MetaPhlAn
GCA_020073495.1_genomic	metaphlan	order	Bray-Curtis distance	0.5	family	d__Bacteria;p__Acidobacteriota;c__Terriglobia;o__Terriglobales;f__JAIQFD01;g__JAIQFD01;s__JAIQFD01 sp020073495	novel Bacteria	novel family	MetaPhlAn
GCA_020073495.1_genomic	metaphlan	family	Bray-Curtis distance	0.5	family	d__Bacteria;p__Acidobacteriota;c__Terriglobia;o__Terriglobales;f__JAIQFD01;g__JAIQFD01;s__JAIQFD01 sp020073495	novel Bacteria	novel family	MetaPhlAn
GCA_020073495.1_genomic	metaphlan	genus	Bray-Curtis distance	0.5	family	d__Bacteria;p__Acidobacteriota;c__Terriglobia;o__Terriglobales;f__JAIQFD01;g__JAIQFD01;s__JAIQFD01 sp020073495	novel Bacteria	novel family	MetaPhlAn
GCA_020073495.1_genomic	metaphlan	species	Bray-Curtis distance	0.5	family	d__Bacteria;p__Acidobacteriota;c__Terriglobia;o__Terriglobales;f__JAIQFD01;g__JAIQFD01;s__JAIQFD01 sp020073495	novel Bacteria	novel family	MetaPhlAn
GCA_020073495.1_genomic	singlem	kingdom	Bray-Curtis distance	0.0121718377088305	family	d__Bacteria;p__Acidobacteriota;c__Terriglobia;o__Terriglobales;f__JAIQFD01;g__JAIQFD01;s__JAIQFD01 sp020073495	novel Bacteria	novel family	SingleM
GCA_020073495.1_genomic	singlem	phylum	Bray-Curtis distance	0.0101253616200579	family	d__Bacteria;p__Acidobacteriota;c__Terriglobia;o__Terriglobales;f__JAIQFD01;g__JAIQFD01;s__JAIQFD01 sp020073495	novel Bacteria	novel family	SingleM
GCA_020073495.1_genomic	singlem	class	Bray-Curtis distance	0.0101253616200579	family	d__Bacteria;p__Acidobacteriota;c__Terriglobia;o__Terriglobales;f__JAIQFD01;g__JAIQFD01;s__JAIQFD01 sp020073495	novel Bacteria	novel family	SingleM
GCA_020073495.1_genomic	singlem	order	Bray-Curtis distance	0.0101253616200579	family	d__Bacteria;p__Acidobacteriota;c__Terriglobia;o__Terriglobales;f__JAIQFD01;g__JAIQFD01;s__JAIQFD01 sp020073495	novel Bacteria	novel family	SingleM
GCA_020073495.1_genomic	singlem	family	Bray-Curtis distance	0.457777777777778	family	d__Bacteria;p__Acidobacteriota;c__Terriglobia;o__Terriglobales;f__JAIQFD01;g__JAIQFD01;s__JAIQFD01 sp020073495	novel Bacteria	novel family	SingleM
GCA_020073495.1_genomic	singlem	genus	Bray-Curtis distance	0.408948418352807	family	d__Bacteria;p__Acidobacteriota;c__Terriglobia;o__Terriglobales;f__JAIQFD01;g__JAIQFD01;s__JAIQFD01 sp020073495	novel Bacteria	novel family	SingleM
GCA_020073495.1_genomic	singlem	species	Bray-Curtis distance	0.337803320561941	family	d__Bacteria;p__Acidobacteriota;c__Terriglobia;o__Terriglobales;f__JAIQFD01;g__JAIQFD01;s__JAIQFD01 sp020073495	novel Bacteria	novel family	SingleM
GCA_020073495.1_genomic	singlem-regime3	kingdom	Bray-Curtis distance	0.024530032095369	family	d__Bacteria;p__Acidobacteriota;c__Terriglobia;o__Terriglobales;f__JAIQFD01;g__JAIQFD01;s__JAIQFD01 sp020073495	novel Bacteria	novel family	
GCA_020073495.1_genomic	singlem-regime3	phylum	Bray-Curtis distance	0.024530032095369	family	d__Bacteria;p__Acidobacteriota;c__Terriglobia;o__Terriglobales;f__JAIQFD01;g__JAIQFD01;s__JAIQFD01 sp020073495	novel Bacteria	novel family	
GCA_020073495.1_genomic	singlem-regime3	class	Bray-Curtis distance	0.024530032095369	family	d__Bacteria;p__Acidobacteriota;c__Terriglobia;o__Terriglobales;f__JAIQFD01;g__JAIQFD01;s__JAIQFD01 sp020073495	novel Bacteria	novel family	
GCA_020073495.1_genomic	singlem-regime3	order	Bray-Curtis distance	0.024530032095369	family	d__Bacteria;p__Acidobacteriota;c__Terriglobia;o__Terriglobales;f__JAIQFD01;g__JAIQFD01;s__JAIQFD01 sp020073495	novel Bacteria	novel family	
GCA_020073495.1_genomic	singlem-regime3	family	Bray-Curtis distance	0.461018711018711	family	d__Bacteria;p__Acidobacteriota;c__Terriglobia;o__Terriglobales;f__JAIQFD01;g__JAIQFD01;s__JAIQFD01 sp020073495	novel Bacteria	novel family	
GCA_020073495.1_genomic	singlem-regime3	genus	Bray-Curtis distance	0.431780821917808	family	d__Bacteria;p__Acidobacteriota;c__Terriglobia;o__Terriglobales;f__JAIQFD01;g__JAIQFD01;s__JAIQFD01 sp020073495	novel Bacteria	novel family	
GCA_020073495.1_genomic	singlem-regime3	species	Bray-Curtis distance	0.375591296121097	family	d__Bacteria;p__Acidobacteriota;c__Terriglobia;o__Terriglobales;f__JAIQFD01;g__JAIQFD01;s__JAIQFD01 sp020073495	novel Bacteria	novel family	
GCA_020161365.1_genomic	sylph	kingdom	Bray-Curtis distance	0.5	species	d__Bacteria;p__Pseudomonadota;c__Alphaproteobacteria;o__Caulobacterales;f__Caulobacteraceae;g__Caulobacter;s__Caulobacter sp020161365	novel Bacteria	novel species	sylph
GCA_020161365.1_genomic	sylph	phylum	Bray-Curtis distance	0.5	species	d__Bacteria;p__Pseudomonadota;c__Alphaproteobacteria;o__Caulobacterales;f__Caulobacteraceae;g__Caulobacter;s__Caulobacter sp020161365	novel Bacteria	novel species	sylph
GCA_020161365.1_genomic	sylph	class	Bray-Curtis distance	0.5	species	d__Bacteria;p__Pseudomonadota;c__Alphaproteobacteria;o__Caulobacterales;f__Caulobacteraceae;g__Caulobacter;s__Caulobacter sp020161365	novel Bacteria	novel species	sylph
GCA_020161365.1_genomic	sylph	order	Bray-Curtis distance	0.5	species	d__Bacteria;p__Pseudomonadota;c__Alphaproteobacteria;o__Caulobacterales;f__Caulobacteraceae;g__Caulobacter;s__Caulobacter sp020161365	novel Bacteria	novel species	sylph
GCA_020161365.1_genomic	sylph	family	Bray-Curtis distance	0.5	species	d__Bacteria;p__Pseudomonadota;c__Alphaproteobacteria;o__Caulobacterales;f__Caulobacteraceae;g__Caulobacter;s__Caulobacter sp020161365	novel Bacteria	novel species	sylph
GCA_020161365.1_genomic	sylph	genus	Bray-Curtis distance	0.5	species	d__Bacteria;p__Pseudomonadota;c__Alphaproteobacteria;o__Caulobacterales;f__Caulobacteraceae;g__Caulobacter;s__Caulobacter sp020161365	novel Bacteria	novel species	sylph
GCA_020161365.1_genomic	sylph	species	Bray-Curtis distance	0.5	species	d__Bacteria;p__Pseudomonadota;c__Alphaproteobacteria;o__Caulobacterales;f__Caulobacteraceae;g__Caulobacter;s__Caulobacter sp020161365	novel Bacteria	novel species	sylph
GCA_020161365.1_genomic	metaphlan	kingdom	Bray-Curtis distance	0.3390007	species	d__Bacteria;p__Pseudomonadota;c__Alphaproteobacteria;o__Caulobacterales;f__Caulobacteraceae;g__Caulobacter;s__Caulobacter sp020161365	novel Bacteria	novel species	MetaPhlAn
GCA_020161365.1_genomic	metaphlan	phylum	Bray-Curtis distance	0.3390007	species	d__Bacteria;p__Pseudomonadota;c__Alphaproteobacteria;o__Caulobacterales;f__Caulobacteraceae;g__Caulobacter;s__Caulobacter sp020161365	novel Bacteria	novel species	MetaPhlAn
GCA_020161365.1_genomic	metaphlan	class	Bray-Curtis distance	0.3390007	species	d__Bacteria;p__Pseudomonadota;c__Alphaproteobacteria;o__Caulobacterales;f__Caulobacteraceae;g__Caulobacter;s__Caulobacter sp020161365	novel Bacteria	novel species	MetaPhlAn
GCA_020161365.1_genomic	metaphlan	order	Bray-Curtis distance	0.3390007	species	d__Bacteria;p__Pseudomonadota;c__Alphaproteobacteria;o__Caulobacterales;f__Caulobacteraceae;g__Caulobacter;s__Caulobacter sp020161365	novel Bacteria	novel species	MetaPhlAn
GCA_020161365.1_genomic	metaphlan	family	Bray-Curtis distance	0.3390007	species	d__Bacteria;p__Pseudomonadota;c__Alphaproteobacteria;o__Caulobacterales;f__Caulobacteraceae;g__Caulobacter;s__Caulobacter sp020161365	novel Bacteria	novel species	MetaPhlAn
GCA_020161365.1_genomic	metaphlan	genus	Bray-Curtis distance	0.3390007	species	d__Bacteria;p__Pseudomonadota;c__Alphaproteobacteria;o__Caulobacterales;f__Caulobacteraceae;g__Caulobacter;s__Caulobacter sp020161365	novel Bacteria	novel species	MetaPhlAn
GCA_020161365.1_genomic	metaphlan	species	Bray-Curtis distance	0.5	species	d__Bacteria;p__Pseudomonadota;c__Alphaproteobacteria;o__Caulobacterales;f__Caulobacteraceae;g__Caulobacter;s__Caulobacter sp020161365	novel Bacteria	novel species	MetaPhlAn
GCA_020161365.1_genomic	singlem	kingdom	Bray-Curtis distance	0.0339112697603264	species	d__Bacteria;p__Pseudomonadota;c__Alphaproteobacteria;o__Caulobacterales;f__Caulobacteraceae;g__Caulobacter;s__Caulobacter sp020161365	novel Bacteria	novel species	SingleM
GCA_020161365.1_genomic	singlem	phylum	Bray-Curtis distance	0.0339979550102249	species	d__Bacteria;p__Pseudomonadota;c__Alphaproteobacteria;o__Caulobacterales;f__Caulobacteraceae;g__Caulobacter;s__Caulobacter sp020161365	novel Bacteria	novel species	SingleM
GCA_020161365.1_genomic	singlem	class	Bray-Curtis distance	0.0339979550102249	species	d__Bacteria;p__Pseudomonadota;c__Alphaproteobacteria;o__Caulobacterales;f__Caulobacteraceae;g__Caulobacter;s__Caulobacter sp020161365	novel Bacteria	novel species	SingleM
GCA_020161365.1_genomic	singlem	order	Bray-Curtis distance	0.0339979550102249	species	d__Bacteria;p__Pseudomonadota;c__Alphaproteobacteria;o__Caulobacterales;f__Caulobacteraceae;g__Caulobacter;s__Caulobacter sp020161365	novel Bacteria	novel species	SingleM
GCA_020161365.1_genomic	singlem	family	Bray-Curtis distance	0.0339979550102249	species	d__Bacteria;p__Pseudomonadota;c__Alphaproteobacteria;o__Caulobacterales;f__Caulobacteraceae;g__Caulobacter;s__Caulobacter sp020161365	novel Bacteria	novel species	SingleM
GCA_020161365.1_genomic	singlem	genus	Bray-Curtis distance	0.0339979550102249	species	d__Bacteria;p__Pseudomonadota;c__Alphaproteobacteria;o__Caulobacterales;f__Caulobacteraceae;g__Caulobacter;s__Caulobacter sp020161365	novel Bacteria	novel species	SingleM
GCA_020161365.1_genomic	singlem	species	Bray-Curtis distance	0.4721399730821	species	d__Bacteria;p__Pseudomonadota;c__Alphaproteobacteria;o__Caulobacterales;f__Caulobacteraceae;g__Caulobacter;s__Caulobacter sp020161365	novel Bacteria	novel species	SingleM
GCA_020161365.1_genomic	singlem-regime3	kingdom	Bray-Curtis distance	0.121015348288076	species	d__Bacteria;p__Pseudomonadota;c__Alphaproteobacteria;o__Caulobacterales;f__Caulobacteraceae;g__Caulobacter;s__Caulobacter sp020161365	novel Bacteria	novel species	
GCA_020161365.1_genomic	singlem-regime3	phylum	Bray-Curtis distance	0.121015348288076	species	d__Bacteria;p__Pseudomonadota;c__Alphaproteobacteria;o__Caulobacterales;f__Caulobacteraceae;g__Caulobacter;s__Caulobacter sp020161365	novel Bacteria	novel species	
GCA_020161365.1_genomic	singlem-regime3	class	Bray-Curtis distance	0.121015348288076	species	d__Bacteria;p__Pseudomonadota;c__Alphaproteobacteria;o__Caulobacterales;f__Caulobacteraceae;g__Caulobacter;s__Caulobacter sp020161365	novel Bacteria	novel species	
GCA_020161365.1_genomic	singlem-regime3	order	Bray-Curtis distance	0.121015348288076	species	d__Bacteria;p__Pseudomonadota;c__Alphaproteobacteria;o__Caulobacterales;f__Caulobacteraceae;g__Caulobacter;s__Caulobacter sp020161365	novel Bacteria	novel species	
GCA_020161365.1_genomic	singlem-regime3	family	Bray-Curtis distance	0.121015348288076	species	d__Bacteria;p__Pseudomonadota;c__Alphaproteobacteria;o__Caulobacterales;f__Caulobacteraceae;g__Caulobacter;s__Caulobacter sp020161365	novel Bacteria	novel species	
GCA_020161365.1_genomic	singlem-regime3	genus	Bray-Curtis distance	0.121015348288076	species	d__Bacteria;p__Pseudomonadota;c__Alphaproteobacteria;o__Caulobacterales;f__Caulobacteraceae;g__Caulobacter;s__Caulobacter sp020161365	novel Bacteria	novel species	
GCA_020161365.1_genomic	singlem-regime3	species	Bray-Curtis distance	0.372824879674195	species	d__Bacteria;p__Pseudomonadota;c__Alphaproteobacteria;o__Caulobacterales;f__Caulobacteraceae;g__Caulobacter;s__Caulobacter sp020161365	novel Bacteria	novel species	
GCA_020249145.1_genomic	sylph	kingdom	Bray-Curtis distance	0.5	species	d__Bacteria;p__Pseudomonadota;c__Alphaproteobacteria;o__Acetobacterales;f__Acetobacteraceae;g__Roseomonas_B;s__Roseomonas_B sp020249145	novel Bacteria	novel species	sylph
GCA_020249145.1_genomic	sylph	phylum	Bray-Curtis distance	0.5	species	d__Bacteria;p__Pseudomonadota;c__Alphaproteobacteria;o__Acetobacterales;f__Acetobacteraceae;g__Roseomonas_B;s__Roseomonas_B sp020249145	novel Bacteria	novel species	sylph
GCA_020249145.1_genomic	sylph	class	Bray-Curtis distance	0.5	species	d__Bacteria;p__Pseudomonadota;c__Alphaproteobacteria;o__Acetobacterales;f__Acetobacteraceae;g__Roseomonas_B;s__Roseomonas_B sp020249145	novel Bacteria	novel species	sylph
GCA_020249145.1_genomic	sylph	order	Bray-Curtis distance	0.5	species	d__Bacteria;p__Pseudomonadota;c__Alphaproteobacteria;o__Acetobacterales;f__Acetobacteraceae;g__Roseomonas_B;s__Roseomonas_B sp020249145	novel Bacteria	novel species	sylph
GCA_020249145.1_genomic	sylph	family	Bray-Curtis distance	0.5	species	d__Bacteria;p__Pseudomonadota;c__Alphaproteobacteria;o__Acetobacterales;f__Acetobacteraceae;g__Roseomonas_B;s__Roseomonas_B sp020249145	novel Bacteria	novel species	sylph
GCA_020249145.1_genomic	sylph	genus	Bray-Curtis distance	0.5	species	d__Bacteria;p__Pseudomonadota;c__Alphaproteobacteria;o__Acetobacterales;f__Acetobacteraceae;g__Roseomonas_B;s__Roseomonas_B sp020249145	novel Bacteria	novel species	sylph
GCA_020249145.1_genomic	sylph	species	Bray-Curtis distance	0.5	species	d__Bacteria;p__Pseudomonadota;c__Alphaproteobacteria;o__Acetobacterales;f__Acetobacteraceae;g__Roseomonas_B;s__Roseomonas_B sp020249145	novel Bacteria	novel species	sylph
GCA_020249145.1_genomic	metaphlan	kingdom	Bray-Curtis distance	0.5	species	d__Bacteria;p__Pseudomonadota;c__Alphaproteobacteria;o__Acetobacterales;f__Acetobacteraceae;g__Roseomonas_B;s__Roseomonas_B sp020249145	novel Bacteria	novel species	MetaPhlAn
GCA_020249145.1_genomic	metaphlan	phylum	Bray-Curtis distance	0.5	species	d__Bacteria;p__Pseudomonadota;c__Alphaproteobacteria;o__Acetobacterales;f__Acetobacteraceae;g__Roseomonas_B;s__Roseomonas_B sp020249145	novel Bacteria	novel species	MetaPhlAn
GCA_020249145.1_genomic	metaphlan	class	Bray-Curtis distance	0.5	species	d__Bacteria;p__Pseudomonadota;c__Alphaproteobacteria;o__Acetobacterales;f__Acetobacteraceae;g__Roseomonas_B;s__Roseomonas_B sp020249145	novel Bacteria	novel species	MetaPhlAn
GCA_020249145.1_genomic	metaphlan	order	Bray-Curtis distance	0.5	species	d__Bacteria;p__Pseudomonadota;c__Alphaproteobacteria;o__Acetobacterales;f__Acetobacteraceae;g__Roseomonas_B;s__Roseomonas_B sp020249145	novel Bacteria	novel species	MetaPhlAn
GCA_020249145.1_genomic	metaphlan	family	Bray-Curtis distance	0.5	species	d__Bacteria;p__Pseudomonadota;c__Alphaproteobacteria;o__Acetobacterales;f__Acetobacteraceae;g__Roseomonas_B;s__Roseomonas_B sp020249145	novel Bacteria	novel species	MetaPhlAn
GCA_020249145.1_genomic	metaphlan	genus	Bray-Curtis distance	0.5	species	d__Bacteria;p__Pseudomonadota;c__Alphaproteobacteria;o__Acetobacterales;f__Acetobacteraceae;g__Roseomonas_B;s__Roseomonas_B sp020249145	novel Bacteria	novel species	MetaPhlAn
GCA_020249145.1_genomic	metaphlan	species	Bray-Curtis distance	0.5	species	d__Bacteria;p__Pseudomonadota;c__Alphaproteobacteria;o__Acetobacterales;f__Acetobacteraceae;g__Roseomonas_B;s__Roseomonas_B sp020249145	novel Bacteria	novel species	MetaPhlAn
GCA_020249145.1_genomic	singlem	kingdom	Bray-Curtis distance	0.036847242557345	species	d__Bacteria;p__Pseudomonadota;c__Alphaproteobacteria;o__Acetobacterales;f__Acetobacteraceae;g__Roseomonas_B;s__Roseomonas_B sp020249145	novel Bacteria	novel species	SingleM
GCA_020249145.1_genomic	singlem	phylum	Bray-Curtis distance	0.02926709296606	species	d__Bacteria;p__Pseudomonadota;c__Alphaproteobacteria;o__Acetobacterales;f__Acetobacteraceae;g__Roseomonas_B;s__Roseomonas_B sp020249145	novel Bacteria	novel species	SingleM
GCA_020249145.1_genomic	singlem	class	Bray-Curtis distance	0.02926709296606	species	d__Bacteria;p__Pseudomonadota;c__Alphaproteobacteria;o__Acetobacterales;f__Acetobacteraceae;g__Roseomonas_B;s__Roseomonas_B sp020249145	novel Bacteria	novel species	SingleM
GCA_020249145.1_genomic	singlem	order	Bray-Curtis distance	0.02926709296606	species	d__Bacteria;p__Pseudomonadota;c__Alphaproteobacteria;o__Acetobacterales;f__Acetobacteraceae;g__Roseomonas_B;s__Roseomonas_B sp020249145	novel Bacteria	novel species	SingleM
GCA_020249145.1_genomic	singlem	family	Bray-Curtis distance	0.02926709296606	species	d__Bacteria;p__Pseudomonadota;c__Alphaproteobacteria;o__Acetobacterales;f__Acetobacteraceae;g__Roseomonas_B;s__Roseomonas_B sp020249145	novel Bacteria	novel species	SingleM
GCA_020249145.1_genomic	singlem	genus	Bray-Curtis distance	0.02926709296606	species	d__Bacteria;p__Pseudomonadota;c__Alphaproteobacteria;o__Acetobacterales;f__Acetobacteraceae;g__Roseomonas_B;s__Roseomonas_B sp020249145	novel Bacteria	novel species	SingleM
GCA_020249145.1_genomic	singlem	species	Bray-Curtis distance	0.342637151106834	species	d__Bacteria;p__Pseudomonadota;c__Alphaproteobacteria;o__Acetobacterales;f__Acetobacteraceae;g__Roseomonas_B;s__Roseomonas_B sp020249145	novel Bacteria	novel species	SingleM
GCA_020249145.1_genomic	singlem-regime3	kingdom	Bray-Curtis distance	0.0407725321888412	species	d__Bacteria;p__Pseudomonadota;c__Alphaproteobacteria;o__Acetobacterales;f__Acetobacteraceae;g__Roseomonas_B;s__Roseomonas_B sp020249145	novel Bacteria	novel species	
GCA_020249145.1_genomic	singlem-regime3	phylum	Bray-Curtis distance	0.0407725321888412	species	d__Bacteria;p__Pseudomonadota;c__Alphaproteobacteria;o__Acetobacterales;f__Acetobacteraceae;g__Roseomonas_B;s__Roseomonas_B sp020249145	novel Bacteria	novel species	
GCA_020249145.1_genomic	singlem-regime3	class	Bray-Curtis distance	0.0407725321888412	species	d__Bacteria;p__Pseudomonadota;c__Alphaproteobacteria;o__Acetobacterales;f__Acetobacteraceae;g__Roseomonas_B;s__Roseomonas_B sp020249145	novel Bacteria	novel species	
GCA_020249145.1_genomic	singlem-regime3	order	Bray-Curtis distance	0.0407725321888412	species	d__Bacteria;p__Pseudomonadota;c__Alphaproteobacteria;o__Acetobacterales;f__Acetobacteraceae;g__Roseomonas_B;s__Roseomonas_B sp020249145	novel Bacteria	novel species	
GCA_020249145.1_genomic	singlem-regime3	family	Bray-Curtis distance	0.0407725321888412	species	d__Bacteria;p__Pseudomonadota;c__Alphaproteobacteria;o__Acetobacterales;f__Acetobacteraceae;g__Roseomonas_B;s__Roseomonas_B sp020249145	novel Bacteria	novel species	
GCA_020249145.1_genomic	singlem-regime3	genus	Bray-Curtis distance	0.0407725321888412	species	d__Bacteria;p__Pseudomonadota;c__Alphaproteobacteria;o__Acetobacterales;f__Acetobacteraceae;g__Roseomonas_B;s__Roseomonas_B sp020249145	novel Bacteria	novel species	
GCA_020249145.1_genomic	singlem-regime3	species	Bray-Curtis distance	0.371596762325239	species	d__Bacteria;p__Pseudomonadota;c__Alphaproteobacteria;o__Acetobacterales;f__Acetobacteraceae;g__Roseomonas_B;s__Roseomonas_B sp020249145	novel Bacteria	novel species	
GCA_020348925.1_genomic	sylph	kingdom	Bray-Curtis distance	0.5	order	d__Bacteria;p__TA06_A;c__DG-26_A;o__G020348925;f__G020348925;g__G020348925;s__G020348925 sp020348925	novel Bacteria	novel order	sylph
GCA_020348925.1_genomic	sylph	phylum	Bray-Curtis distance	0.5	order	d__Bacteria;p__TA06_A;c__DG-26_A;o__G020348925;f__G020348925;g__G020348925;s__G020348925 sp020348925	novel Bacteria	novel order	sylph
GCA_020348925.1_genomic	sylph	class	Bray-Curtis distance	0.5	order	d__Bacteria;p__TA06_A;c__DG-26_A;o__G020348925;f__G020348925;g__G020348925;s__G020348925 sp020348925	novel Bacteria	novel order	sylph
GCA_020348925.1_genomic	sylph	order	Bray-Curtis distance	0.5	order	d__Bacteria;p__TA06_A;c__DG-26_A;o__G020348925;f__G020348925;g__G020348925;s__G020348925 sp020348925	novel Bacteria	novel order	sylph
GCA_020348925.1_genomic	sylph	family	Bray-Curtis distance	0.5	order	d__Bacteria;p__TA06_A;c__DG-26_A;o__G020348925;f__G020348925;g__G020348925;s__G020348925 sp020348925	novel Bacteria	novel order	sylph
GCA_020348925.1_genomic	sylph	genus	Bray-Curtis distance	0.5	order	d__Bacteria;p__TA06_A;c__DG-26_A;o__G020348925;f__G020348925;g__G020348925;s__G020348925 sp020348925	novel Bacteria	novel order	sylph
GCA_020348925.1_genomic	sylph	species	Bray-Curtis distance	0.5	order	d__Bacteria;p__TA06_A;c__DG-26_A;o__G020348925;f__G020348925;g__G020348925;s__G020348925 sp020348925	novel Bacteria	novel order	sylph
GCA_020348925.1_genomic	metaphlan	kingdom	Bray-Curtis distance	0.5	order	d__Bacteria;p__TA06_A;c__DG-26_A;o__G020348925;f__G020348925;g__G020348925;s__G020348925 sp020348925	novel Bacteria	novel order	MetaPhlAn
GCA_020348925.1_genomic	metaphlan	phylum	Bray-Curtis distance	0.5	order	d__Bacteria;p__TA06_A;c__DG-26_A;o__G020348925;f__G020348925;g__G020348925;s__G020348925 sp020348925	novel Bacteria	novel order	MetaPhlAn
GCA_020348925.1_genomic	metaphlan	class	Bray-Curtis distance	0.5	order	d__Bacteria;p__TA06_A;c__DG-26_A;o__G020348925;f__G020348925;g__G020348925;s__G020348925 sp020348925	novel Bacteria	novel order	MetaPhlAn
GCA_020348925.1_genomic	metaphlan	order	Bray-Curtis distance	0.5	order	d__Bacteria;p__TA06_A;c__DG-26_A;o__G020348925;f__G020348925;g__G020348925;s__G020348925 sp020348925	novel Bacteria	novel order	MetaPhlAn
GCA_020348925.1_genomic	metaphlan	family	Bray-Curtis distance	0.5	order	d__Bacteria;p__TA06_A;c__DG-26_A;o__G020348925;f__G020348925;g__G020348925;s__G020348925 sp020348925	novel Bacteria	novel order	MetaPhlAn
GCA_020348925.1_genomic	metaphlan	genus	Bray-Curtis distance	0.5	order	d__Bacteria;p__TA06_A;c__DG-26_A;o__G020348925;f__G020348925;g__G020348925;s__G020348925 sp020348925	novel Bacteria	novel order	MetaPhlAn
GCA_020348925.1_genomic	metaphlan	species	Bray-Curtis distance	0.5	order	d__Bacteria;p__TA06_A;c__DG-26_A;o__G020348925;f__G020348925;g__G020348925;s__G020348925 sp020348925	novel Bacteria	novel order	MetaPhlAn
GCA_020348925.1_genomic	singlem	kingdom	Bray-Curtis distance	0.00888776028440841	order	d__Bacteria;p__TA06_A;c__DG-26_A;o__G020348925;f__G020348925;g__G020348925;s__G020348925 sp020348925	novel Bacteria	novel order	SingleM
GCA_020348925.1_genomic	singlem	phylum	Bray-Curtis distance	0.335919055649241	order	d__Bacteria;p__TA06_A;c__DG-26_A;o__G020348925;f__G020348925;g__G020348925;s__G020348925 sp020348925	novel Bacteria	novel order	SingleM
GCA_020348925.1_genomic	singlem	class	Bray-Curtis distance	0.335919055649241	order	d__Bacteria;p__TA06_A;c__DG-26_A;o__G020348925;f__G020348925;g__G020348925;s__G020348925 sp020348925	novel Bacteria	novel order	SingleM
GCA_020348925.1_genomic	singlem	order	Bray-Curtis distance	0.335919055649241	order	d__Bacteria;p__TA06_A;c__DG-26_A;o__G020348925;f__G020348925;g__G020348925;s__G020348925 sp020348925	novel Bacteria	novel order	SingleM
GCA_020348925.1_genomic	singlem	family	Bray-Curtis distance	0.334915254237288	order	d__Bacteria;p__TA06_A;c__DG-26_A;o__G020348925;f__G020348925;g__G020348925;s__G020348925 sp020348925	novel Bacteria	novel order	SingleM
GCA_020348925.1_genomic	singlem	genus	Bray-Curtis distance	0.334915254237288	order	d__Bacteria;p__TA06_A;c__DG-26_A;o__G020348925;f__G020348925;g__G020348925;s__G020348925 sp020348925	novel Bacteria	novel order	SingleM
GCA_020348925.1_genomic	singlem	species	Bray-Curtis distance	0.334915254237288	order	d__Bacteria;p__TA06_A;c__DG-26_A;o__G020348925;f__G020348925;g__G020348925;s__G020348925 sp020348925	novel Bacteria	novel order	SingleM
GCA_020348925.1_genomic	singlem-regime3	kingdom	Bray-Curtis distance	0.0243386243386244	order	d__Bacteria;p__TA06_A;c__DG-26_A;o__G020348925;f__G020348925;g__G020348925;s__G020348925 sp020348925	novel Bacteria	novel order	
GCA_020348925.1_genomic	singlem-regime3	phylum	Bray-Curtis distance	0.359756097560976	order	d__Bacteria;p__TA06_A;c__DG-26_A;o__G020348925;f__G020348925;g__G020348925;s__G020348925 sp020348925	novel Bacteria	novel order	
GCA_020348925.1_genomic	singlem-regime3	class	Bray-Curtis distance	0.343977785491149	order	d__Bacteria;p__TA06_A;c__DG-26_A;o__G020348925;f__G020348925;g__G020348925;s__G020348925 sp020348925	novel Bacteria	novel order	
GCA_020348925.1_genomic	singlem-regime3	order	Bray-Curtis distance	0.343977785491149	order	d__Bacteria;p__TA06_A;c__DG-26_A;o__G020348925;f__G020348925;g__G020348925;s__G020348925 sp020348925	novel Bacteria	novel order	
GCA_020348925.1_genomic	singlem-regime3	family	Bray-Curtis distance	0.343977785491149	order	d__Bacteria;p__TA06_A;c__DG-26_A;o__G020348925;f__G020348925;g__G020348925;s__G020348925 sp020348925	novel Bacteria	novel order	
GCA_020348925.1_genomic	singlem-regime3	genus	Bray-Curtis distance	0.343977785491149	order	d__Bacteria;p__TA06_A;c__DG-26_A;o__G020348925;f__G020348925;g__G020348925;s__G020348925 sp020348925	novel Bacteria	novel order	
GCA_020348925.1_genomic	singlem-regime3	species	Bray-Curtis distance	0.343977785491149	order	d__Bacteria;p__TA06_A;c__DG-26_A;o__G020348925;f__G020348925;g__G020348925;s__G020348925 sp020348925	novel Bacteria	novel order	
GCA_020351895.1_genomic	sylph	kingdom	Bray-Curtis distance	0.5	order	d__Archaea;p__Thermoplasmatota;c__Thermoplasmata;o__GCA-020350865;f__GCA-020350865;g__GCA-020348445;s__GCA-020348445 sp020351895	novel Archaea	novel order	sylph
GCA_020351895.1_genomic	sylph	phylum	Bray-Curtis distance	0.5	order	d__Archaea;p__Thermoplasmatota;c__Thermoplasmata;o__GCA-020350865;f__GCA-020350865;g__GCA-020348445;s__GCA-020348445 sp020351895	novel Archaea	novel order	sylph
GCA_020351895.1_genomic	sylph	class	Bray-Curtis distance	0.5	order	d__Archaea;p__Thermoplasmatota;c__Thermoplasmata;o__GCA-020350865;f__GCA-020350865;g__GCA-020348445;s__GCA-020348445 sp020351895	novel Archaea	novel order	sylph
GCA_020351895.1_genomic	sylph	order	Bray-Curtis distance	0.5	order	d__Archaea;p__Thermoplasmatota;c__Thermoplasmata;o__GCA-020350865;f__GCA-020350865;g__GCA-020348445;s__GCA-020348445 sp020351895	novel Archaea	novel order	sylph
GCA_020351895.1_genomic	sylph	family	Bray-Curtis distance	0.5	order	d__Archaea;p__Thermoplasmatota;c__Thermoplasmata;o__GCA-020350865;f__GCA-020350865;g__GCA-020348445;s__GCA-020348445 sp020351895	novel Archaea	novel order	sylph
GCA_020351895.1_genomic	sylph	genus	Bray-Curtis distance	0.5	order	d__Archaea;p__Thermoplasmatota;c__Thermoplasmata;o__GCA-020350865;f__GCA-020350865;g__GCA-020348445;s__GCA-020348445 sp020351895	novel Archaea	novel order	sylph
GCA_020351895.1_genomic	sylph	species	Bray-Curtis distance	0.5	order	d__Archaea;p__Thermoplasmatota;c__Thermoplasmata;o__GCA-020350865;f__GCA-020350865;g__GCA-020348445;s__GCA-020348445 sp020351895	novel Archaea	novel order	sylph
GCA_020351895.1_genomic	metaphlan	kingdom	Bray-Curtis distance	0.5	order	d__Archaea;p__Thermoplasmatota;c__Thermoplasmata;o__GCA-020350865;f__GCA-020350865;g__GCA-020348445;s__GCA-020348445 sp020351895	novel Archaea	novel order	MetaPhlAn
GCA_020351895.1_genomic	metaphlan	phylum	Bray-Curtis distance	0.5	order	d__Archaea;p__Thermoplasmatota;c__Thermoplasmata;o__GCA-020350865;f__GCA-020350865;g__GCA-020348445;s__GCA-020348445 sp020351895	novel Archaea	novel order	MetaPhlAn
GCA_020351895.1_genomic	metaphlan	class	Bray-Curtis distance	0.5	order	d__Archaea;p__Thermoplasmatota;c__Thermoplasmata;o__GCA-020350865;f__GCA-020350865;g__GCA-020348445;s__GCA-020348445 sp020351895	novel Archaea	novel order	MetaPhlAn
GCA_020351895.1_genomic	metaphlan	order	Bray-Curtis distance	0.5	order	d__Archaea;p__Thermoplasmatota;c__Thermoplasmata;o__GCA-020350865;f__GCA-020350865;g__GCA-020348445;s__GCA-020348445 sp020351895	novel Archaea	novel order	MetaPhlAn
GCA_020351895.1_genomic	metaphlan	family	Bray-Curtis distance	0.5	order	d__Archaea;p__Thermoplasmatota;c__Thermoplasmata;o__GCA-020350865;f__GCA-020350865;g__GCA-020348445;s__GCA-020348445 sp020351895	novel Archaea	novel order	MetaPhlAn
GCA_020351895.1_genomic	metaphlan	genus	Bray-Curtis distance	0.5	order	d__Archaea;p__Thermoplasmatota;c__Thermoplasmata;o__GCA-020350865;f__GCA-020350865;g__GCA-020348445;s__GCA-020348445 sp020351895	novel Archaea	novel order	MetaPhlAn
GCA_020351895.1_genomic	metaphlan	species	Bray-Curtis distance	0.5	order	d__Archaea;p__Thermoplasmatota;c__Thermoplasmata;o__GCA-020350865;f__GCA-020350865;g__GCA-020348445;s__GCA-020348445 sp020351895	novel Archaea	novel order	MetaPhlAn
GCA_020351895.1_genomic	singlem	kingdom	Bray-Curtis distance	0.0464684014869889	order	d__Archaea;p__Thermoplasmatota;c__Thermoplasmata;o__GCA-020350865;f__GCA-020350865;g__GCA-020348445;s__GCA-020348445 sp020351895	novel Archaea	novel order	SingleM
GCA_020351895.1_genomic	singlem	phylum	Bray-Curtis distance	0.0631347790282734	order	d__Archaea;p__Thermoplasmatota;c__Thermoplasmata;o__GCA-020350865;f__GCA-020350865;g__GCA-020348445;s__GCA-020348445 sp020351895	novel Archaea	novel order	SingleM
GCA_020351895.1_genomic	singlem	class	Bray-Curtis distance	0.0974780391045622	order	d__Archaea;p__Thermoplasmatota;c__Thermoplasmata;o__GCA-020350865;f__GCA-020350865;g__GCA-020348445;s__GCA-020348445 sp020351895	novel Archaea	novel order	SingleM
GCA_020351895.1_genomic	singlem	order	Bray-Curtis distance	0.374002659574468	order	d__Archaea;p__Thermoplasmatota;c__Thermoplasmata;o__GCA-020350865;f__GCA-020350865;g__GCA-020348445;s__GCA-020348445 sp020351895	novel Archaea	novel order	SingleM
GCA_020351895.1_genomic	singlem	family	Bray-Curtis distance	0.354252400548697	order	d__Archaea;p__Thermoplasmatota;c__Thermoplasmata;o__GCA-020350865;f__GCA-020350865;g__GCA-020348445;s__GCA-020348445 sp020351895	novel Archaea	novel order	SingleM
GCA_020351895.1_genomic	singlem	genus	Bray-Curtis distance	0.354252400548697	order	d__Archaea;p__Thermoplasmatota;c__Thermoplasmata;o__GCA-020350865;f__GCA-020350865;g__GCA-020348445;s__GCA-020348445 sp020351895	novel Archaea	novel order	SingleM
GCA_020351895.1_genomic	singlem	species	Bray-Curtis distance	0.345726198749131	order	d__Archaea;p__Thermoplasmatota;c__Thermoplasmata;o__GCA-020350865;f__GCA-020350865;g__GCA-020348445;s__GCA-020348445 sp020351895	novel Archaea	novel order	SingleM
GCA_020351895.1_genomic	singlem-regime3	kingdom	Bray-Curtis distance	0.0130349237579931	order	d__Archaea;p__Thermoplasmatota;c__Thermoplasmata;o__GCA-020350865;f__GCA-020350865;g__GCA-020348445;s__GCA-020348445 sp020351895	novel Archaea	novel order	
GCA_020351895.1_genomic	singlem-regime3	phylum	Bray-Curtis distance	0.0503745802118315	order	d__Archaea;p__Thermoplasmatota;c__Thermoplasmata;o__GCA-020350865;f__GCA-020350865;g__GCA-020348445;s__GCA-020348445 sp020351895	novel Archaea	novel order	
GCA_020351895.1_genomic	singlem-regime3	class	Bray-Curtis distance	0.075691035908034	order	d__Archaea;p__Thermoplasmatota;c__Thermoplasmata;o__GCA-020350865;f__GCA-020350865;g__GCA-020348445;s__GCA-020348445 sp020351895	novel Archaea	novel order	
GCA_020351895.1_genomic	singlem-regime3	order	Bray-Curtis distance	0.429230325742289	order	d__Archaea;p__Thermoplasmatota;c__Thermoplasmata;o__GCA-020350865;f__GCA-020350865;g__GCA-020348445;s__GCA-020348445 sp020351895	novel Archaea	novel order	
GCA_020351895.1_genomic	singlem-regime3	family	Bray-Curtis distance	0.365791159513133	order	d__Archaea;p__Thermoplasmatota;c__Thermoplasmata;o__GCA-020350865;f__GCA-020350865;g__GCA-020348445;s__GCA-020348445 sp020351895	novel Archaea	novel order	
GCA_020351895.1_genomic	singlem-regime3	genus	Bray-Curtis distance	0.365791159513133	order	d__Archaea;p__Thermoplasmatota;c__Thermoplasmata;o__GCA-020350865;f__GCA-020350865;g__GCA-020348445;s__GCA-020348445 sp020351895	novel Archaea	novel order	
GCA_020351895.1_genomic	singlem-regime3	species	Bray-Curtis distance	0.345021501819385	order	d__Archaea;p__Thermoplasmatota;c__Thermoplasmata;o__GCA-020350865;f__GCA-020350865;g__GCA-020348445;s__GCA-020348445 sp020351895	novel Archaea	novel order	
GCA_020356005.1_genomic	sylph	kingdom	Bray-Curtis distance	0.5	class	d__Archaea;p__Thermoplasmatota;c__JAEHCK01;o__JAEHCK01;f__GCA-020356005;g__GCA-020356005;s__GCA-020356005 sp020356005	novel Archaea	novel class	sylph
GCA_020356005.1_genomic	sylph	phylum	Bray-Curtis distance	0.5	class	d__Archaea;p__Thermoplasmatota;c__JAEHCK01;o__JAEHCK01;f__GCA-020356005;g__GCA-020356005;s__GCA-020356005 sp020356005	novel Archaea	novel class	sylph
GCA_020356005.1_genomic	sylph	class	Bray-Curtis distance	0.5	class	d__Archaea;p__Thermoplasmatota;c__JAEHCK01;o__JAEHCK01;f__GCA-020356005;g__GCA-020356005;s__GCA-020356005 sp020356005	novel Archaea	novel class	sylph
GCA_020356005.1_genomic	sylph	order	Bray-Curtis distance	0.5	class	d__Archaea;p__Thermoplasmatota;c__JAEHCK01;o__JAEHCK01;f__GCA-020356005;g__GCA-020356005;s__GCA-020356005 sp020356005	novel Archaea	novel class	sylph
GCA_020356005.1_genomic	sylph	family	Bray-Curtis distance	0.5	class	d__Archaea;p__Thermoplasmatota;c__JAEHCK01;o__JAEHCK01;f__GCA-020356005;g__GCA-020356005;s__GCA-020356005 sp020356005	novel Archaea	novel class	sylph
GCA_020356005.1_genomic	sylph	genus	Bray-Curtis distance	0.5	class	d__Archaea;p__Thermoplasmatota;c__JAEHCK01;o__JAEHCK01;f__GCA-020356005;g__GCA-020356005;s__GCA-020356005 sp020356005	novel Archaea	novel class	sylph
GCA_020356005.1_genomic	sylph	species	Bray-Curtis distance	0.5	class	d__Archaea;p__Thermoplasmatota;c__JAEHCK01;o__JAEHCK01;f__GCA-020356005;g__GCA-020356005;s__GCA-020356005 sp020356005	novel Archaea	novel class	sylph
GCA_020356005.1_genomic	metaphlan	kingdom	Bray-Curtis distance	0.5	class	d__Archaea;p__Thermoplasmatota;c__JAEHCK01;o__JAEHCK01;f__GCA-020356005;g__GCA-020356005;s__GCA-020356005 sp020356005	novel Archaea	novel class	MetaPhlAn
GCA_020356005.1_genomic	metaphlan	phylum	Bray-Curtis distance	0.5	class	d__Archaea;p__Thermoplasmatota;c__JAEHCK01;o__JAEHCK01;f__GCA-020356005;g__GCA-020356005;s__GCA-020356005 sp020356005	novel Archaea	novel class	MetaPhlAn
GCA_020356005.1_genomic	metaphlan	class	Bray-Curtis distance	0.5	class	d__Archaea;p__Thermoplasmatota;c__JAEHCK01;o__JAEHCK01;f__GCA-020356005;g__GCA-020356005;s__GCA-020356005 sp020356005	novel Archaea	novel class	MetaPhlAn
GCA_020356005.1_genomic	metaphlan	order	Bray-Curtis distance	0.5	class	d__Archaea;p__Thermoplasmatota;c__JAEHCK01;o__JAEHCK01;f__GCA-020356005;g__GCA-020356005;s__GCA-020356005 sp020356005	novel Archaea	novel class	MetaPhlAn
GCA_020356005.1_genomic	metaphlan	family	Bray-Curtis distance	0.5	class	d__Archaea;p__Thermoplasmatota;c__JAEHCK01;o__JAEHCK01;f__GCA-020356005;g__GCA-020356005;s__GCA-020356005 sp020356005	novel Archaea	novel class	MetaPhlAn
GCA_020356005.1_genomic	metaphlan	genus	Bray-Curtis distance	0.5	class	d__Archaea;p__Thermoplasmatota;c__JAEHCK01;o__JAEHCK01;f__GCA-020356005;g__GCA-020356005;s__GCA-020356005 sp020356005	novel Archaea	novel class	MetaPhlAn
GCA_020356005.1_genomic	metaphlan	species	Bray-Curtis distance	0.5	class	d__Archaea;p__Thermoplasmatota;c__JAEHCK01;o__JAEHCK01;f__GCA-020356005;g__GCA-020356005;s__GCA-020356005 sp020356005	novel Archaea	novel class	MetaPhlAn
GCA_020356005.1_genomic	singlem	kingdom	Bray-Curtis distance	0.104925053533191	class	d__Archaea;p__Thermoplasmatota;c__JAEHCK01;o__JAEHCK01;f__GCA-020356005;g__GCA-020356005;s__GCA-020356005 sp020356005	novel Archaea	novel class	SingleM
GCA_020356005.1_genomic	singlem	phylum	Bray-Curtis distance	0.119712468896876	class	d__Archaea;p__Thermoplasmatota;c__JAEHCK01;o__JAEHCK01;f__GCA-020356005;g__GCA-020356005;s__GCA-020356005 sp020356005	novel Archaea	novel class	SingleM
GCA_020356005.1_genomic	singlem	class	Bray-Curtis distance	0.184903452311293	class	d__Archaea;p__Thermoplasmatota;c__JAEHCK01;o__JAEHCK01;f__GCA-020356005;g__GCA-020356005;s__GCA-020356005 sp020356005	novel Archaea	novel class	SingleM
GCA_020356005.1_genomic	singlem	order	Bray-Curtis distance	0.392717815344603	class	d__Archaea;p__Thermoplasmatota;c__JAEHCK01;o__JAEHCK01;f__GCA-020356005;g__GCA-020356005;s__GCA-020356005 sp020356005	novel Archaea	novel class	SingleM
GCA_020356005.1_genomic	singlem	family	Bray-Curtis distance	0.38471673254282	class	d__Archaea;p__Thermoplasmatota;c__JAEHCK01;o__JAEHCK01;f__GCA-020356005;g__GCA-020356005;s__GCA-020356005 sp020356005	novel Archaea	novel class	SingleM
GCA_020356005.1_genomic	singlem	genus	Bray-Curtis distance	0.377125708569523	class	d__Archaea;p__Thermoplasmatota;c__JAEHCK01;o__JAEHCK01;f__GCA-020356005;g__GCA-020356005;s__GCA-020356005 sp020356005	novel Archaea	novel class	SingleM
GCA_020356005.1_genomic	singlem	species	Bray-Curtis distance	0.362674854998294	class	d__Archaea;p__Thermoplasmatota;c__JAEHCK01;o__JAEHCK01;f__GCA-020356005;g__GCA-020356005;s__GCA-020356005 sp020356005	novel Archaea	novel class	SingleM
GCA_020356005.1_genomic	singlem-regime3	kingdom	Bray-Curtis distance	0.0592972181551976	class	d__Archaea;p__Thermoplasmatota;c__JAEHCK01;o__JAEHCK01;f__GCA-020356005;g__GCA-020356005;s__GCA-020356005 sp020356005	novel Archaea	novel class	
GCA_020356005.1_genomic	singlem-regime3	phylum	Bray-Curtis distance	0.0874248496993988	class	d__Archaea;p__Thermoplasmatota;c__JAEHCK01;o__JAEHCK01;f__GCA-020356005;g__GCA-020356005;s__GCA-020356005 sp020356005	novel Archaea	novel class	
GCA_020356005.1_genomic	singlem-regime3	class	Bray-Curtis distance	0.17514854042883	class	d__Archaea;p__Thermoplasmatota;c__JAEHCK01;o__JAEHCK01;f__GCA-020356005;g__GCA-020356005;s__GCA-020356005 sp020356005	novel Archaea	novel class	
GCA_020356005.1_genomic	singlem-regime3	order	Bray-Curtis distance	0.406086956521739	class	d__Archaea;p__Thermoplasmatota;c__JAEHCK01;o__JAEHCK01;f__GCA-020356005;g__GCA-020356005;s__GCA-020356005 sp020356005	novel Archaea	novel class	
GCA_020356005.1_genomic	singlem-regime3	family	Bray-Curtis distance	0.38762701733413	class	d__Archaea;p__Thermoplasmatota;c__JAEHCK01;o__JAEHCK01;f__GCA-020356005;g__GCA-020356005;s__GCA-020356005 sp020356005	novel Archaea	novel class	
GCA_020356005.1_genomic	singlem-regime3	genus	Bray-Curtis distance	0.37946698970321	class	d__Archaea;p__Thermoplasmatota;c__JAEHCK01;o__JAEHCK01;f__GCA-020356005;g__GCA-020356005;s__GCA-020356005 sp020356005	novel Archaea	novel class	
GCA_020356005.1_genomic	singlem-regime3	species	Bray-Curtis distance	0.35868544600939	class	d__Archaea;p__Thermoplasmatota;c__JAEHCK01;o__JAEHCK01;f__GCA-020356005;g__GCA-020356005;s__GCA-020356005 sp020356005	novel Archaea	novel class	
GCA_020434085.1_genomic	sylph	kingdom	Bray-Curtis distance	0.5	phylum	d__Bacteria;p__JAGRBM01;c__JAGRBM01;o__JAGRBM01;f__JAGRBM01;g__JAGRBM01;s__JAGRBM01 sp020434085	novel Bacteria	novel phylum	sylph
GCA_020434085.1_genomic	sylph	phylum	Bray-Curtis distance	0.5	phylum	d__Bacteria;p__JAGRBM01;c__JAGRBM01;o__JAGRBM01;f__JAGRBM01;g__JAGRBM01;s__JAGRBM01 sp020434085	novel Bacteria	novel phylum	sylph
GCA_020434085.1_genomic	sylph	class	Bray-Curtis distance	0.5	phylum	d__Bacteria;p__JAGRBM01;c__JAGRBM01;o__JAGRBM01;f__JAGRBM01;g__JAGRBM01;s__JAGRBM01 sp020434085	novel Bacteria	novel phylum	sylph
GCA_020434085.1_genomic	sylph	order	Bray-Curtis distance	0.5	phylum	d__Bacteria;p__JAGRBM01;c__JAGRBM01;o__JAGRBM01;f__JAGRBM01;g__JAGRBM01;s__JAGRBM01 sp020434085	novel Bacteria	novel phylum	sylph
GCA_020434085.1_genomic	sylph	family	Bray-Curtis distance	0.5	phylum	d__Bacteria;p__JAGRBM01;c__JAGRBM01;o__JAGRBM01;f__JAGRBM01;g__JAGRBM01;s__JAGRBM01 sp020434085	novel Bacteria	novel phylum	sylph
GCA_020434085.1_genomic	sylph	genus	Bray-Curtis distance	0.5	phylum	d__Bacteria;p__JAGRBM01;c__JAGRBM01;o__JAGRBM01;f__JAGRBM01;g__JAGRBM01;s__JAGRBM01 sp020434085	novel Bacteria	novel phylum	sylph
GCA_020434085.1_genomic	sylph	species	Bray-Curtis distance	0.5	phylum	d__Bacteria;p__JAGRBM01;c__JAGRBM01;o__JAGRBM01;f__JAGRBM01;g__JAGRBM01;s__JAGRBM01 sp020434085	novel Bacteria	novel phylum	sylph
GCA_020434085.1_genomic	metaphlan	kingdom	Bray-Curtis distance	0.5	phylum	d__Bacteria;p__JAGRBM01;c__JAGRBM01;o__JAGRBM01;f__JAGRBM01;g__JAGRBM01;s__JAGRBM01 sp020434085	novel Bacteria	novel phylum	MetaPhlAn
GCA_020434085.1_genomic	metaphlan	phylum	Bray-Curtis distance	0.5	phylum	d__Bacteria;p__JAGRBM01;c__JAGRBM01;o__JAGRBM01;f__JAGRBM01;g__JAGRBM01;s__JAGRBM01 sp020434085	novel Bacteria	novel phylum	MetaPhlAn
GCA_020434085.1_genomic	metaphlan	class	Bray-Curtis distance	0.5	phylum	d__Bacteria;p__JAGRBM01;c__JAGRBM01;o__JAGRBM01;f__JAGRBM01;g__JAGRBM01;s__JAGRBM01 sp020434085	novel Bacteria	novel phylum	MetaPhlAn
GCA_020434085.1_genomic	metaphlan	order	Bray-Curtis distance	0.5	phylum	d__Bacteria;p__JAGRBM01;c__JAGRBM01;o__JAGRBM01;f__JAGRBM01;g__JAGRBM01;s__JAGRBM01 sp020434085	novel Bacteria	novel phylum	MetaPhlAn
GCA_020434085.1_genomic	metaphlan	family	Bray-Curtis distance	0.5	phylum	d__Bacteria;p__JAGRBM01;c__JAGRBM01;o__JAGRBM01;f__JAGRBM01;g__JAGRBM01;s__JAGRBM01 sp020434085	novel Bacteria	novel phylum	MetaPhlAn
GCA_020434085.1_genomic	metaphlan	genus	Bray-Curtis distance	0.5	phylum	d__Bacteria;p__JAGRBM01;c__JAGRBM01;o__JAGRBM01;f__JAGRBM01;g__JAGRBM01;s__JAGRBM01 sp020434085	novel Bacteria	novel phylum	MetaPhlAn
GCA_020434085.1_genomic	metaphlan	species	Bray-Curtis distance	0.5	phylum	d__Bacteria;p__JAGRBM01;c__JAGRBM01;o__JAGRBM01;f__JAGRBM01;g__JAGRBM01;s__JAGRBM01 sp020434085	novel Bacteria	novel phylum	MetaPhlAn
GCA_020434085.1_genomic	singlem	kingdom	Bray-Curtis distance	0.0604662457503643	phylum	d__Bacteria;p__JAGRBM01;c__JAGRBM01;o__JAGRBM01;f__JAGRBM01;g__JAGRBM01;s__JAGRBM01 sp020434085	novel Bacteria	novel phylum	SingleM
GCA_020434085.1_genomic	singlem	phylum	Bray-Curtis distance	0.430868167202572	phylum	d__Bacteria;p__JAGRBM01;c__JAGRBM01;o__JAGRBM01;f__JAGRBM01;g__JAGRBM01;s__JAGRBM01 sp020434085	novel Bacteria	novel phylum	SingleM
GCA_020434085.1_genomic	singlem	class	Bray-Curtis distance	0.407828705252593	phylum	d__Bacteria;p__JAGRBM01;c__JAGRBM01;o__JAGRBM01;f__JAGRBM01;g__JAGRBM01;s__JAGRBM01 sp020434085	novel Bacteria	novel phylum	SingleM
GCA_020434085.1_genomic	singlem	order	Bray-Curtis distance	0.407828705252593	phylum	d__Bacteria;p__JAGRBM01;c__JAGRBM01;o__JAGRBM01;f__JAGRBM01;g__JAGRBM01;s__JAGRBM01 sp020434085	novel Bacteria	novel phylum	SingleM
GCA_020434085.1_genomic	singlem	family	Bray-Curtis distance	0.398777173913043	phylum	d__Bacteria;p__JAGRBM01;c__JAGRBM01;o__JAGRBM01;f__JAGRBM01;g__JAGRBM01;s__JAGRBM01 sp020434085	novel Bacteria	novel phylum	SingleM
GCA_020434085.1_genomic	singlem	genus	Bray-Curtis distance	0.398777173913043	phylum	d__Bacteria;p__JAGRBM01;c__JAGRBM01;o__JAGRBM01;f__JAGRBM01;g__JAGRBM01;s__JAGRBM01 sp020434085	novel Bacteria	novel phylum	SingleM
GCA_020434085.1_genomic	singlem	species	Bray-Curtis distance	0.398777173913043	phylum	d__Bacteria;p__JAGRBM01;c__JAGRBM01;o__JAGRBM01;f__JAGRBM01;g__JAGRBM01;s__JAGRBM01 sp020434085	novel Bacteria	novel phylum	SingleM
GCA_020434085.1_genomic	singlem-regime3	kingdom	Bray-Curtis distance	0.0347619047619048	phylum	d__Bacteria;p__JAGRBM01;c__JAGRBM01;o__JAGRBM01;f__JAGRBM01;g__JAGRBM01;s__JAGRBM01 sp020434085	novel Bacteria	novel phylum	
GCA_020434085.1_genomic	singlem-regime3	phylum	Bray-Curtis distance	0.391466832762379	phylum	d__Bacteria;p__JAGRBM01;c__JAGRBM01;o__JAGRBM01;f__JAGRBM01;g__JAGRBM01;s__JAGRBM01 sp020434085	novel Bacteria	novel phylum	
GCA_020434085.1_genomic	singlem-regime3	class	Bray-Curtis distance	0.364965875853104	phylum	d__Bacteria;p__JAGRBM01;c__JAGRBM01;o__JAGRBM01;f__JAGRBM01;g__JAGRBM01;s__JAGRBM01 sp020434085	novel Bacteria	novel phylum	
GCA_020434085.1_genomic	singlem-regime3	order	Bray-Curtis distance	0.364965875853104	phylum	d__Bacteria;p__JAGRBM01;c__JAGRBM01;o__JAGRBM01;f__JAGRBM01;g__JAGRBM01;s__JAGRBM01 sp020434085	novel Bacteria	novel phylum	
GCA_020434085.1_genomic	singlem-regime3	family	Bray-Curtis distance	0.364965875853104	phylum	d__Bacteria;p__JAGRBM01;c__JAGRBM01;o__JAGRBM01;f__JAGRBM01;g__JAGRBM01;s__JAGRBM01 sp020434085	novel Bacteria	novel phylum	
GCA_020434085.1_genomic	singlem-regime3	genus	Bray-Curtis distance	0.364965875853104	phylum	d__Bacteria;p__JAGRBM01;c__JAGRBM01;o__JAGRBM01;f__JAGRBM01;g__JAGRBM01;s__JAGRBM01 sp020434085	novel Bacteria	novel phylum	
GCA_020434085.1_genomic	singlem-regime3	species	Bray-Curtis distance	0.364965875853104	phylum	d__Bacteria;p__JAGRBM01;c__JAGRBM01;o__JAGRBM01;f__JAGRBM01;g__JAGRBM01;s__JAGRBM01 sp020434085	novel Bacteria	novel phylum	
GCA_020635855.1_genomic	sylph	kingdom	Bray-Curtis distance	0.5	family	d__Bacteria;p__Bacteroidota;c__Bacteroidia;o__Flavobacteriales_A;f__JACJYZ01;g__JACJYZ01;s__JACJYZ01 sp020635855	novel Bacteria	novel family	sylph
GCA_020635855.1_genomic	sylph	phylum	Bray-Curtis distance	0.5	family	d__Bacteria;p__Bacteroidota;c__Bacteroidia;o__Flavobacteriales_A;f__JACJYZ01;g__JACJYZ01;s__JACJYZ01 sp020635855	novel Bacteria	novel family	sylph
GCA_020635855.1_genomic	sylph	class	Bray-Curtis distance	0.5	family	d__Bacteria;p__Bacteroidota;c__Bacteroidia;o__Flavobacteriales_A;f__JACJYZ01;g__JACJYZ01;s__JACJYZ01 sp020635855	novel Bacteria	novel family	sylph
GCA_020635855.1_genomic	sylph	order	Bray-Curtis distance	0.5	family	d__Bacteria;p__Bacteroidota;c__Bacteroidia;o__Flavobacteriales_A;f__JACJYZ01;g__JACJYZ01;s__JACJYZ01 sp020635855	novel Bacteria	novel family	sylph
GCA_020635855.1_genomic	sylph	family	Bray-Curtis distance	0.5	family	d__Bacteria;p__Bacteroidota;c__Bacteroidia;o__Flavobacteriales_A;f__JACJYZ01;g__JACJYZ01;s__JACJYZ01 sp020635855	novel Bacteria	novel family	sylph
GCA_020635855.1_genomic	sylph	genus	Bray-Curtis distance	0.5	family	d__Bacteria;p__Bacteroidota;c__Bacteroidia;o__Flavobacteriales_A;f__JACJYZ01;g__JACJYZ01;s__JACJYZ01 sp020635855	novel Bacteria	novel family	sylph
GCA_020635855.1_genomic	sylph	species	Bray-Curtis distance	0.5	family	d__Bacteria;p__Bacteroidota;c__Bacteroidia;o__Flavobacteriales_A;f__JACJYZ01;g__JACJYZ01;s__JACJYZ01 sp020635855	novel Bacteria	novel family	sylph
GCA_020635855.1_genomic	metaphlan	kingdom	Bray-Curtis distance	0.5	family	d__Bacteria;p__Bacteroidota;c__Bacteroidia;o__Flavobacteriales_A;f__JACJYZ01;g__JACJYZ01;s__JACJYZ01 sp020635855	novel Bacteria	novel family	MetaPhlAn
GCA_020635855.1_genomic	metaphlan	phylum	Bray-Curtis distance	0.5	family	d__Bacteria;p__Bacteroidota;c__Bacteroidia;o__Flavobacteriales_A;f__JACJYZ01;g__JACJYZ01;s__JACJYZ01 sp020635855	novel Bacteria	novel family	MetaPhlAn
GCA_020635855.1_genomic	metaphlan	class	Bray-Curtis distance	0.5	family	d__Bacteria;p__Bacteroidota;c__Bacteroidia;o__Flavobacteriales_A;f__JACJYZ01;g__JACJYZ01;s__JACJYZ01 sp020635855	novel Bacteria	novel family	MetaPhlAn
GCA_020635855.1_genomic	metaphlan	order	Bray-Curtis distance	0.5	family	d__Bacteria;p__Bacteroidota;c__Bacteroidia;o__Flavobacteriales_A;f__JACJYZ01;g__JACJYZ01;s__JACJYZ01 sp020635855	novel Bacteria	novel family	MetaPhlAn
GCA_020635855.1_genomic	metaphlan	family	Bray-Curtis distance	0.5	family	d__Bacteria;p__Bacteroidota;c__Bacteroidia;o__Flavobacteriales_A;f__JACJYZ01;g__JACJYZ01;s__JACJYZ01 sp020635855	novel Bacteria	novel family	MetaPhlAn
GCA_020635855.1_genomic	metaphlan	genus	Bray-Curtis distance	0.5	family	d__Bacteria;p__Bacteroidota;c__Bacteroidia;o__Flavobacteriales_A;f__JACJYZ01;g__JACJYZ01;s__JACJYZ01 sp020635855	novel Bacteria	novel family	MetaPhlAn
GCA_020635855.1_genomic	metaphlan	species	Bray-Curtis distance	0.5	family	d__Bacteria;p__Bacteroidota;c__Bacteroidia;o__Flavobacteriales_A;f__JACJYZ01;g__JACJYZ01;s__JACJYZ01 sp020635855	novel Bacteria	novel family	MetaPhlAn
GCA_020635855.1_genomic	singlem	kingdom	Bray-Curtis distance	0.0210203117619272	family	d__Bacteria;p__Bacteroidota;c__Bacteroidia;o__Flavobacteriales_A;f__JACJYZ01;g__JACJYZ01;s__JACJYZ01 sp020635855	novel Bacteria	novel family	SingleM
GCA_020635855.1_genomic	singlem	phylum	Bray-Curtis distance	0.0185229732980515	family	d__Bacteria;p__Bacteroidota;c__Bacteroidia;o__Flavobacteriales_A;f__JACJYZ01;g__JACJYZ01;s__JACJYZ01 sp020635855	novel Bacteria	novel family	SingleM
GCA_020635855.1_genomic	singlem	class	Bray-Curtis distance	0.0185229732980515	family	d__Bacteria;p__Bacteroidota;c__Bacteroidia;o__Flavobacteriales_A;f__JACJYZ01;g__JACJYZ01;s__JACJYZ01 sp020635855	novel Bacteria	novel family	SingleM
GCA_020635855.1_genomic	singlem	order	Bray-Curtis distance	0.283078545071165	family	d__Bacteria;p__Bacteroidota;c__Bacteroidia;o__Flavobacteriales_A;f__JACJYZ01;g__JACJYZ01;s__JACJYZ01 sp020635855	novel Bacteria	novel family	SingleM
GCA_020635855.1_genomic	singlem	family	Bray-Curtis distance	0.366247176508551	family	d__Bacteria;p__Bacteroidota;c__Bacteroidia;o__Flavobacteriales_A;f__JACJYZ01;g__JACJYZ01;s__JACJYZ01 sp020635855	novel Bacteria	novel family	SingleM
GCA_020635855.1_genomic	singlem	genus	Bray-Curtis distance	0.366247176508551	family	d__Bacteria;p__Bacteroidota;c__Bacteroidia;o__Flavobacteriales_A;f__JACJYZ01;g__JACJYZ01;s__JACJYZ01 sp020635855	novel Bacteria	novel family	SingleM
GCA_020635855.1_genomic	singlem	species	Bray-Curtis distance	0.366247176508551	family	d__Bacteria;p__Bacteroidota;c__Bacteroidia;o__Flavobacteriales_A;f__JACJYZ01;g__JACJYZ01;s__JACJYZ01 sp020635855	novel Bacteria	novel family	SingleM
GCA_020635855.1_genomic	singlem-regime3	kingdom	Bray-Curtis distance	0.00596089651883641	family	d__Bacteria;p__Bacteroidota;c__Bacteroidia;o__Flavobacteriales_A;f__JACJYZ01;g__JACJYZ01;s__JACJYZ01 sp020635855	novel Bacteria	novel family	
GCA_020635855.1_genomic	singlem-regime3	phylum	Bray-Curtis distance	0.0172204705311666	family	d__Bacteria;p__Bacteroidota;c__Bacteroidia;o__Flavobacteriales_A;f__JACJYZ01;g__JACJYZ01;s__JACJYZ01 sp020635855	novel Bacteria	novel family	
GCA_020635855.1_genomic	singlem-regime3	class	Bray-Curtis distance	0.0172204705311666	family	d__Bacteria;p__Bacteroidota;c__Bacteroidia;o__Flavobacteriales_A;f__JACJYZ01;g__JACJYZ01;s__JACJYZ01 sp020635855	novel Bacteria	novel family	
GCA_020635855.1_genomic	singlem-regime3	order	Bray-Curtis distance	0.254690310974043	family	d__Bacteria;p__Bacteroidota;c__Bacteroidia;o__Flavobacteriales_A;f__JACJYZ01;g__JACJYZ01;s__JACJYZ01 sp020635855	novel Bacteria	novel family	
GCA_020635855.1_genomic	singlem-regime3	family	Bray-Curtis distance	0.358600583090379	family	d__Bacteria;p__Bacteroidota;c__Bacteroidia;o__Flavobacteriales_A;f__JACJYZ01;g__JACJYZ01;s__JACJYZ01 sp020635855	novel Bacteria	novel family	
GCA_020635855.1_genomic	singlem-regime3	genus	Bray-Curtis distance	0.358600583090379	family	d__Bacteria;p__Bacteroidota;c__Bacteroidia;o__Flavobacteriales_A;f__JACJYZ01;g__JACJYZ01;s__JACJYZ01 sp020635855	novel Bacteria	novel family	
GCA_020635855.1_genomic	singlem-regime3	species	Bray-Curtis distance	0.358600583090379	family	d__Bacteria;p__Bacteroidota;c__Bacteroidia;o__Flavobacteriales_A;f__JACJYZ01;g__JACJYZ01;s__JACJYZ01 sp020635855	novel Bacteria	novel family	
GCA_020696345.1_genomic	sylph	kingdom	Bray-Curtis distance	0.5	class	d__Archaea;p__Thermoplasmatota;c__JAEHCK01;o__JAEHCK01;f__JAEHCK01;g__JAEHCK01;s__JAEHCK01 sp020696345	novel Archaea	novel class	sylph
GCA_020696345.1_genomic	sylph	phylum	Bray-Curtis distance	0.5	class	d__Archaea;p__Thermoplasmatota;c__JAEHCK01;o__JAEHCK01;f__JAEHCK01;g__JAEHCK01;s__JAEHCK01 sp020696345	novel Archaea	novel class	sylph
GCA_020696345.1_genomic	sylph	class	Bray-Curtis distance	0.5	class	d__Archaea;p__Thermoplasmatota;c__JAEHCK01;o__JAEHCK01;f__JAEHCK01;g__JAEHCK01;s__JAEHCK01 sp020696345	novel Archaea	novel class	sylph
GCA_020696345.1_genomic	sylph	order	Bray-Curtis distance	0.5	class	d__Archaea;p__Thermoplasmatota;c__JAEHCK01;o__JAEHCK01;f__JAEHCK01;g__JAEHCK01;s__JAEHCK01 sp020696345	novel Archaea	novel class	sylph
GCA_020696345.1_genomic	sylph	family	Bray-Curtis distance	0.5	class	d__Archaea;p__Thermoplasmatota;c__JAEHCK01;o__JAEHCK01;f__JAEHCK01;g__JAEHCK01;s__JAEHCK01 sp020696345	novel Archaea	novel class	sylph
GCA_020696345.1_genomic	sylph	genus	Bray-Curtis distance	0.5	class	d__Archaea;p__Thermoplasmatota;c__JAEHCK01;o__JAEHCK01;f__JAEHCK01;g__JAEHCK01;s__JAEHCK01 sp020696345	novel Archaea	novel class	sylph
GCA_020696345.1_genomic	sylph	species	Bray-Curtis distance	0.5	class	d__Archaea;p__Thermoplasmatota;c__JAEHCK01;o__JAEHCK01;f__JAEHCK01;g__JAEHCK01;s__JAEHCK01 sp020696345	novel Archaea	novel class	sylph
GCA_020696345.1_genomic	metaphlan	kingdom	Bray-Curtis distance	0.5	class	d__Archaea;p__Thermoplasmatota;c__JAEHCK01;o__JAEHCK01;f__JAEHCK01;g__JAEHCK01;s__JAEHCK01 sp020696345	novel Archaea	novel class	MetaPhlAn
GCA_020696345.1_genomic	metaphlan	phylum	Bray-Curtis distance	0.5	class	d__Archaea;p__Thermoplasmatota;c__JAEHCK01;o__JAEHCK01;f__JAEHCK01;g__JAEHCK01;s__JAEHCK01 sp020696345	novel Archaea	novel class	MetaPhlAn
GCA_020696345.1_genomic	metaphlan	class	Bray-Curtis distance	0.5	class	d__Archaea;p__Thermoplasmatota;c__JAEHCK01;o__JAEHCK01;f__JAEHCK01;g__JAEHCK01;s__JAEHCK01 sp020696345	novel Archaea	novel class	MetaPhlAn
GCA_020696345.1_genomic	metaphlan	order	Bray-Curtis distance	0.5	class	d__Archaea;p__Thermoplasmatota;c__JAEHCK01;o__JAEHCK01;f__JAEHCK01;g__JAEHCK01;s__JAEHCK01 sp020696345	novel Archaea	novel class	MetaPhlAn
GCA_020696345.1_genomic	metaphlan	family	Bray-Curtis distance	0.5	class	d__Archaea;p__Thermoplasmatota;c__JAEHCK01;o__JAEHCK01;f__JAEHCK01;g__JAEHCK01;s__JAEHCK01 sp020696345	novel Archaea	novel class	MetaPhlAn
GCA_020696345.1_genomic	metaphlan	genus	Bray-Curtis distance	0.5	class	d__Archaea;p__Thermoplasmatota;c__JAEHCK01;o__JAEHCK01;f__JAEHCK01;g__JAEHCK01;s__JAEHCK01 sp020696345	novel Archaea	novel class	MetaPhlAn
GCA_020696345.1_genomic	metaphlan	species	Bray-Curtis distance	0.5	class	d__Archaea;p__Thermoplasmatota;c__JAEHCK01;o__JAEHCK01;f__JAEHCK01;g__JAEHCK01;s__JAEHCK01 sp020696345	novel Archaea	novel class	MetaPhlAn
GCA_020696345.1_genomic	singlem	kingdom	Bray-Curtis distance	0.0468982630272953	class	d__Archaea;p__Thermoplasmatota;c__JAEHCK01;o__JAEHCK01;f__JAEHCK01;g__JAEHCK01;s__JAEHCK01 sp020696345	novel Archaea	novel class	SingleM
GCA_020696345.1_genomic	singlem	phylum	Bray-Curtis distance	0.0792307692307692	class	d__Archaea;p__Thermoplasmatota;c__JAEHCK01;o__JAEHCK01;f__JAEHCK01;g__JAEHCK01;s__JAEHCK01 sp020696345	novel Archaea	novel class	SingleM
GCA_020696345.1_genomic	singlem	class	Bray-Curtis distance	0.191267077417627	class	d__Archaea;p__Thermoplasmatota;c__JAEHCK01;o__JAEHCK01;f__JAEHCK01;g__JAEHCK01;s__JAEHCK01 sp020696345	novel Archaea	novel class	SingleM
GCA_020696345.1_genomic	singlem	order	Bray-Curtis distance	0.383037354562156	class	d__Archaea;p__Thermoplasmatota;c__JAEHCK01;o__JAEHCK01;f__JAEHCK01;g__JAEHCK01;s__JAEHCK01 sp020696345	novel Archaea	novel class	SingleM
GCA_020696345.1_genomic	singlem	family	Bray-Curtis distance	0.369918699186992	class	d__Archaea;p__Thermoplasmatota;c__JAEHCK01;o__JAEHCK01;f__JAEHCK01;g__JAEHCK01;s__JAEHCK01 sp020696345	novel Archaea	novel class	SingleM
GCA_020696345.1_genomic	singlem	genus	Bray-Curtis distance	0.369918699186992	class	d__Archaea;p__Thermoplasmatota;c__JAEHCK01;o__JAEHCK01;f__JAEHCK01;g__JAEHCK01;s__JAEHCK01 sp020696345	novel Archaea	novel class	SingleM
GCA_020696345.1_genomic	singlem	species	Bray-Curtis distance	0.352506426735219	class	d__Archaea;p__Thermoplasmatota;c__JAEHCK01;o__JAEHCK01;f__JAEHCK01;g__JAEHCK01;s__JAEHCK01 sp020696345	novel Archaea	novel class	SingleM
GCA_020696345.1_genomic	singlem-regime3	kingdom	Bray-Curtis distance	0.000433651344319124	class	d__Archaea;p__Thermoplasmatota;c__JAEHCK01;o__JAEHCK01;f__JAEHCK01;g__JAEHCK01;s__JAEHCK01 sp020696345	novel Archaea	novel class	
GCA_020696345.1_genomic	singlem-regime3	phylum	Bray-Curtis distance	0.0636237897648686	class	d__Archaea;p__Thermoplasmatota;c__JAEHCK01;o__JAEHCK01;f__JAEHCK01;g__JAEHCK01;s__JAEHCK01 sp020696345	novel Archaea	novel class	
GCA_020696345.1_genomic	singlem-regime3	class	Bray-Curtis distance	0.203821656050955	class	d__Archaea;p__Thermoplasmatota;c__JAEHCK01;o__JAEHCK01;f__JAEHCK01;g__JAEHCK01;s__JAEHCK01 sp020696345	novel Archaea	novel class	
GCA_020696345.1_genomic	singlem-regime3	order	Bray-Curtis distance	0.42608262817322	class	d__Archaea;p__Thermoplasmatota;c__JAEHCK01;o__JAEHCK01;f__JAEHCK01;g__JAEHCK01;s__JAEHCK01 sp020696345	novel Archaea	novel class	
GCA_020696345.1_genomic	singlem-regime3	family	Bray-Curtis distance	0.367178924259056	class	d__Archaea;p__Thermoplasmatota;c__JAEHCK01;o__JAEHCK01;f__JAEHCK01;g__JAEHCK01;s__JAEHCK01 sp020696345	novel Archaea	novel class	
GCA_020696345.1_genomic	singlem-regime3	genus	Bray-Curtis distance	0.367178924259056	class	d__Archaea;p__Thermoplasmatota;c__JAEHCK01;o__JAEHCK01;f__JAEHCK01;g__JAEHCK01;s__JAEHCK01 sp020696345	novel Archaea	novel class	
GCA_020696345.1_genomic	singlem-regime3	species	Bray-Curtis distance	0.333526011560694	class	d__Archaea;p__Thermoplasmatota;c__JAEHCK01;o__JAEHCK01;f__JAEHCK01;g__JAEHCK01;s__JAEHCK01 sp020696345	novel Archaea	novel class	
GCA_020696385.1_genomic	sylph	kingdom	Bray-Curtis distance	0.5	family	d__Archaea;p__Thermoplasmatota;c__Thermoplasmata;o__SG8-5;f__JAGLSY01;g__JAGLSY01;s__JAGLSY01 sp020696385	novel Archaea	novel family	sylph
GCA_020696385.1_genomic	sylph	phylum	Bray-Curtis distance	0.5	family	d__Archaea;p__Thermoplasmatota;c__Thermoplasmata;o__SG8-5;f__JAGLSY01;g__JAGLSY01;s__JAGLSY01 sp020696385	novel Archaea	novel family	sylph
GCA_020696385.1_genomic	sylph	class	Bray-Curtis distance	0.5	family	d__Archaea;p__Thermoplasmatota;c__Thermoplasmata;o__SG8-5;f__JAGLSY01;g__JAGLSY01;s__JAGLSY01 sp020696385	novel Archaea	novel family	sylph
GCA_020696385.1_genomic	sylph	order	Bray-Curtis distance	0.5	family	d__Archaea;p__Thermoplasmatota;c__Thermoplasmata;o__SG8-5;f__JAGLSY01;g__JAGLSY01;s__JAGLSY01 sp020696385	novel Archaea	novel family	sylph
GCA_020696385.1_genomic	sylph	family	Bray-Curtis distance	0.5	family	d__Archaea;p__Thermoplasmatota;c__Thermoplasmata;o__SG8-5;f__JAGLSY01;g__JAGLSY01;s__JAGLSY01 sp020696385	novel Archaea	novel family	sylph
GCA_020696385.1_genomic	sylph	genus	Bray-Curtis distance	0.5	family	d__Archaea;p__Thermoplasmatota;c__Thermoplasmata;o__SG8-5;f__JAGLSY01;g__JAGLSY01;s__JAGLSY01 sp020696385	novel Archaea	novel family	sylph
GCA_020696385.1_genomic	sylph	species	Bray-Curtis distance	0.5	family	d__Archaea;p__Thermoplasmatota;c__Thermoplasmata;o__SG8-5;f__JAGLSY01;g__JAGLSY01;s__JAGLSY01 sp020696385	novel Archaea	novel family	sylph
GCA_020696385.1_genomic	metaphlan	kingdom	Bray-Curtis distance	0.5	family	d__Archaea;p__Thermoplasmatota;c__Thermoplasmata;o__SG8-5;f__JAGLSY01;g__JAGLSY01;s__JAGLSY01 sp020696385	novel Archaea	novel family	MetaPhlAn
GCA_020696385.1_genomic	metaphlan	phylum	Bray-Curtis distance	0.5	family	d__Archaea;p__Thermoplasmatota;c__Thermoplasmata;o__SG8-5;f__JAGLSY01;g__JAGLSY01;s__JAGLSY01 sp020696385	novel Archaea	novel family	MetaPhlAn
GCA_020696385.1_genomic	metaphlan	class	Bray-Curtis distance	0.5	family	d__Archaea;p__Thermoplasmatota;c__Thermoplasmata;o__SG8-5;f__JAGLSY01;g__JAGLSY01;s__JAGLSY01 sp020696385	novel Archaea	novel family	MetaPhlAn
GCA_020696385.1_genomic	metaphlan	order	Bray-Curtis distance	0.5	family	d__Archaea;p__Thermoplasmatota;c__Thermoplasmata;o__SG8-5;f__JAGLSY01;g__JAGLSY01;s__JAGLSY01 sp020696385	novel Archaea	novel family	MetaPhlAn
GCA_020696385.1_genomic	metaphlan	family	Bray-Curtis distance	0.5	family	d__Archaea;p__Thermoplasmatota;c__Thermoplasmata;o__SG8-5;f__JAGLSY01;g__JAGLSY01;s__JAGLSY01 sp020696385	novel Archaea	novel family	MetaPhlAn
GCA_020696385.1_genomic	metaphlan	genus	Bray-Curtis distance	0.5	family	d__Archaea;p__Thermoplasmatota;c__Thermoplasmata;o__SG8-5;f__JAGLSY01;g__JAGLSY01;s__JAGLSY01 sp020696385	novel Archaea	novel family	MetaPhlAn
GCA_020696385.1_genomic	metaphlan	species	Bray-Curtis distance	0.5	family	d__Archaea;p__Thermoplasmatota;c__Thermoplasmata;o__SG8-5;f__JAGLSY01;g__JAGLSY01;s__JAGLSY01 sp020696385	novel Archaea	novel family	MetaPhlAn
GCA_020696385.1_genomic	singlem	kingdom	Bray-Curtis distance	0.0556640625	family	d__Archaea;p__Thermoplasmatota;c__Thermoplasmata;o__SG8-5;f__JAGLSY01;g__JAGLSY01;s__JAGLSY01 sp020696385	novel Archaea	novel family	SingleM
GCA_020696385.1_genomic	singlem	phylum	Bray-Curtis distance	0.0409124721051327	family	d__Archaea;p__Thermoplasmatota;c__Thermoplasmata;o__SG8-5;f__JAGLSY01;g__JAGLSY01;s__JAGLSY01 sp020696385	novel Archaea	novel family	SingleM
GCA_020696385.1_genomic	singlem	class	Bray-Curtis distance	0.0332416895776056	family	d__Archaea;p__Thermoplasmatota;c__Thermoplasmata;o__SG8-5;f__JAGLSY01;g__JAGLSY01;s__JAGLSY01 sp020696385	novel Archaea	novel family	SingleM
GCA_020696385.1_genomic	singlem	order	Bray-Curtis distance	0.0795993674222457	family	d__Archaea;p__Thermoplasmatota;c__Thermoplasmata;o__SG8-5;f__JAGLSY01;g__JAGLSY01;s__JAGLSY01 sp020696385	novel Archaea	novel family	SingleM
GCA_020696385.1_genomic	singlem	family	Bray-Curtis distance	0.510357815442561	family	d__Archaea;p__Thermoplasmatota;c__Thermoplasmata;o__SG8-5;f__JAGLSY01;g__JAGLSY01;s__JAGLSY01 sp020696385	novel Archaea	novel family	SingleM
GCA_020696385.1_genomic	singlem	genus	Bray-Curtis distance	0.496542185338866	family	d__Archaea;p__Thermoplasmatota;c__Thermoplasmata;o__SG8-5;f__JAGLSY01;g__JAGLSY01;s__JAGLSY01 sp020696385	novel Archaea	novel family	SingleM
GCA_020696385.1_genomic	singlem	species	Bray-Curtis distance	0.384719405003381	family	d__Archaea;p__Thermoplasmatota;c__Thermoplasmata;o__SG8-5;f__JAGLSY01;g__JAGLSY01;s__JAGLSY01 sp020696385	novel Archaea	novel family	SingleM
GCA_020696385.1_genomic	singlem-regime3	kingdom	Bray-Curtis distance	0.0992892047978676	family	d__Archaea;p__Thermoplasmatota;c__Thermoplasmata;o__SG8-5;f__JAGLSY01;g__JAGLSY01;s__JAGLSY01 sp020696385	novel Archaea	novel family	
GCA_020696385.1_genomic	singlem-regime3	phylum	Bray-Curtis distance	0.081332125056638	family	d__Archaea;p__Thermoplasmatota;c__Thermoplasmata;o__SG8-5;f__JAGLSY01;g__JAGLSY01;s__JAGLSY01 sp020696385	novel Archaea	novel family	
GCA_020696385.1_genomic	singlem-regime3	class	Bray-Curtis distance	0.076775890935183	family	d__Archaea;p__Thermoplasmatota;c__Thermoplasmata;o__SG8-5;f__JAGLSY01;g__JAGLSY01;s__JAGLSY01 sp020696385	novel Archaea	novel family	
GCA_020696385.1_genomic	singlem-regime3	order	Bray-Curtis distance	0.203061468548194	family	d__Archaea;p__Thermoplasmatota;c__Thermoplasmata;o__SG8-5;f__JAGLSY01;g__JAGLSY01;s__JAGLSY01 sp020696385	novel Archaea	novel family	
GCA_020696385.1_genomic	singlem-regime3	family	Bray-Curtis distance	0.544444444444444	family	d__Archaea;p__Thermoplasmatota;c__Thermoplasmata;o__SG8-5;f__JAGLSY01;g__JAGLSY01;s__JAGLSY01 sp020696385	novel Archaea	novel family	
GCA_020696385.1_genomic	singlem-regime3	genus	Bray-Curtis distance	0.539443451621139	family	d__Archaea;p__Thermoplasmatota;c__Thermoplasmata;o__SG8-5;f__JAGLSY01;g__JAGLSY01;s__JAGLSY01 sp020696385	novel Archaea	novel family	
GCA_020696385.1_genomic	singlem-regime3	species	Bray-Curtis distance	0.463589076723017	family	d__Archaea;p__Thermoplasmatota;c__Thermoplasmata;o__SG8-5;f__JAGLSY01;g__JAGLSY01;s__JAGLSY01 sp020696385	novel Archaea	novel family	
GCA_020697715.1_genomic	sylph	kingdom	Bray-Curtis distance	0.5	family	d__Archaea;p__Thermoplasmatota;c__Thermoplasmata;o__SG8-5;f__JAGLSY01;g__JAGLSY01;s__JAGLSY01 sp020697715	novel Archaea	novel family	sylph
GCA_020697715.1_genomic	sylph	phylum	Bray-Curtis distance	0.5	family	d__Archaea;p__Thermoplasmatota;c__Thermoplasmata;o__SG8-5;f__JAGLSY01;g__JAGLSY01;s__JAGLSY01 sp020697715	novel Archaea	novel family	sylph
GCA_020697715.1_genomic	sylph	class	Bray-Curtis distance	0.5	family	d__Archaea;p__Thermoplasmatota;c__Thermoplasmata;o__SG8-5;f__JAGLSY01;g__JAGLSY01;s__JAGLSY01 sp020697715	novel Archaea	novel family	sylph
GCA_020697715.1_genomic	sylph	order	Bray-Curtis distance	0.5	family	d__Archaea;p__Thermoplasmatota;c__Thermoplasmata;o__SG8-5;f__JAGLSY01;g__JAGLSY01;s__JAGLSY01 sp020697715	novel Archaea	novel family	sylph
GCA_020697715.1_genomic	sylph	family	Bray-Curtis distance	0.5	family	d__Archaea;p__Thermoplasmatota;c__Thermoplasmata;o__SG8-5;f__JAGLSY01;g__JAGLSY01;s__JAGLSY01 sp020697715	novel Archaea	novel family	sylph
GCA_020697715.1_genomic	sylph	genus	Bray-Curtis distance	0.5	family	d__Archaea;p__Thermoplasmatota;c__Thermoplasmata;o__SG8-5;f__JAGLSY01;g__JAGLSY01;s__JAGLSY01 sp020697715	novel Archaea	novel family	sylph
GCA_020697715.1_genomic	sylph	species	Bray-Curtis distance	0.5	family	d__Archaea;p__Thermoplasmatota;c__Thermoplasmata;o__SG8-5;f__JAGLSY01;g__JAGLSY01;s__JAGLSY01 sp020697715	novel Archaea	novel family	sylph
GCA_020697715.1_genomic	metaphlan	kingdom	Bray-Curtis distance	0.5	family	d__Archaea;p__Thermoplasmatota;c__Thermoplasmata;o__SG8-5;f__JAGLSY01;g__JAGLSY01;s__JAGLSY01 sp020697715	novel Archaea	novel family	MetaPhlAn
GCA_020697715.1_genomic	metaphlan	phylum	Bray-Curtis distance	0.5	family	d__Archaea;p__Thermoplasmatota;c__Thermoplasmata;o__SG8-5;f__JAGLSY01;g__JAGLSY01;s__JAGLSY01 sp020697715	novel Archaea	novel family	MetaPhlAn
GCA_020697715.1_genomic	metaphlan	class	Bray-Curtis distance	0.5	family	d__Archaea;p__Thermoplasmatota;c__Thermoplasmata;o__SG8-5;f__JAGLSY01;g__JAGLSY01;s__JAGLSY01 sp020697715	novel Archaea	novel family	MetaPhlAn
GCA_020697715.1_genomic	metaphlan	order	Bray-Curtis distance	0.5	family	d__Archaea;p__Thermoplasmatota;c__Thermoplasmata;o__SG8-5;f__JAGLSY01;g__JAGLSY01;s__JAGLSY01 sp020697715	novel Archaea	novel family	MetaPhlAn
GCA_020697715.1_genomic	metaphlan	family	Bray-Curtis distance	0.5	family	d__Archaea;p__Thermoplasmatota;c__Thermoplasmata;o__SG8-5;f__JAGLSY01;g__JAGLSY01;s__JAGLSY01 sp020697715	novel Archaea	novel family	MetaPhlAn
GCA_020697715.1_genomic	metaphlan	genus	Bray-Curtis distance	0.5	family	d__Archaea;p__Thermoplasmatota;c__Thermoplasmata;o__SG8-5;f__JAGLSY01;g__JAGLSY01;s__JAGLSY01 sp020697715	novel Archaea	novel family	MetaPhlAn
GCA_020697715.1_genomic	metaphlan	species	Bray-Curtis distance	0.5	family	d__Archaea;p__Thermoplasmatota;c__Thermoplasmata;o__SG8-5;f__JAGLSY01;g__JAGLSY01;s__JAGLSY01 sp020697715	novel Archaea	novel family	MetaPhlAn
GCA_020697715.1_genomic	singlem	kingdom	Bray-Curtis distance	0.056836902800659	family	d__Archaea;p__Thermoplasmatota;c__Thermoplasmata;o__SG8-5;f__JAGLSY01;g__JAGLSY01;s__JAGLSY01 sp020697715	novel Archaea	novel family	SingleM
GCA_020697715.1_genomic	singlem	phylum	Bray-Curtis distance	0.0299773755656109	family	d__Archaea;p__Thermoplasmatota;c__Thermoplasmata;o__SG8-5;f__JAGLSY01;g__JAGLSY01;s__JAGLSY01 sp020697715	novel Archaea	novel family	SingleM
GCA_020697715.1_genomic	singlem	class	Bray-Curtis distance	0.0302687411598303	family	d__Archaea;p__Thermoplasmatota;c__Thermoplasmata;o__SG8-5;f__JAGLSY01;g__JAGLSY01;s__JAGLSY01 sp020697715	novel Archaea	novel family	SingleM
GCA_020697715.1_genomic	singlem	order	Bray-Curtis distance	0.0861914703250821	family	d__Archaea;p__Thermoplasmatota;c__Thermoplasmata;o__SG8-5;f__JAGLSY01;g__JAGLSY01;s__JAGLSY01 sp020697715	novel Archaea	novel family	SingleM
GCA_020697715.1_genomic	singlem	family	Bray-Curtis distance	0.507776761207685	family	d__Archaea;p__Thermoplasmatota;c__Thermoplasmata;o__SG8-5;f__JAGLSY01;g__JAGLSY01;s__JAGLSY01 sp020697715	novel Archaea	novel family	SingleM
GCA_020697715.1_genomic	singlem	genus	Bray-Curtis distance	0.491172761664565	family	d__Archaea;p__Thermoplasmatota;c__Thermoplasmata;o__SG8-5;f__JAGLSY01;g__JAGLSY01;s__JAGLSY01 sp020697715	novel Archaea	novel family	SingleM
GCA_020697715.1_genomic	singlem	species	Bray-Curtis distance	0.385844748858448	family	d__Archaea;p__Thermoplasmatota;c__Thermoplasmata;o__SG8-5;f__JAGLSY01;g__JAGLSY01;s__JAGLSY01 sp020697715	novel Archaea	novel family	SingleM
GCA_020697715.1_genomic	singlem-regime3	kingdom	Bray-Curtis distance	0.0490665390138822	family	d__Archaea;p__Thermoplasmatota;c__Thermoplasmata;o__SG8-5;f__JAGLSY01;g__JAGLSY01;s__JAGLSY01 sp020697715	novel Archaea	novel family	
GCA_020697715.1_genomic	singlem-regime3	phylum	Bray-Curtis distance	0.0915841584158416	family	d__Archaea;p__Thermoplasmatota;c__Thermoplasmata;o__SG8-5;f__JAGLSY01;g__JAGLSY01;s__JAGLSY01 sp020697715	novel Archaea	novel family	
GCA_020697715.1_genomic	singlem-regime3	class	Bray-Curtis distance	0.0647298674821611	family	d__Archaea;p__Thermoplasmatota;c__Thermoplasmata;o__SG8-5;f__JAGLSY01;g__JAGLSY01;s__JAGLSY01 sp020697715	novel Archaea	novel family	
GCA_020697715.1_genomic	singlem-regime3	order	Bray-Curtis distance	0.158802911836074	family	d__Archaea;p__Thermoplasmatota;c__Thermoplasmata;o__SG8-5;f__JAGLSY01;g__JAGLSY01;s__JAGLSY01 sp020697715	novel Archaea	novel family	
GCA_020697715.1_genomic	singlem-regime3	family	Bray-Curtis distance	0.49204637368563	family	d__Archaea;p__Thermoplasmatota;c__Thermoplasmata;o__SG8-5;f__JAGLSY01;g__JAGLSY01;s__JAGLSY01 sp020697715	novel Archaea	novel family	
GCA_020697715.1_genomic	singlem-regime3	genus	Bray-Curtis distance	0.483694162784325	family	d__Archaea;p__Thermoplasmatota;c__Thermoplasmata;o__SG8-5;f__JAGLSY01;g__JAGLSY01;s__JAGLSY01 sp020697715	novel Archaea	novel family	
GCA_020697715.1_genomic	singlem-regime3	species	Bray-Curtis distance	0.378422962718575	family	d__Archaea;p__Thermoplasmatota;c__Thermoplasmata;o__SG8-5;f__JAGLSY01;g__JAGLSY01;s__JAGLSY01 sp020697715	novel Archaea	novel family	
GCA_020723935.1_genomic	sylph	kingdom	Bray-Curtis distance	0.5	order	d__Archaea;p__SpSt-1190;c__SpSt-1190;o__DYHY01;f__DYHY01;g__DYHY01;s__DYHY01 sp020723935	novel Archaea	novel order	sylph
GCA_020723935.1_genomic	sylph	phylum	Bray-Curtis distance	0.5	order	d__Archaea;p__SpSt-1190;c__SpSt-1190;o__DYHY01;f__DYHY01;g__DYHY01;s__DYHY01 sp020723935	novel Archaea	novel order	sylph
GCA_020723935.1_genomic	sylph	class	Bray-Curtis distance	0.5	order	d__Archaea;p__SpSt-1190;c__SpSt-1190;o__DYHY01;f__DYHY01;g__DYHY01;s__DYHY01 sp020723935	novel Archaea	novel order	sylph
GCA_020723935.1_genomic	sylph	order	Bray-Curtis distance	0.5	order	d__Archaea;p__SpSt-1190;c__SpSt-1190;o__DYHY01;f__DYHY01;g__DYHY01;s__DYHY01 sp020723935	novel Archaea	novel order	sylph
GCA_020723935.1_genomic	sylph	family	Bray-Curtis distance	0.5	order	d__Archaea;p__SpSt-1190;c__SpSt-1190;o__DYHY01;f__DYHY01;g__DYHY01;s__DYHY01 sp020723935	novel Archaea	novel order	sylph
GCA_020723935.1_genomic	sylph	genus	Bray-Curtis distance	0.5	order	d__Archaea;p__SpSt-1190;c__SpSt-1190;o__DYHY01;f__DYHY01;g__DYHY01;s__DYHY01 sp020723935	novel Archaea	novel order	sylph
GCA_020723935.1_genomic	sylph	species	Bray-Curtis distance	0.5	order	d__Archaea;p__SpSt-1190;c__SpSt-1190;o__DYHY01;f__DYHY01;g__DYHY01;s__DYHY01 sp020723935	novel Archaea	novel order	sylph
GCA_020723935.1_genomic	metaphlan	kingdom	Bray-Curtis distance	0.5	order	d__Archaea;p__SpSt-1190;c__SpSt-1190;o__DYHY01;f__DYHY01;g__DYHY01;s__DYHY01 sp020723935	novel Archaea	novel order	MetaPhlAn
GCA_020723935.1_genomic	metaphlan	phylum	Bray-Curtis distance	0.5	order	d__Archaea;p__SpSt-1190;c__SpSt-1190;o__DYHY01;f__DYHY01;g__DYHY01;s__DYHY01 sp020723935	novel Archaea	novel order	MetaPhlAn
GCA_020723935.1_genomic	metaphlan	class	Bray-Curtis distance	0.5	order	d__Archaea;p__SpSt-1190;c__SpSt-1190;o__DYHY01;f__DYHY01;g__DYHY01;s__DYHY01 sp020723935	novel Archaea	novel order	MetaPhlAn
GCA_020723935.1_genomic	metaphlan	order	Bray-Curtis distance	0.5	order	d__Archaea;p__SpSt-1190;c__SpSt-1190;o__DYHY01;f__DYHY01;g__DYHY01;s__DYHY01 sp020723935	novel Archaea	novel order	MetaPhlAn
GCA_020723935.1_genomic	metaphlan	family	Bray-Curtis distance	0.5	order	d__Archaea;p__SpSt-1190;c__SpSt-1190;o__DYHY01;f__DYHY01;g__DYHY01;s__DYHY01 sp020723935	novel Archaea	novel order	MetaPhlAn
GCA_020723935.1_genomic	metaphlan	genus	Bray-Curtis distance	0.5	order	d__Archaea;p__SpSt-1190;c__SpSt-1190;o__DYHY01;f__DYHY01;g__DYHY01;s__DYHY01 sp020723935	novel Archaea	novel order	MetaPhlAn
GCA_020723935.1_genomic	metaphlan	species	Bray-Curtis distance	0.5	order	d__Archaea;p__SpSt-1190;c__SpSt-1190;o__DYHY01;f__DYHY01;g__DYHY01;s__DYHY01 sp020723935	novel Archaea	novel order	MetaPhlAn
GCA_020723935.1_genomic	singlem	kingdom	Bray-Curtis distance	0.0157501334757074	order	d__Archaea;p__SpSt-1190;c__SpSt-1190;o__DYHY01;f__DYHY01;g__DYHY01;s__DYHY01 sp020723935	novel Archaea	novel order	SingleM
GCA_020723935.1_genomic	singlem	phylum	Bray-Curtis distance	0.302050747306222	order	d__Archaea;p__SpSt-1190;c__SpSt-1190;o__DYHY01;f__DYHY01;g__DYHY01;s__DYHY01 sp020723935	novel Archaea	novel order	SingleM
GCA_020723935.1_genomic	singlem	class	Bray-Curtis distance	0.302050747306222	order	d__Archaea;p__SpSt-1190;c__SpSt-1190;o__DYHY01;f__DYHY01;g__DYHY01;s__DYHY01 sp020723935	novel Archaea	novel order	SingleM
GCA_020723935.1_genomic	singlem	order	Bray-Curtis distance	0.3521028849496	order	d__Archaea;p__SpSt-1190;c__SpSt-1190;o__DYHY01;f__DYHY01;g__DYHY01;s__DYHY01 sp020723935	novel Archaea	novel order	SingleM
GCA_020723935.1_genomic	singlem	family	Bray-Curtis distance	0.3521028849496	order	d__Archaea;p__SpSt-1190;c__SpSt-1190;o__DYHY01;f__DYHY01;g__DYHY01;s__DYHY01 sp020723935	novel Archaea	novel order	SingleM
GCA_020723935.1_genomic	singlem	genus	Bray-Curtis distance	0.335472370766488	order	d__Archaea;p__SpSt-1190;c__SpSt-1190;o__DYHY01;f__DYHY01;g__DYHY01;s__DYHY01 sp020723935	novel Archaea	novel order	SingleM
GCA_020723935.1_genomic	singlem	species	Bray-Curtis distance	0.335472370766488	order	d__Archaea;p__SpSt-1190;c__SpSt-1190;o__DYHY01;f__DYHY01;g__DYHY01;s__DYHY01 sp020723935	novel Archaea	novel order	SingleM
GCA_020723935.1_genomic	singlem-regime3	kingdom	Bray-Curtis distance	0.0248780487804877	order	d__Archaea;p__SpSt-1190;c__SpSt-1190;o__DYHY01;f__DYHY01;g__DYHY01;s__DYHY01 sp020723935	novel Archaea	novel order	
GCA_020723935.1_genomic	singlem-regime3	phylum	Bray-Curtis distance	0.410165805925523	order	d__Archaea;p__SpSt-1190;c__SpSt-1190;o__DYHY01;f__DYHY01;g__DYHY01;s__DYHY01 sp020723935	novel Archaea	novel order	
GCA_020723935.1_genomic	singlem-regime3	class	Bray-Curtis distance	0.357988165680473	order	d__Archaea;p__SpSt-1190;c__SpSt-1190;o__DYHY01;f__DYHY01;g__DYHY01;s__DYHY01 sp020723935	novel Archaea	novel order	
GCA_020723935.1_genomic	singlem-regime3	order	Bray-Curtis distance	0.401352181929932	order	d__Archaea;p__SpSt-1190;c__SpSt-1190;o__DYHY01;f__DYHY01;g__DYHY01;s__DYHY01 sp020723935	novel Archaea	novel order	
GCA_020723935.1_genomic	singlem-regime3	family	Bray-Curtis distance	0.378628389154705	order	d__Archaea;p__SpSt-1190;c__SpSt-1190;o__DYHY01;f__DYHY01;g__DYHY01;s__DYHY01 sp020723935	novel Archaea	novel order	
GCA_020723935.1_genomic	singlem-regime3	genus	Bray-Curtis distance	0.355820105820106	order	d__Archaea;p__SpSt-1190;c__SpSt-1190;o__DYHY01;f__DYHY01;g__DYHY01;s__DYHY01 sp020723935	novel Archaea	novel order	
GCA_020723935.1_genomic	singlem-regime3	species	Bray-Curtis distance	0.355820105820106	order	d__Archaea;p__SpSt-1190;c__SpSt-1190;o__DYHY01;f__DYHY01;g__DYHY01;s__DYHY01 sp020723935	novel Archaea	novel order	
GCA_020845635.1_genomic	sylph	kingdom	Bray-Curtis distance	0.5	species	d__Bacteria;p__Bacteroidota;c__Bacteroidia;o__AKYH767;f__UBA4408;g__CAIKXD01;s__CAIKXD01 sp020845635	novel Bacteria	novel species	sylph
GCA_020845635.1_genomic	sylph	phylum	Bray-Curtis distance	0.5	species	d__Bacteria;p__Bacteroidota;c__Bacteroidia;o__AKYH767;f__UBA4408;g__CAIKXD01;s__CAIKXD01 sp020845635	novel Bacteria	novel species	sylph
GCA_020845635.1_genomic	sylph	class	Bray-Curtis distance	0.5	species	d__Bacteria;p__Bacteroidota;c__Bacteroidia;o__AKYH767;f__UBA4408;g__CAIKXD01;s__CAIKXD01 sp020845635	novel Bacteria	novel species	sylph
GCA_020845635.1_genomic	sylph	order	Bray-Curtis distance	0.5	species	d__Bacteria;p__Bacteroidota;c__Bacteroidia;o__AKYH767;f__UBA4408;g__CAIKXD01;s__CAIKXD01 sp020845635	novel Bacteria	novel species	sylph
GCA_020845635.1_genomic	sylph	family	Bray-Curtis distance	0.5	species	d__Bacteria;p__Bacteroidota;c__Bacteroidia;o__AKYH767;f__UBA4408;g__CAIKXD01;s__CAIKXD01 sp020845635	novel Bacteria	novel species	sylph
GCA_020845635.1_genomic	sylph	genus	Bray-Curtis distance	0.5	species	d__Bacteria;p__Bacteroidota;c__Bacteroidia;o__AKYH767;f__UBA4408;g__CAIKXD01;s__CAIKXD01 sp020845635	novel Bacteria	novel species	sylph
GCA_020845635.1_genomic	sylph	species	Bray-Curtis distance	0.5	species	d__Bacteria;p__Bacteroidota;c__Bacteroidia;o__AKYH767;f__UBA4408;g__CAIKXD01;s__CAIKXD01 sp020845635	novel Bacteria	novel species	sylph
GCA_020845635.1_genomic	metaphlan	kingdom	Bray-Curtis distance	0.5	species	d__Bacteria;p__Bacteroidota;c__Bacteroidia;o__AKYH767;f__UBA4408;g__CAIKXD01;s__CAIKXD01 sp020845635	novel Bacteria	novel species	MetaPhlAn
GCA_020845635.1_genomic	metaphlan	phylum	Bray-Curtis distance	0.5	species	d__Bacteria;p__Bacteroidota;c__Bacteroidia;o__AKYH767;f__UBA4408;g__CAIKXD01;s__CAIKXD01 sp020845635	novel Bacteria	novel species	MetaPhlAn
GCA_020845635.1_genomic	metaphlan	class	Bray-Curtis distance	0.5	species	d__Bacteria;p__Bacteroidota;c__Bacteroidia;o__AKYH767;f__UBA4408;g__CAIKXD01;s__CAIKXD01 sp020845635	novel Bacteria	novel species	MetaPhlAn
GCA_020845635.1_genomic	metaphlan	order	Bray-Curtis distance	0.5	species	d__Bacteria;p__Bacteroidota;c__Bacteroidia;o__AKYH767;f__UBA4408;g__CAIKXD01;s__CAIKXD01 sp020845635	novel Bacteria	novel species	MetaPhlAn
GCA_020845635.1_genomic	metaphlan	family	Bray-Curtis distance	0.5	species	d__Bacteria;p__Bacteroidota;c__Bacteroidia;o__AKYH767;f__UBA4408;g__CAIKXD01;s__CAIKXD01 sp020845635	novel Bacteria	novel species	MetaPhlAn
GCA_020845635.1_genomic	metaphlan	genus	Bray-Curtis distance	0.5	species	d__Bacteria;p__Bacteroidota;c__Bacteroidia;o__AKYH767;f__UBA4408;g__CAIKXD01;s__CAIKXD01 sp020845635	novel Bacteria	novel species	MetaPhlAn
GCA_020845635.1_genomic	metaphlan	species	Bray-Curtis distance	0.5	species	d__Bacteria;p__Bacteroidota;c__Bacteroidia;o__AKYH767;f__UBA4408;g__CAIKXD01;s__CAIKXD01 sp020845635	novel Bacteria	novel species	MetaPhlAn
GCA_020845635.1_genomic	singlem	kingdom	Bray-Curtis distance	0.0211614173228346	species	d__Bacteria;p__Bacteroidota;c__Bacteroidia;o__AKYH767;f__UBA4408;g__CAIKXD01;s__CAIKXD01 sp020845635	novel Bacteria	novel species	SingleM
GCA_020845635.1_genomic	singlem	phylum	Bray-Curtis distance	0.0151930261519302	species	d__Bacteria;p__Bacteroidota;c__Bacteroidia;o__AKYH767;f__UBA4408;g__CAIKXD01;s__CAIKXD01 sp020845635	novel Bacteria	novel species	SingleM
GCA_020845635.1_genomic	singlem	class	Bray-Curtis distance	0.0151930261519302	species	d__Bacteria;p__Bacteroidota;c__Bacteroidia;o__AKYH767;f__UBA4408;g__CAIKXD01;s__CAIKXD01 sp020845635	novel Bacteria	novel species	SingleM
GCA_020845635.1_genomic	singlem	order	Bray-Curtis distance	0.0300732878443265	species	d__Bacteria;p__Bacteroidota;c__Bacteroidia;o__AKYH767;f__UBA4408;g__CAIKXD01;s__CAIKXD01 sp020845635	novel Bacteria	novel species	SingleM
GCA_020845635.1_genomic	singlem	family	Bray-Curtis distance	0.0409626216077829	species	d__Bacteria;p__Bacteroidota;c__Bacteroidia;o__AKYH767;f__UBA4408;g__CAIKXD01;s__CAIKXD01 sp020845635	novel Bacteria	novel species	SingleM
GCA_020845635.1_genomic	singlem	genus	Bray-Curtis distance	0.0630065359477124	species	d__Bacteria;p__Bacteroidota;c__Bacteroidia;o__AKYH767;f__UBA4408;g__CAIKXD01;s__CAIKXD01 sp020845635	novel Bacteria	novel species	SingleM
GCA_020845635.1_genomic	singlem	species	Bray-Curtis distance	0.333551984257134	species	d__Bacteria;p__Bacteroidota;c__Bacteroidia;o__AKYH767;f__UBA4408;g__CAIKXD01;s__CAIKXD01 sp020845635	novel Bacteria	novel species	SingleM
GCA_020845635.1_genomic	singlem-regime3	kingdom	Bray-Curtis distance	0.0141158989598812	species	d__Bacteria;p__Bacteroidota;c__Bacteroidia;o__AKYH767;f__UBA4408;g__CAIKXD01;s__CAIKXD01 sp020845635	novel Bacteria	novel species	
GCA_020845635.1_genomic	singlem-regime3	phylum	Bray-Curtis distance	0.0141158989598812	species	d__Bacteria;p__Bacteroidota;c__Bacteroidia;o__AKYH767;f__UBA4408;g__CAIKXD01;s__CAIKXD01 sp020845635	novel Bacteria	novel species	
GCA_020845635.1_genomic	singlem-regime3	class	Bray-Curtis distance	0.0141158989598812	species	d__Bacteria;p__Bacteroidota;c__Bacteroidia;o__AKYH767;f__UBA4408;g__CAIKXD01;s__CAIKXD01 sp020845635	novel Bacteria	novel species	
GCA_020845635.1_genomic	singlem-regime3	order	Bray-Curtis distance	0.127928402211108	species	d__Bacteria;p__Bacteroidota;c__Bacteroidia;o__AKYH767;f__UBA4408;g__CAIKXD01;s__CAIKXD01 sp020845635	novel Bacteria	novel species	
GCA_020845635.1_genomic	singlem-regime3	family	Bray-Curtis distance	0.105561555075594	species	d__Bacteria;p__Bacteroidota;c__Bacteroidia;o__AKYH767;f__UBA4408;g__CAIKXD01;s__CAIKXD01 sp020845635	novel Bacteria	novel species	
GCA_020845635.1_genomic	singlem-regime3	genus	Bray-Curtis distance	0.105561555075594	species	d__Bacteria;p__Bacteroidota;c__Bacteroidia;o__AKYH767;f__UBA4408;g__CAIKXD01;s__CAIKXD01 sp020845635	novel Bacteria	novel species	
GCA_020845635.1_genomic	singlem-regime3	species	Bray-Curtis distance	0.3419740777667	species	d__Bacteria;p__Bacteroidota;c__Bacteroidia;o__AKYH767;f__UBA4408;g__CAIKXD01;s__CAIKXD01 sp020845635	novel Bacteria	novel species	
GCA_020853095.1_genomic	sylph	kingdom	Bray-Curtis distance	0.5	genus	d__Bacteria;p__Planctomycetota;c__Phycisphaerae;o__Tepidisphaerales;f__Tepidisphaeraceae;g__JADYZN01;s__JADYZN01 sp020853095	novel Bacteria	novel genus	sylph
GCA_020853095.1_genomic	sylph	phylum	Bray-Curtis distance	0.5	genus	d__Bacteria;p__Planctomycetota;c__Phycisphaerae;o__Tepidisphaerales;f__Tepidisphaeraceae;g__JADYZN01;s__JADYZN01 sp020853095	novel Bacteria	novel genus	sylph
GCA_020853095.1_genomic	sylph	class	Bray-Curtis distance	0.5	genus	d__Bacteria;p__Planctomycetota;c__Phycisphaerae;o__Tepidisphaerales;f__Tepidisphaeraceae;g__JADYZN01;s__JADYZN01 sp020853095	novel Bacteria	novel genus	sylph
GCA_020853095.1_genomic	sylph	order	Bray-Curtis distance	0.5	genus	d__Bacteria;p__Planctomycetota;c__Phycisphaerae;o__Tepidisphaerales;f__Tepidisphaeraceae;g__JADYZN01;s__JADYZN01 sp020853095	novel Bacteria	novel genus	sylph
GCA_020853095.1_genomic	sylph	family	Bray-Curtis distance	0.5	genus	d__Bacteria;p__Planctomycetota;c__Phycisphaerae;o__Tepidisphaerales;f__Tepidisphaeraceae;g__JADYZN01;s__JADYZN01 sp020853095	novel Bacteria	novel genus	sylph
GCA_020853095.1_genomic	sylph	genus	Bray-Curtis distance	0.5	genus	d__Bacteria;p__Planctomycetota;c__Phycisphaerae;o__Tepidisphaerales;f__Tepidisphaeraceae;g__JADYZN01;s__JADYZN01 sp020853095	novel Bacteria	novel genus	sylph
GCA_020853095.1_genomic	sylph	species	Bray-Curtis distance	0.5	genus	d__Bacteria;p__Planctomycetota;c__Phycisphaerae;o__Tepidisphaerales;f__Tepidisphaeraceae;g__JADYZN01;s__JADYZN01 sp020853095	novel Bacteria	novel genus	sylph
GCA_020853095.1_genomic	metaphlan	kingdom	Bray-Curtis distance	0.5	genus	d__Bacteria;p__Planctomycetota;c__Phycisphaerae;o__Tepidisphaerales;f__Tepidisphaeraceae;g__JADYZN01;s__JADYZN01 sp020853095	novel Bacteria	novel genus	MetaPhlAn
GCA_020853095.1_genomic	metaphlan	phylum	Bray-Curtis distance	0.5	genus	d__Bacteria;p__Planctomycetota;c__Phycisphaerae;o__Tepidisphaerales;f__Tepidisphaeraceae;g__JADYZN01;s__JADYZN01 sp020853095	novel Bacteria	novel genus	MetaPhlAn
GCA_020853095.1_genomic	metaphlan	class	Bray-Curtis distance	0.5	genus	d__Bacteria;p__Planctomycetota;c__Phycisphaerae;o__Tepidisphaerales;f__Tepidisphaeraceae;g__JADYZN01;s__JADYZN01 sp020853095	novel Bacteria	novel genus	MetaPhlAn
GCA_020853095.1_genomic	metaphlan	order	Bray-Curtis distance	0.5	genus	d__Bacteria;p__Planctomycetota;c__Phycisphaerae;o__Tepidisphaerales;f__Tepidisphaeraceae;g__JADYZN01;s__JADYZN01 sp020853095	novel Bacteria	novel genus	MetaPhlAn
GCA_020853095.1_genomic	metaphlan	family	Bray-Curtis distance	0.5	genus	d__Bacteria;p__Planctomycetota;c__Phycisphaerae;o__Tepidisphaerales;f__Tepidisphaeraceae;g__JADYZN01;s__JADYZN01 sp020853095	novel Bacteria	novel genus	MetaPhlAn
GCA_020853095.1_genomic	metaphlan	genus	Bray-Curtis distance	0.5	genus	d__Bacteria;p__Planctomycetota;c__Phycisphaerae;o__Tepidisphaerales;f__Tepidisphaeraceae;g__JADYZN01;s__JADYZN01 sp020853095	novel Bacteria	novel genus	MetaPhlAn
GCA_020853095.1_genomic	metaphlan	species	Bray-Curtis distance	0.5	genus	d__Bacteria;p__Planctomycetota;c__Phycisphaerae;o__Tepidisphaerales;f__Tepidisphaeraceae;g__JADYZN01;s__JADYZN01 sp020853095	novel Bacteria	novel genus	MetaPhlAn
GCA_020853095.1_genomic	singlem	kingdom	Bray-Curtis distance	0.0409342039176293	genus	d__Bacteria;p__Planctomycetota;c__Phycisphaerae;o__Tepidisphaerales;f__Tepidisphaeraceae;g__JADYZN01;s__JADYZN01 sp020853095	novel Bacteria	novel genus	SingleM
GCA_020853095.1_genomic	singlem	phylum	Bray-Curtis distance	0.0459445585215606	genus	d__Bacteria;p__Planctomycetota;c__Phycisphaerae;o__Tepidisphaerales;f__Tepidisphaeraceae;g__JADYZN01;s__JADYZN01 sp020853095	novel Bacteria	novel genus	SingleM
GCA_020853095.1_genomic	singlem	class	Bray-Curtis distance	0.0459445585215606	genus	d__Bacteria;p__Planctomycetota;c__Phycisphaerae;o__Tepidisphaerales;f__Tepidisphaeraceae;g__JADYZN01;s__JADYZN01 sp020853095	novel Bacteria	novel genus	SingleM
GCA_020853095.1_genomic	singlem	order	Bray-Curtis distance	0.0551527705851891	genus	d__Bacteria;p__Planctomycetota;c__Phycisphaerae;o__Tepidisphaerales;f__Tepidisphaeraceae;g__JADYZN01;s__JADYZN01 sp020853095	novel Bacteria	novel genus	SingleM
GCA_020853095.1_genomic	singlem	family	Bray-Curtis distance	0.0489966119364087	genus	d__Bacteria;p__Planctomycetota;c__Phycisphaerae;o__Tepidisphaerales;f__Tepidisphaeraceae;g__JADYZN01;s__JADYZN01 sp020853095	novel Bacteria	novel genus	SingleM
GCA_020853095.1_genomic	singlem	genus	Bray-Curtis distance	0.428694404591105	genus	d__Bacteria;p__Planctomycetota;c__Phycisphaerae;o__Tepidisphaerales;f__Tepidisphaeraceae;g__JADYZN01;s__JADYZN01 sp020853095	novel Bacteria	novel genus	SingleM
GCA_020853095.1_genomic	singlem	species	Bray-Curtis distance	0.338098404255319	genus	d__Bacteria;p__Planctomycetota;c__Phycisphaerae;o__Tepidisphaerales;f__Tepidisphaeraceae;g__JADYZN01;s__JADYZN01 sp020853095	novel Bacteria	novel genus	SingleM
GCA_020853095.1_genomic	singlem-regime3	kingdom	Bray-Curtis distance	0.00388349514563107	genus	d__Bacteria;p__Planctomycetota;c__Phycisphaerae;o__Tepidisphaerales;f__Tepidisphaeraceae;g__JADYZN01;s__JADYZN01 sp020853095	novel Bacteria	novel genus	
GCA_020853095.1_genomic	singlem-regime3	phylum	Bray-Curtis distance	0.0415512465373961	genus	d__Bacteria;p__Planctomycetota;c__Phycisphaerae;o__Tepidisphaerales;f__Tepidisphaeraceae;g__JADYZN01;s__JADYZN01 sp020853095	novel Bacteria	novel genus	
GCA_020853095.1_genomic	singlem-regime3	class	Bray-Curtis distance	0.0415512465373961	genus	d__Bacteria;p__Planctomycetota;c__Phycisphaerae;o__Tepidisphaerales;f__Tepidisphaeraceae;g__JADYZN01;s__JADYZN01 sp020853095	novel Bacteria	novel genus	
GCA_020853095.1_genomic	singlem-regime3	order	Bray-Curtis distance	0.0415512465373961	genus	d__Bacteria;p__Planctomycetota;c__Phycisphaerae;o__Tepidisphaerales;f__Tepidisphaeraceae;g__JADYZN01;s__JADYZN01 sp020853095	novel Bacteria	novel genus	
GCA_020853095.1_genomic	singlem-regime3	family	Bray-Curtis distance	0.0415512465373961	genus	d__Bacteria;p__Planctomycetota;c__Phycisphaerae;o__Tepidisphaerales;f__Tepidisphaeraceae;g__JADYZN01;s__JADYZN01 sp020853095	novel Bacteria	novel genus	
GCA_020853095.1_genomic	singlem-regime3	genus	Bray-Curtis distance	0.443694301917364	genus	d__Bacteria;p__Planctomycetota;c__Phycisphaerae;o__Tepidisphaerales;f__Tepidisphaeraceae;g__JADYZN01;s__JADYZN01 sp020853095	novel Bacteria	novel genus	
GCA_020853095.1_genomic	singlem-regime3	species	Bray-Curtis distance	0.350819672131148	genus	d__Bacteria;p__Planctomycetota;c__Phycisphaerae;o__Tepidisphaerales;f__Tepidisphaeraceae;g__JADYZN01;s__JADYZN01 sp020853095	novel Bacteria	novel genus	
GCA_020854915.1_genomic	sylph	kingdom	Bray-Curtis distance	0.5	genus	d__Archaea;p__Methanobacteriota;c__Methanobacteria;o__Methanobacteriales;f__Methanobacteriaceae;g__JAHKLT01;s__JAHKLT01 sp020854915	novel Archaea	novel genus	sylph
GCA_020854915.1_genomic	sylph	phylum	Bray-Curtis distance	0.5	genus	d__Archaea;p__Methanobacteriota;c__Methanobacteria;o__Methanobacteriales;f__Methanobacteriaceae;g__JAHKLT01;s__JAHKLT01 sp020854915	novel Archaea	novel genus	sylph
GCA_020854915.1_genomic	sylph	class	Bray-Curtis distance	0.5	genus	d__Archaea;p__Methanobacteriota;c__Methanobacteria;o__Methanobacteriales;f__Methanobacteriaceae;g__JAHKLT01;s__JAHKLT01 sp020854915	novel Archaea	novel genus	sylph
GCA_020854915.1_genomic	sylph	order	Bray-Curtis distance	0.5	genus	d__Archaea;p__Methanobacteriota;c__Methanobacteria;o__Methanobacteriales;f__Methanobacteriaceae;g__JAHKLT01;s__JAHKLT01 sp020854915	novel Archaea	novel genus	sylph
GCA_020854915.1_genomic	sylph	family	Bray-Curtis distance	0.5	genus	d__Archaea;p__Methanobacteriota;c__Methanobacteria;o__Methanobacteriales;f__Methanobacteriaceae;g__JAHKLT01;s__JAHKLT01 sp020854915	novel Archaea	novel genus	sylph
GCA_020854915.1_genomic	sylph	genus	Bray-Curtis distance	0.5	genus	d__Archaea;p__Methanobacteriota;c__Methanobacteria;o__Methanobacteriales;f__Methanobacteriaceae;g__JAHKLT01;s__JAHKLT01 sp020854915	novel Archaea	novel genus	sylph
GCA_020854915.1_genomic	sylph	species	Bray-Curtis distance	0.5	genus	d__Archaea;p__Methanobacteriota;c__Methanobacteria;o__Methanobacteriales;f__Methanobacteriaceae;g__JAHKLT01;s__JAHKLT01 sp020854915	novel Archaea	novel genus	sylph
GCA_020854915.1_genomic	metaphlan	kingdom	Bray-Curtis distance	0.5	genus	d__Archaea;p__Methanobacteriota;c__Methanobacteria;o__Methanobacteriales;f__Methanobacteriaceae;g__JAHKLT01;s__JAHKLT01 sp020854915	novel Archaea	novel genus	MetaPhlAn
GCA_020854915.1_genomic	metaphlan	phylum	Bray-Curtis distance	0.5	genus	d__Archaea;p__Methanobacteriota;c__Methanobacteria;o__Methanobacteriales;f__Methanobacteriaceae;g__JAHKLT01;s__JAHKLT01 sp020854915	novel Archaea	novel genus	MetaPhlAn
GCA_020854915.1_genomic	metaphlan	class	Bray-Curtis distance	0.5	genus	d__Archaea;p__Methanobacteriota;c__Methanobacteria;o__Methanobacteriales;f__Methanobacteriaceae;g__JAHKLT01;s__JAHKLT01 sp020854915	novel Archaea	novel genus	MetaPhlAn
GCA_020854915.1_genomic	metaphlan	order	Bray-Curtis distance	0.5	genus	d__Archaea;p__Methanobacteriota;c__Methanobacteria;o__Methanobacteriales;f__Methanobacteriaceae;g__JAHKLT01;s__JAHKLT01 sp020854915	novel Archaea	novel genus	MetaPhlAn
GCA_020854915.1_genomic	metaphlan	family	Bray-Curtis distance	0.5	genus	d__Archaea;p__Methanobacteriota;c__Methanobacteria;o__Methanobacteriales;f__Methanobacteriaceae;g__JAHKLT01;s__JAHKLT01 sp020854915	novel Archaea	novel genus	MetaPhlAn
GCA_020854915.1_genomic	metaphlan	genus	Bray-Curtis distance	0.5	genus	d__Archaea;p__Methanobacteriota;c__Methanobacteria;o__Methanobacteriales;f__Methanobacteriaceae;g__JAHKLT01;s__JAHKLT01 sp020854915	novel Archaea	novel genus	MetaPhlAn
GCA_020854915.1_genomic	metaphlan	species	Bray-Curtis distance	1	genus	d__Archaea;p__Methanobacteriota;c__Methanobacteria;o__Methanobacteriales;f__Methanobacteriaceae;g__JAHKLT01;s__JAHKLT01 sp020854915	novel Archaea	novel genus	MetaPhlAn
GCA_020854915.1_genomic	singlem	kingdom	Bray-Curtis distance	0.0152882205513784	genus	d__Archaea;p__Methanobacteriota;c__Methanobacteria;o__Methanobacteriales;f__Methanobacteriaceae;g__JAHKLT01;s__JAHKLT01 sp020854915	novel Archaea	novel genus	SingleM
GCA_020854915.1_genomic	singlem	phylum	Bray-Curtis distance	0.00960323477381855	genus	d__Archaea;p__Methanobacteriota;c__Methanobacteria;o__Methanobacteriales;f__Methanobacteriaceae;g__JAHKLT01;s__JAHKLT01 sp020854915	novel Archaea	novel genus	SingleM
GCA_020854915.1_genomic	singlem	class	Bray-Curtis distance	0.00960323477381855	genus	d__Archaea;p__Methanobacteriota;c__Methanobacteria;o__Methanobacteriales;f__Methanobacteriaceae;g__JAHKLT01;s__JAHKLT01 sp020854915	novel Archaea	novel genus	SingleM
GCA_020854915.1_genomic	singlem	order	Bray-Curtis distance	0.00960323477381855	genus	d__Archaea;p__Methanobacteriota;c__Methanobacteria;o__Methanobacteriales;f__Methanobacteriaceae;g__JAHKLT01;s__JAHKLT01 sp020854915	novel Archaea	novel genus	SingleM
GCA_020854915.1_genomic	singlem	family	Bray-Curtis distance	0.00960323477381855	genus	d__Archaea;p__Methanobacteriota;c__Methanobacteria;o__Methanobacteriales;f__Methanobacteriaceae;g__JAHKLT01;s__JAHKLT01 sp020854915	novel Archaea	novel genus	SingleM
GCA_020854915.1_genomic	singlem	genus	Bray-Curtis distance	0.469978746014878	genus	d__Archaea;p__Methanobacteriota;c__Methanobacteria;o__Methanobacteriales;f__Methanobacteriaceae;g__JAHKLT01;s__JAHKLT01 sp020854915	novel Archaea	novel genus	SingleM
GCA_020854915.1_genomic	singlem	species	Bray-Curtis distance	0.333889816360601	genus	d__Archaea;p__Methanobacteriota;c__Methanobacteria;o__Methanobacteriales;f__Methanobacteriaceae;g__JAHKLT01;s__JAHKLT01 sp020854915	novel Archaea	novel genus	SingleM
GCA_020854915.1_genomic	singlem-regime3	kingdom	Bray-Curtis distance	0.000508646998982734	genus	d__Archaea;p__Methanobacteriota;c__Methanobacteria;o__Methanobacteriales;f__Methanobacteriaceae;g__JAHKLT01;s__JAHKLT01 sp020854915	novel Archaea	novel genus	
GCA_020854915.1_genomic	singlem-regime3	phylum	Bray-Curtis distance	0.000508646998982734	genus	d__Archaea;p__Methanobacteriota;c__Methanobacteria;o__Methanobacteriales;f__Methanobacteriaceae;g__JAHKLT01;s__JAHKLT01 sp020854915	novel Archaea	novel genus	
GCA_020854915.1_genomic	singlem-regime3	class	Bray-Curtis distance	0.000508646998982734	genus	d__Archaea;p__Methanobacteriota;c__Methanobacteria;o__Methanobacteriales;f__Methanobacteriaceae;g__JAHKLT01;s__JAHKLT01 sp020854915	novel Archaea	novel genus	
GCA_020854915.1_genomic	singlem-regime3	order	Bray-Curtis distance	0.000508646998982734	genus	d__Archaea;p__Methanobacteriota;c__Methanobacteria;o__Methanobacteriales;f__Methanobacteriaceae;g__JAHKLT01;s__JAHKLT01 sp020854915	novel Archaea	novel genus	
GCA_020854915.1_genomic	singlem-regime3	family	Bray-Curtis distance	0.000508646998982734	genus	d__Archaea;p__Methanobacteriota;c__Methanobacteria;o__Methanobacteriales;f__Methanobacteriaceae;g__JAHKLT01;s__JAHKLT01 sp020854915	novel Archaea	novel genus	
GCA_020854915.1_genomic	singlem-regime3	genus	Bray-Curtis distance	0.481540084388186	genus	d__Archaea;p__Methanobacteriota;c__Methanobacteria;o__Methanobacteriales;f__Methanobacteriaceae;g__JAHKLT01;s__JAHKLT01 sp020854915	novel Archaea	novel genus	
GCA_020854915.1_genomic	singlem-regime3	species	Bray-Curtis distance	0.333559322033898	genus	d__Archaea;p__Methanobacteriota;c__Methanobacteria;o__Methanobacteriales;f__Methanobacteriaceae;g__JAHKLT01;s__JAHKLT01 sp020854915	novel Archaea	novel genus	
GCA_020860125.1_genomic	sylph	kingdom	Bray-Curtis distance	3.45757554802262e-05	species	d__Bacteria;p__Synergistota;c__Synergistia;o__Synergistales;f__Synergistaceae;g__Cloacibacillus;s__Cloacibacillus sp020860125	novel Bacteria	novel species	sylph
GCA_020860125.1_genomic	sylph	phylum	Bray-Curtis distance	3.45757554802262e-05	species	d__Bacteria;p__Synergistota;c__Synergistia;o__Synergistales;f__Synergistaceae;g__Cloacibacillus;s__Cloacibacillus sp020860125	novel Bacteria	novel species	sylph
GCA_020860125.1_genomic	sylph	class	Bray-Curtis distance	3.45757554802262e-05	species	d__Bacteria;p__Synergistota;c__Synergistia;o__Synergistales;f__Synergistaceae;g__Cloacibacillus;s__Cloacibacillus sp020860125	novel Bacteria	novel species	sylph
GCA_020860125.1_genomic	sylph	order	Bray-Curtis distance	3.45757554802262e-05	species	d__Bacteria;p__Synergistota;c__Synergistia;o__Synergistales;f__Synergistaceae;g__Cloacibacillus;s__Cloacibacillus sp020860125	novel Bacteria	novel species	sylph
GCA_020860125.1_genomic	sylph	family	Bray-Curtis distance	3.45757554802262e-05	species	d__Bacteria;p__Synergistota;c__Synergistia;o__Synergistales;f__Synergistaceae;g__Cloacibacillus;s__Cloacibacillus sp020860125	novel Bacteria	novel species	sylph
GCA_020860125.1_genomic	sylph	genus	Bray-Curtis distance	3.45757554802262e-05	species	d__Bacteria;p__Synergistota;c__Synergistia;o__Synergistales;f__Synergistaceae;g__Cloacibacillus;s__Cloacibacillus sp020860125	novel Bacteria	novel species	sylph
GCA_020860125.1_genomic	sylph	species	Bray-Curtis distance	0.5	species	d__Bacteria;p__Synergistota;c__Synergistia;o__Synergistales;f__Synergistaceae;g__Cloacibacillus;s__Cloacibacillus sp020860125	novel Bacteria	novel species	sylph
GCA_020860125.1_genomic	metaphlan	kingdom	Bray-Curtis distance	0.5	species	d__Bacteria;p__Synergistota;c__Synergistia;o__Synergistales;f__Synergistaceae;g__Cloacibacillus;s__Cloacibacillus sp020860125	novel Bacteria	novel species	MetaPhlAn
GCA_020860125.1_genomic	metaphlan	phylum	Bray-Curtis distance	0.5	species	d__Bacteria;p__Synergistota;c__Synergistia;o__Synergistales;f__Synergistaceae;g__Cloacibacillus;s__Cloacibacillus sp020860125	novel Bacteria	novel species	MetaPhlAn
GCA_020860125.1_genomic	metaphlan	class	Bray-Curtis distance	0.5	species	d__Bacteria;p__Synergistota;c__Synergistia;o__Synergistales;f__Synergistaceae;g__Cloacibacillus;s__Cloacibacillus sp020860125	novel Bacteria	novel species	MetaPhlAn
GCA_020860125.1_genomic	metaphlan	order	Bray-Curtis distance	0.5	species	d__Bacteria;p__Synergistota;c__Synergistia;o__Synergistales;f__Synergistaceae;g__Cloacibacillus;s__Cloacibacillus sp020860125	novel Bacteria	novel species	MetaPhlAn
GCA_020860125.1_genomic	metaphlan	family	Bray-Curtis distance	0.5	species	d__Bacteria;p__Synergistota;c__Synergistia;o__Synergistales;f__Synergistaceae;g__Cloacibacillus;s__Cloacibacillus sp020860125	novel Bacteria	novel species	MetaPhlAn
GCA_020860125.1_genomic	metaphlan	genus	Bray-Curtis distance	0.5	species	d__Bacteria;p__Synergistota;c__Synergistia;o__Synergistales;f__Synergistaceae;g__Cloacibacillus;s__Cloacibacillus sp020860125	novel Bacteria	novel species	MetaPhlAn
GCA_020860125.1_genomic	metaphlan	species	Bray-Curtis distance	1	species	d__Bacteria;p__Synergistota;c__Synergistia;o__Synergistales;f__Synergistaceae;g__Cloacibacillus;s__Cloacibacillus sp020860125	novel Bacteria	novel species	MetaPhlAn
GCA_020860125.1_genomic	singlem	kingdom	Bray-Curtis distance	0.011	species	d__Bacteria;p__Synergistota;c__Synergistia;o__Synergistales;f__Synergistaceae;g__Cloacibacillus;s__Cloacibacillus sp020860125	novel Bacteria	novel species	SingleM
GCA_020860125.1_genomic	singlem	phylum	Bray-Curtis distance	0.00959111559818276	species	d__Bacteria;p__Synergistota;c__Synergistia;o__Synergistales;f__Synergistaceae;g__Cloacibacillus;s__Cloacibacillus sp020860125	novel Bacteria	novel species	SingleM
GCA_020860125.1_genomic	singlem	class	Bray-Curtis distance	0.00959111559818276	species	d__Bacteria;p__Synergistota;c__Synergistia;o__Synergistales;f__Synergistaceae;g__Cloacibacillus;s__Cloacibacillus sp020860125	novel Bacteria	novel species	SingleM
GCA_020860125.1_genomic	singlem	order	Bray-Curtis distance	0.00959111559818276	species	d__Bacteria;p__Synergistota;c__Synergistia;o__Synergistales;f__Synergistaceae;g__Cloacibacillus;s__Cloacibacillus sp020860125	novel Bacteria	novel species	SingleM
GCA_020860125.1_genomic	singlem	family	Bray-Curtis distance	0.00959111559818276	species	d__Bacteria;p__Synergistota;c__Synergistia;o__Synergistales;f__Synergistaceae;g__Cloacibacillus;s__Cloacibacillus sp020860125	novel Bacteria	novel species	SingleM
GCA_020860125.1_genomic	singlem	genus	Bray-Curtis distance	0.00959111559818276	species	d__Bacteria;p__Synergistota;c__Synergistia;o__Synergistales;f__Synergistaceae;g__Cloacibacillus;s__Cloacibacillus sp020860125	novel Bacteria	novel species	SingleM
GCA_020860125.1_genomic	singlem	species	Bray-Curtis distance	0.43557582668187	species	d__Bacteria;p__Synergistota;c__Synergistia;o__Synergistales;f__Synergistaceae;g__Cloacibacillus;s__Cloacibacillus sp020860125	novel Bacteria	novel species	SingleM
GCA_020860125.1_genomic	singlem-regime3	kingdom	Bray-Curtis distance	0.0265772478887233	species	d__Bacteria;p__Synergistota;c__Synergistia;o__Synergistales;f__Synergistaceae;g__Cloacibacillus;s__Cloacibacillus sp020860125	novel Bacteria	novel species	
GCA_020860125.1_genomic	singlem-regime3	phylum	Bray-Curtis distance	0.0283524904214559	species	d__Bacteria;p__Synergistota;c__Synergistia;o__Synergistales;f__Synergistaceae;g__Cloacibacillus;s__Cloacibacillus sp020860125	novel Bacteria	novel species	
GCA_020860125.1_genomic	singlem-regime3	class	Bray-Curtis distance	0.0283524904214559	species	d__Bacteria;p__Synergistota;c__Synergistia;o__Synergistales;f__Synergistaceae;g__Cloacibacillus;s__Cloacibacillus sp020860125	novel Bacteria	novel species	
GCA_020860125.1_genomic	singlem-regime3	order	Bray-Curtis distance	0.0283524904214559	species	d__Bacteria;p__Synergistota;c__Synergistia;o__Synergistales;f__Synergistaceae;g__Cloacibacillus;s__Cloacibacillus sp020860125	novel Bacteria	novel species	
GCA_020860125.1_genomic	singlem-regime3	family	Bray-Curtis distance	0.0283524904214559	species	d__Bacteria;p__Synergistota;c__Synergistia;o__Synergistales;f__Synergistaceae;g__Cloacibacillus;s__Cloacibacillus sp020860125	novel Bacteria	novel species	
GCA_020860125.1_genomic	singlem-regime3	genus	Bray-Curtis distance	0.0283524904214559	species	d__Bacteria;p__Synergistota;c__Synergistia;o__Synergistales;f__Synergistaceae;g__Cloacibacillus;s__Cloacibacillus sp020860125	novel Bacteria	novel species	
GCA_020860125.1_genomic	singlem-regime3	species	Bray-Curtis distance	0.495615200637789	species	d__Bacteria;p__Synergistota;c__Synergistia;o__Synergistales;f__Synergistaceae;g__Cloacibacillus;s__Cloacibacillus sp020860125	novel Bacteria	novel species	
GCA_021108395.1_genomic	sylph	kingdom	Bray-Curtis distance	0.5	family	d__Bacteria;p__Cloacimonadota;c__Cloacimonadia;o__Cloacimonadales;f__JAIOQZ01;g__JAIOQZ01;s__JAIOQZ01 sp021108395	novel Bacteria	novel family	sylph
GCA_021108395.1_genomic	sylph	phylum	Bray-Curtis distance	0.5	family	d__Bacteria;p__Cloacimonadota;c__Cloacimonadia;o__Cloacimonadales;f__JAIOQZ01;g__JAIOQZ01;s__JAIOQZ01 sp021108395	novel Bacteria	novel family	sylph
GCA_021108395.1_genomic	sylph	class	Bray-Curtis distance	0.5	family	d__Bacteria;p__Cloacimonadota;c__Cloacimonadia;o__Cloacimonadales;f__JAIOQZ01;g__JAIOQZ01;s__JAIOQZ01 sp021108395	novel Bacteria	novel family	sylph
GCA_021108395.1_genomic	sylph	order	Bray-Curtis distance	0.5	family	d__Bacteria;p__Cloacimonadota;c__Cloacimonadia;o__Cloacimonadales;f__JAIOQZ01;g__JAIOQZ01;s__JAIOQZ01 sp021108395	novel Bacteria	novel family	sylph
GCA_021108395.1_genomic	sylph	family	Bray-Curtis distance	0.5	family	d__Bacteria;p__Cloacimonadota;c__Cloacimonadia;o__Cloacimonadales;f__JAIOQZ01;g__JAIOQZ01;s__JAIOQZ01 sp021108395	novel Bacteria	novel family	sylph
GCA_021108395.1_genomic	sylph	genus	Bray-Curtis distance	0.5	family	d__Bacteria;p__Cloacimonadota;c__Cloacimonadia;o__Cloacimonadales;f__JAIOQZ01;g__JAIOQZ01;s__JAIOQZ01 sp021108395	novel Bacteria	novel family	sylph
GCA_021108395.1_genomic	sylph	species	Bray-Curtis distance	0.5	family	d__Bacteria;p__Cloacimonadota;c__Cloacimonadia;o__Cloacimonadales;f__JAIOQZ01;g__JAIOQZ01;s__JAIOQZ01 sp021108395	novel Bacteria	novel family	sylph
GCA_021108395.1_genomic	metaphlan	kingdom	Bray-Curtis distance	0.5	family	d__Bacteria;p__Cloacimonadota;c__Cloacimonadia;o__Cloacimonadales;f__JAIOQZ01;g__JAIOQZ01;s__JAIOQZ01 sp021108395	novel Bacteria	novel family	MetaPhlAn
GCA_021108395.1_genomic	metaphlan	phylum	Bray-Curtis distance	0.5	family	d__Bacteria;p__Cloacimonadota;c__Cloacimonadia;o__Cloacimonadales;f__JAIOQZ01;g__JAIOQZ01;s__JAIOQZ01 sp021108395	novel Bacteria	novel family	MetaPhlAn
GCA_021108395.1_genomic	metaphlan	class	Bray-Curtis distance	0.5	family	d__Bacteria;p__Cloacimonadota;c__Cloacimonadia;o__Cloacimonadales;f__JAIOQZ01;g__JAIOQZ01;s__JAIOQZ01 sp021108395	novel Bacteria	novel family	MetaPhlAn
GCA_021108395.1_genomic	metaphlan	order	Bray-Curtis distance	0.5	family	d__Bacteria;p__Cloacimonadota;c__Cloacimonadia;o__Cloacimonadales;f__JAIOQZ01;g__JAIOQZ01;s__JAIOQZ01 sp021108395	novel Bacteria	novel family	MetaPhlAn
GCA_021108395.1_genomic	metaphlan	family	Bray-Curtis distance	0.5	family	d__Bacteria;p__Cloacimonadota;c__Cloacimonadia;o__Cloacimonadales;f__JAIOQZ01;g__JAIOQZ01;s__JAIOQZ01 sp021108395	novel Bacteria	novel family	MetaPhlAn
GCA_021108395.1_genomic	metaphlan	genus	Bray-Curtis distance	0.5	family	d__Bacteria;p__Cloacimonadota;c__Cloacimonadia;o__Cloacimonadales;f__JAIOQZ01;g__JAIOQZ01;s__JAIOQZ01 sp021108395	novel Bacteria	novel family	MetaPhlAn
GCA_021108395.1_genomic	metaphlan	species	Bray-Curtis distance	1	family	d__Bacteria;p__Cloacimonadota;c__Cloacimonadia;o__Cloacimonadales;f__JAIOQZ01;g__JAIOQZ01;s__JAIOQZ01 sp021108395	novel Bacteria	novel family	MetaPhlAn
GCA_021108395.1_genomic	singlem	kingdom	Bray-Curtis distance	0.0082684824902724	family	d__Bacteria;p__Cloacimonadota;c__Cloacimonadia;o__Cloacimonadales;f__JAIOQZ01;g__JAIOQZ01;s__JAIOQZ01 sp021108395	novel Bacteria	novel family	SingleM
GCA_021108395.1_genomic	singlem	phylum	Bray-Curtis distance	0.0308347956881425	family	d__Bacteria;p__Cloacimonadota;c__Cloacimonadia;o__Cloacimonadales;f__JAIOQZ01;g__JAIOQZ01;s__JAIOQZ01 sp021108395	novel Bacteria	novel family	SingleM
GCA_021108395.1_genomic	singlem	class	Bray-Curtis distance	0.0308347956881425	family	d__Bacteria;p__Cloacimonadota;c__Cloacimonadia;o__Cloacimonadales;f__JAIOQZ01;g__JAIOQZ01;s__JAIOQZ01 sp021108395	novel Bacteria	novel family	SingleM
GCA_021108395.1_genomic	singlem	order	Bray-Curtis distance	0.0308347956881425	family	d__Bacteria;p__Cloacimonadota;c__Cloacimonadia;o__Cloacimonadales;f__JAIOQZ01;g__JAIOQZ01;s__JAIOQZ01 sp021108395	novel Bacteria	novel family	SingleM
GCA_021108395.1_genomic	singlem	family	Bray-Curtis distance	0.431900138696255	family	d__Bacteria;p__Cloacimonadota;c__Cloacimonadia;o__Cloacimonadales;f__JAIOQZ01;g__JAIOQZ01;s__JAIOQZ01 sp021108395	novel Bacteria	novel family	SingleM
GCA_021108395.1_genomic	singlem	genus	Bray-Curtis distance	0.351898734177215	family	d__Bacteria;p__Cloacimonadota;c__Cloacimonadia;o__Cloacimonadales;f__JAIOQZ01;g__JAIOQZ01;s__JAIOQZ01 sp021108395	novel Bacteria	novel family	SingleM
GCA_021108395.1_genomic	singlem	species	Bray-Curtis distance	0.335064935064935	family	d__Bacteria;p__Cloacimonadota;c__Cloacimonadia;o__Cloacimonadales;f__JAIOQZ01;g__JAIOQZ01;s__JAIOQZ01 sp021108395	novel Bacteria	novel family	SingleM
GCA_021108395.1_genomic	singlem-regime3	kingdom	Bray-Curtis distance	0.0141592920353983	family	d__Bacteria;p__Cloacimonadota;c__Cloacimonadia;o__Cloacimonadales;f__JAIOQZ01;g__JAIOQZ01;s__JAIOQZ01 sp021108395	novel Bacteria	novel family	
GCA_021108395.1_genomic	singlem-regime3	phylum	Bray-Curtis distance	0.0602861834388928	family	d__Bacteria;p__Cloacimonadota;c__Cloacimonadia;o__Cloacimonadales;f__JAIOQZ01;g__JAIOQZ01;s__JAIOQZ01 sp021108395	novel Bacteria	novel family	
GCA_021108395.1_genomic	singlem-regime3	class	Bray-Curtis distance	0.0602861834388928	family	d__Bacteria;p__Cloacimonadota;c__Cloacimonadia;o__Cloacimonadales;f__JAIOQZ01;g__JAIOQZ01;s__JAIOQZ01 sp021108395	novel Bacteria	novel family	
GCA_021108395.1_genomic	singlem-regime3	order	Bray-Curtis distance	0.0602861834388928	family	d__Bacteria;p__Cloacimonadota;c__Cloacimonadia;o__Cloacimonadales;f__JAIOQZ01;g__JAIOQZ01;s__JAIOQZ01 sp021108395	novel Bacteria	novel family	
GCA_021108395.1_genomic	singlem-regime3	family	Bray-Curtis distance	0.450450450450451	family	d__Bacteria;p__Cloacimonadota;c__Cloacimonadia;o__Cloacimonadales;f__JAIOQZ01;g__JAIOQZ01;s__JAIOQZ01 sp021108395	novel Bacteria	novel family	
GCA_021108395.1_genomic	singlem-regime3	genus	Bray-Curtis distance	0.38659217877095	family	d__Bacteria;p__Cloacimonadota;c__Cloacimonadia;o__Cloacimonadales;f__JAIOQZ01;g__JAIOQZ01;s__JAIOQZ01 sp021108395	novel Bacteria	novel family	
GCA_021108395.1_genomic	singlem-regime3	species	Bray-Curtis distance	0.346039309112567	family	d__Bacteria;p__Cloacimonadota;c__Cloacimonadia;o__Cloacimonadales;f__JAIOQZ01;g__JAIOQZ01;s__JAIOQZ01 sp021108395	novel Bacteria	novel family	
GCA_021156175.1_genomic	sylph	kingdom	Bray-Curtis distance	0.5	family	d__Bacteria;p__Pseudomonadota;c__Alphaproteobacteria;o__Rickettsiales;f__JAJNBL01;g__JAJNBL01;s__JAJNBL01 sp021156175	novel Bacteria	novel family	sylph
GCA_021156175.1_genomic	sylph	phylum	Bray-Curtis distance	0.5	family	d__Bacteria;p__Pseudomonadota;c__Alphaproteobacteria;o__Rickettsiales;f__JAJNBL01;g__JAJNBL01;s__JAJNBL01 sp021156175	novel Bacteria	novel family	sylph
GCA_021156175.1_genomic	sylph	class	Bray-Curtis distance	0.5	family	d__Bacteria;p__Pseudomonadota;c__Alphaproteobacteria;o__Rickettsiales;f__JAJNBL01;g__JAJNBL01;s__JAJNBL01 sp021156175	novel Bacteria	novel family	sylph
GCA_021156175.1_genomic	sylph	order	Bray-Curtis distance	0.5	family	d__Bacteria;p__Pseudomonadota;c__Alphaproteobacteria;o__Rickettsiales;f__JAJNBL01;g__JAJNBL01;s__JAJNBL01 sp021156175	novel Bacteria	novel family	sylph
GCA_021156175.1_genomic	sylph	family	Bray-Curtis distance	0.5	family	d__Bacteria;p__Pseudomonadota;c__Alphaproteobacteria;o__Rickettsiales;f__JAJNBL01;g__JAJNBL01;s__JAJNBL01 sp021156175	novel Bacteria	novel family	sylph
GCA_021156175.1_genomic	sylph	genus	Bray-Curtis distance	0.5	family	d__Bacteria;p__Pseudomonadota;c__Alphaproteobacteria;o__Rickettsiales;f__JAJNBL01;g__JAJNBL01;s__JAJNBL01 sp021156175	novel Bacteria	novel family	sylph
GCA_021156175.1_genomic	sylph	species	Bray-Curtis distance	0.5	family	d__Bacteria;p__Pseudomonadota;c__Alphaproteobacteria;o__Rickettsiales;f__JAJNBL01;g__JAJNBL01;s__JAJNBL01 sp021156175	novel Bacteria	novel family	sylph
GCA_021156175.1_genomic	metaphlan	kingdom	Bray-Curtis distance	0.5	family	d__Bacteria;p__Pseudomonadota;c__Alphaproteobacteria;o__Rickettsiales;f__JAJNBL01;g__JAJNBL01;s__JAJNBL01 sp021156175	novel Bacteria	novel family	MetaPhlAn
GCA_021156175.1_genomic	metaphlan	phylum	Bray-Curtis distance	0.5	family	d__Bacteria;p__Pseudomonadota;c__Alphaproteobacteria;o__Rickettsiales;f__JAJNBL01;g__JAJNBL01;s__JAJNBL01 sp021156175	novel Bacteria	novel family	MetaPhlAn
GCA_021156175.1_genomic	metaphlan	class	Bray-Curtis distance	0.5	family	d__Bacteria;p__Pseudomonadota;c__Alphaproteobacteria;o__Rickettsiales;f__JAJNBL01;g__JAJNBL01;s__JAJNBL01 sp021156175	novel Bacteria	novel family	MetaPhlAn
GCA_021156175.1_genomic	metaphlan	order	Bray-Curtis distance	0.5	family	d__Bacteria;p__Pseudomonadota;c__Alphaproteobacteria;o__Rickettsiales;f__JAJNBL01;g__JAJNBL01;s__JAJNBL01 sp021156175	novel Bacteria	novel family	MetaPhlAn
GCA_021156175.1_genomic	metaphlan	family	Bray-Curtis distance	0.5	family	d__Bacteria;p__Pseudomonadota;c__Alphaproteobacteria;o__Rickettsiales;f__JAJNBL01;g__JAJNBL01;s__JAJNBL01 sp021156175	novel Bacteria	novel family	MetaPhlAn
GCA_021156175.1_genomic	metaphlan	genus	Bray-Curtis distance	0.5	family	d__Bacteria;p__Pseudomonadota;c__Alphaproteobacteria;o__Rickettsiales;f__JAJNBL01;g__JAJNBL01;s__JAJNBL01 sp021156175	novel Bacteria	novel family	MetaPhlAn
GCA_021156175.1_genomic	metaphlan	species	Bray-Curtis distance	0.5	family	d__Bacteria;p__Pseudomonadota;c__Alphaproteobacteria;o__Rickettsiales;f__JAJNBL01;g__JAJNBL01;s__JAJNBL01 sp021156175	novel Bacteria	novel family	MetaPhlAn
GCA_021156175.1_genomic	singlem	kingdom	Bray-Curtis distance	0.0147279081377934	family	d__Bacteria;p__Pseudomonadota;c__Alphaproteobacteria;o__Rickettsiales;f__JAJNBL01;g__JAJNBL01;s__JAJNBL01 sp021156175	novel Bacteria	novel family	SingleM
GCA_021156175.1_genomic	singlem	phylum	Bray-Curtis distance	0.046772929187353	family	d__Bacteria;p__Pseudomonadota;c__Alphaproteobacteria;o__Rickettsiales;f__JAJNBL01;g__JAJNBL01;s__JAJNBL01 sp021156175	novel Bacteria	novel family	SingleM
GCA_021156175.1_genomic	singlem	class	Bray-Curtis distance	0.0514435695538058	family	d__Bacteria;p__Pseudomonadota;c__Alphaproteobacteria;o__Rickettsiales;f__JAJNBL01;g__JAJNBL01;s__JAJNBL01 sp021156175	novel Bacteria	novel family	SingleM
GCA_021156175.1_genomic	singlem	order	Bray-Curtis distance	0.281100095938599	family	d__Bacteria;p__Pseudomonadota;c__Alphaproteobacteria;o__Rickettsiales;f__JAJNBL01;g__JAJNBL01;s__JAJNBL01 sp021156175	novel Bacteria	novel family	SingleM
GCA_021156175.1_genomic	singlem	family	Bray-Curtis distance	0.338456398262613	family	d__Bacteria;p__Pseudomonadota;c__Alphaproteobacteria;o__Rickettsiales;f__JAJNBL01;g__JAJNBL01;s__JAJNBL01 sp021156175	novel Bacteria	novel family	SingleM
GCA_021156175.1_genomic	singlem	genus	Bray-Curtis distance	0.338456398262613	family	d__Bacteria;p__Pseudomonadota;c__Alphaproteobacteria;o__Rickettsiales;f__JAJNBL01;g__JAJNBL01;s__JAJNBL01 sp021156175	novel Bacteria	novel family	SingleM
GCA_021156175.1_genomic	singlem	species	Bray-Curtis distance	0.338456398262613	family	d__Bacteria;p__Pseudomonadota;c__Alphaproteobacteria;o__Rickettsiales;f__JAJNBL01;g__JAJNBL01;s__JAJNBL01 sp021156175	novel Bacteria	novel family	SingleM
GCA_021156175.1_genomic	singlem-regime3	kingdom	Bray-Curtis distance	0.00282776349614398	family	d__Bacteria;p__Pseudomonadota;c__Alphaproteobacteria;o__Rickettsiales;f__JAJNBL01;g__JAJNBL01;s__JAJNBL01 sp021156175	novel Bacteria	novel family	
GCA_021156175.1_genomic	singlem-regime3	phylum	Bray-Curtis distance	0.00282776349614398	family	d__Bacteria;p__Pseudomonadota;c__Alphaproteobacteria;o__Rickettsiales;f__JAJNBL01;g__JAJNBL01;s__JAJNBL01 sp021156175	novel Bacteria	novel family	
GCA_021156175.1_genomic	singlem-regime3	class	Bray-Curtis distance	0.00282776349614398	family	d__Bacteria;p__Pseudomonadota;c__Alphaproteobacteria;o__Rickettsiales;f__JAJNBL01;g__JAJNBL01;s__JAJNBL01 sp021156175	novel Bacteria	novel family	
GCA_021156175.1_genomic	singlem-regime3	order	Bray-Curtis distance	0.228661417322835	family	d__Bacteria;p__Pseudomonadota;c__Alphaproteobacteria;o__Rickettsiales;f__JAJNBL01;g__JAJNBL01;s__JAJNBL01 sp021156175	novel Bacteria	novel family	
GCA_021156175.1_genomic	singlem-regime3	family	Bray-Curtis distance	0.352529960053262	family	d__Bacteria;p__Pseudomonadota;c__Alphaproteobacteria;o__Rickettsiales;f__JAJNBL01;g__JAJNBL01;s__JAJNBL01 sp021156175	novel Bacteria	novel family	
GCA_021156175.1_genomic	singlem-regime3	genus	Bray-Curtis distance	0.352529960053262	family	d__Bacteria;p__Pseudomonadota;c__Alphaproteobacteria;o__Rickettsiales;f__JAJNBL01;g__JAJNBL01;s__JAJNBL01 sp021156175	novel Bacteria	novel family	
GCA_021156175.1_genomic	singlem-regime3	species	Bray-Curtis distance	0.334587752309271	family	d__Bacteria;p__Pseudomonadota;c__Alphaproteobacteria;o__Rickettsiales;f__JAJNBL01;g__JAJNBL01;s__JAJNBL01 sp021156175	novel Bacteria	novel family	
GCA_021158465.1_genomic	sylph	kingdom	Bray-Curtis distance	0.5	species	d__Bacteria;p__UBP14;c__UBA6098;o__4484-93;f__4484-93;g__4484-93;s__4484-93 sp021158465	novel Bacteria	novel species	sylph
GCA_021158465.1_genomic	sylph	phylum	Bray-Curtis distance	0.5	species	d__Bacteria;p__UBP14;c__UBA6098;o__4484-93;f__4484-93;g__4484-93;s__4484-93 sp021158465	novel Bacteria	novel species	sylph
GCA_021158465.1_genomic	sylph	class	Bray-Curtis distance	0.5	species	d__Bacteria;p__UBP14;c__UBA6098;o__4484-93;f__4484-93;g__4484-93;s__4484-93 sp021158465	novel Bacteria	novel species	sylph
GCA_021158465.1_genomic	sylph	order	Bray-Curtis distance	0.5	species	d__Bacteria;p__UBP14;c__UBA6098;o__4484-93;f__4484-93;g__4484-93;s__4484-93 sp021158465	novel Bacteria	novel species	sylph
GCA_021158465.1_genomic	sylph	family	Bray-Curtis distance	0.5	species	d__Bacteria;p__UBP14;c__UBA6098;o__4484-93;f__4484-93;g__4484-93;s__4484-93 sp021158465	novel Bacteria	novel species	sylph
GCA_021158465.1_genomic	sylph	genus	Bray-Curtis distance	0.5	species	d__Bacteria;p__UBP14;c__UBA6098;o__4484-93;f__4484-93;g__4484-93;s__4484-93 sp021158465	novel Bacteria	novel species	sylph
GCA_021158465.1_genomic	sylph	species	Bray-Curtis distance	0.5	species	d__Bacteria;p__UBP14;c__UBA6098;o__4484-93;f__4484-93;g__4484-93;s__4484-93 sp021158465	novel Bacteria	novel species	sylph
GCA_021158465.1_genomic	metaphlan	kingdom	Bray-Curtis distance	0.5	species	d__Bacteria;p__UBP14;c__UBA6098;o__4484-93;f__4484-93;g__4484-93;s__4484-93 sp021158465	novel Bacteria	novel species	MetaPhlAn
GCA_021158465.1_genomic	metaphlan	phylum	Bray-Curtis distance	0.5	species	d__Bacteria;p__UBP14;c__UBA6098;o__4484-93;f__4484-93;g__4484-93;s__4484-93 sp021158465	novel Bacteria	novel species	MetaPhlAn
GCA_021158465.1_genomic	metaphlan	class	Bray-Curtis distance	0.5	species	d__Bacteria;p__UBP14;c__UBA6098;o__4484-93;f__4484-93;g__4484-93;s__4484-93 sp021158465	novel Bacteria	novel species	MetaPhlAn
GCA_021158465.1_genomic	metaphlan	order	Bray-Curtis distance	0.5	species	d__Bacteria;p__UBP14;c__UBA6098;o__4484-93;f__4484-93;g__4484-93;s__4484-93 sp021158465	novel Bacteria	novel species	MetaPhlAn
GCA_021158465.1_genomic	metaphlan	family	Bray-Curtis distance	0.5	species	d__Bacteria;p__UBP14;c__UBA6098;o__4484-93;f__4484-93;g__4484-93;s__4484-93 sp021158465	novel Bacteria	novel species	MetaPhlAn
GCA_021158465.1_genomic	metaphlan	genus	Bray-Curtis distance	0.5	species	d__Bacteria;p__UBP14;c__UBA6098;o__4484-93;f__4484-93;g__4484-93;s__4484-93 sp021158465	novel Bacteria	novel species	MetaPhlAn
GCA_021158465.1_genomic	metaphlan	species	Bray-Curtis distance	0.5	species	d__Bacteria;p__UBP14;c__UBA6098;o__4484-93;f__4484-93;g__4484-93;s__4484-93 sp021158465	novel Bacteria	novel species	MetaPhlAn
GCA_021158465.1_genomic	singlem	kingdom	Bray-Curtis distance	0.0264885138302859	species	d__Bacteria;p__UBP14;c__UBA6098;o__4484-93;f__4484-93;g__4484-93;s__4484-93 sp021158465	novel Bacteria	novel species	SingleM
GCA_021158465.1_genomic	singlem	phylum	Bray-Curtis distance	0.0434887654022711	species	d__Bacteria;p__UBP14;c__UBA6098;o__4484-93;f__4484-93;g__4484-93;s__4484-93 sp021158465	novel Bacteria	novel species	SingleM
GCA_021158465.1_genomic	singlem	class	Bray-Curtis distance	0.0434887654022711	species	d__Bacteria;p__UBP14;c__UBA6098;o__4484-93;f__4484-93;g__4484-93;s__4484-93 sp021158465	novel Bacteria	novel species	SingleM
GCA_021158465.1_genomic	singlem	order	Bray-Curtis distance	0.0434887654022711	species	d__Bacteria;p__UBP14;c__UBA6098;o__4484-93;f__4484-93;g__4484-93;s__4484-93 sp021158465	novel Bacteria	novel species	SingleM
GCA_021158465.1_genomic	singlem	family	Bray-Curtis distance	0.0434887654022711	species	d__Bacteria;p__UBP14;c__UBA6098;o__4484-93;f__4484-93;g__4484-93;s__4484-93 sp021158465	novel Bacteria	novel species	SingleM
GCA_021158465.1_genomic	singlem	genus	Bray-Curtis distance	0.0434887654022711	species	d__Bacteria;p__UBP14;c__UBA6098;o__4484-93;f__4484-93;g__4484-93;s__4484-93 sp021158465	novel Bacteria	novel species	SingleM
GCA_021158465.1_genomic	singlem	species	Bray-Curtis distance	0.338809671419715	species	d__Bacteria;p__UBP14;c__UBA6098;o__4484-93;f__4484-93;g__4484-93;s__4484-93 sp021158465	novel Bacteria	novel species	SingleM
GCA_021158465.1_genomic	singlem-regime3	kingdom	Bray-Curtis distance	0.024455205811138	species	d__Bacteria;p__UBP14;c__UBA6098;o__4484-93;f__4484-93;g__4484-93;s__4484-93 sp021158465	novel Bacteria	novel species	
GCA_021158465.1_genomic	singlem-regime3	phylum	Bray-Curtis distance	0.0227835562159485	species	d__Bacteria;p__UBP14;c__UBA6098;o__4484-93;f__4484-93;g__4484-93;s__4484-93 sp021158465	novel Bacteria	novel species	
GCA_021158465.1_genomic	singlem-regime3	class	Bray-Curtis distance	0.0227835562159485	species	d__Bacteria;p__UBP14;c__UBA6098;o__4484-93;f__4484-93;g__4484-93;s__4484-93 sp021158465	novel Bacteria	novel species	
GCA_021158465.1_genomic	singlem-regime3	order	Bray-Curtis distance	0.0227835562159485	species	d__Bacteria;p__UBP14;c__UBA6098;o__4484-93;f__4484-93;g__4484-93;s__4484-93 sp021158465	novel Bacteria	novel species	
GCA_021158465.1_genomic	singlem-regime3	family	Bray-Curtis distance	0.0227835562159485	species	d__Bacteria;p__UBP14;c__UBA6098;o__4484-93;f__4484-93;g__4484-93;s__4484-93 sp021158465	novel Bacteria	novel species	
GCA_021158465.1_genomic	singlem-regime3	genus	Bray-Curtis distance	0.0227835562159485	species	d__Bacteria;p__UBP14;c__UBA6098;o__4484-93;f__4484-93;g__4484-93;s__4484-93 sp021158465	novel Bacteria	novel species	
GCA_021158465.1_genomic	singlem-regime3	species	Bray-Curtis distance	0.351439790575916	species	d__Bacteria;p__UBP14;c__UBA6098;o__4484-93;f__4484-93;g__4484-93;s__4484-93 sp021158465	novel Bacteria	novel species	
GCA_021160575.1_genomic	sylph	kingdom	Bray-Curtis distance	0.5	family	d__Archaea;p__Thermoproteota;c__Methanomethylicia;o__Methanomethylicales;f__JAGHCH01;g__JAGHCH01;s__JAGHCH01 sp021160575	novel Archaea	novel family	sylph
GCA_021160575.1_genomic	sylph	phylum	Bray-Curtis distance	0.5	family	d__Archaea;p__Thermoproteota;c__Methanomethylicia;o__Methanomethylicales;f__JAGHCH01;g__JAGHCH01;s__JAGHCH01 sp021160575	novel Archaea	novel family	sylph
GCA_021160575.1_genomic	sylph	class	Bray-Curtis distance	0.5	family	d__Archaea;p__Thermoproteota;c__Methanomethylicia;o__Methanomethylicales;f__JAGHCH01;g__JAGHCH01;s__JAGHCH01 sp021160575	novel Archaea	novel family	sylph
GCA_021160575.1_genomic	sylph	order	Bray-Curtis distance	0.5	family	d__Archaea;p__Thermoproteota;c__Methanomethylicia;o__Methanomethylicales;f__JAGHCH01;g__JAGHCH01;s__JAGHCH01 sp021160575	novel Archaea	novel family	sylph
GCA_021160575.1_genomic	sylph	family	Bray-Curtis distance	0.5	family	d__Archaea;p__Thermoproteota;c__Methanomethylicia;o__Methanomethylicales;f__JAGHCH01;g__JAGHCH01;s__JAGHCH01 sp021160575	novel Archaea	novel family	sylph
GCA_021160575.1_genomic	sylph	genus	Bray-Curtis distance	0.5	family	d__Archaea;p__Thermoproteota;c__Methanomethylicia;o__Methanomethylicales;f__JAGHCH01;g__JAGHCH01;s__JAGHCH01 sp021160575	novel Archaea	novel family	sylph
GCA_021160575.1_genomic	sylph	species	Bray-Curtis distance	0.5	family	d__Archaea;p__Thermoproteota;c__Methanomethylicia;o__Methanomethylicales;f__JAGHCH01;g__JAGHCH01;s__JAGHCH01 sp021160575	novel Archaea	novel family	sylph
GCA_021160575.1_genomic	metaphlan	kingdom	Bray-Curtis distance	0.5	family	d__Archaea;p__Thermoproteota;c__Methanomethylicia;o__Methanomethylicales;f__JAGHCH01;g__JAGHCH01;s__JAGHCH01 sp021160575	novel Archaea	novel family	MetaPhlAn
GCA_021160575.1_genomic	metaphlan	phylum	Bray-Curtis distance	0.5	family	d__Archaea;p__Thermoproteota;c__Methanomethylicia;o__Methanomethylicales;f__JAGHCH01;g__JAGHCH01;s__JAGHCH01 sp021160575	novel Archaea	novel family	MetaPhlAn
GCA_021160575.1_genomic	metaphlan	class	Bray-Curtis distance	0.5	family	d__Archaea;p__Thermoproteota;c__Methanomethylicia;o__Methanomethylicales;f__JAGHCH01;g__JAGHCH01;s__JAGHCH01 sp021160575	novel Archaea	novel family	MetaPhlAn
GCA_021160575.1_genomic	metaphlan	order	Bray-Curtis distance	0.5	family	d__Archaea;p__Thermoproteota;c__Methanomethylicia;o__Methanomethylicales;f__JAGHCH01;g__JAGHCH01;s__JAGHCH01 sp021160575	novel Archaea	novel family	MetaPhlAn
GCA_021160575.1_genomic	metaphlan	family	Bray-Curtis distance	0.5	family	d__Archaea;p__Thermoproteota;c__Methanomethylicia;o__Methanomethylicales;f__JAGHCH01;g__JAGHCH01;s__JAGHCH01 sp021160575	novel Archaea	novel family	MetaPhlAn
GCA_021160575.1_genomic	metaphlan	genus	Bray-Curtis distance	0.5	family	d__Archaea;p__Thermoproteota;c__Methanomethylicia;o__Methanomethylicales;f__JAGHCH01;g__JAGHCH01;s__JAGHCH01 sp021160575	novel Archaea	novel family	MetaPhlAn
GCA_021160575.1_genomic	metaphlan	species	Bray-Curtis distance	0.5	family	d__Archaea;p__Thermoproteota;c__Methanomethylicia;o__Methanomethylicales;f__JAGHCH01;g__JAGHCH01;s__JAGHCH01 sp021160575	novel Archaea	novel family	MetaPhlAn
GCA_021160575.1_genomic	singlem	kingdom	Bray-Curtis distance	0.107142857142857	family	d__Archaea;p__Thermoproteota;c__Methanomethylicia;o__Methanomethylicales;f__JAGHCH01;g__JAGHCH01;s__JAGHCH01 sp021160575	novel Archaea	novel family	SingleM
GCA_021160575.1_genomic	singlem	phylum	Bray-Curtis distance	0.0846216436126932	family	d__Archaea;p__Thermoproteota;c__Methanomethylicia;o__Methanomethylicales;f__JAGHCH01;g__JAGHCH01;s__JAGHCH01 sp021160575	novel Archaea	novel family	SingleM
GCA_021160575.1_genomic	singlem	class	Bray-Curtis distance	0.145057766367137	family	d__Archaea;p__Thermoproteota;c__Methanomethylicia;o__Methanomethylicales;f__JAGHCH01;g__JAGHCH01;s__JAGHCH01 sp021160575	novel Archaea	novel family	SingleM
GCA_021160575.1_genomic	singlem	order	Bray-Curtis distance	0.162898015689894	family	d__Archaea;p__Thermoproteota;c__Methanomethylicia;o__Methanomethylicales;f__JAGHCH01;g__JAGHCH01;s__JAGHCH01 sp021160575	novel Archaea	novel family	SingleM
GCA_021160575.1_genomic	singlem	family	Bray-Curtis distance	0.52289156626506	family	d__Archaea;p__Thermoproteota;c__Methanomethylicia;o__Methanomethylicales;f__JAGHCH01;g__JAGHCH01;s__JAGHCH01 sp021160575	novel Archaea	novel family	SingleM
GCA_021160575.1_genomic	singlem	genus	Bray-Curtis distance	0.5	family	d__Archaea;p__Thermoproteota;c__Methanomethylicia;o__Methanomethylicales;f__JAGHCH01;g__JAGHCH01;s__JAGHCH01 sp021160575	novel Archaea	novel family	SingleM
GCA_021160575.1_genomic	singlem	species	Bray-Curtis distance	0.435897435897436	family	d__Archaea;p__Thermoproteota;c__Methanomethylicia;o__Methanomethylicales;f__JAGHCH01;g__JAGHCH01;s__JAGHCH01 sp021160575	novel Archaea	novel family	SingleM
GCA_021160575.1_genomic	singlem-regime3	kingdom	Bray-Curtis distance	0.00194552529182879	family	d__Archaea;p__Thermoproteota;c__Methanomethylicia;o__Methanomethylicales;f__JAGHCH01;g__JAGHCH01;s__JAGHCH01 sp021160575	novel Archaea	novel family	
GCA_021160575.1_genomic	singlem-regime3	phylum	Bray-Curtis distance	0.0497961560861969	family	d__Archaea;p__Thermoproteota;c__Methanomethylicia;o__Methanomethylicales;f__JAGHCH01;g__JAGHCH01;s__JAGHCH01 sp021160575	novel Archaea	novel family	
GCA_021160575.1_genomic	singlem-regime3	class	Bray-Curtis distance	0.180838672102504	family	d__Archaea;p__Thermoproteota;c__Methanomethylicia;o__Methanomethylicales;f__JAGHCH01;g__JAGHCH01;s__JAGHCH01 sp021160575	novel Archaea	novel family	
GCA_021160575.1_genomic	singlem-regime3	order	Bray-Curtis distance	0.193708609271523	family	d__Archaea;p__Thermoproteota;c__Methanomethylicia;o__Methanomethylicales;f__JAGHCH01;g__JAGHCH01;s__JAGHCH01 sp021160575	novel Archaea	novel family	
GCA_021160575.1_genomic	singlem-regime3	family	Bray-Curtis distance	0.404304635761589	family	d__Archaea;p__Thermoproteota;c__Methanomethylicia;o__Methanomethylicales;f__JAGHCH01;g__JAGHCH01;s__JAGHCH01 sp021160575	novel Archaea	novel family	
GCA_021160575.1_genomic	singlem-regime3	genus	Bray-Curtis distance	0.404304635761589	family	d__Archaea;p__Thermoproteota;c__Methanomethylicia;o__Methanomethylicales;f__JAGHCH01;g__JAGHCH01;s__JAGHCH01 sp021160575	novel Archaea	novel family	
GCA_021160575.1_genomic	singlem-regime3	species	Bray-Curtis distance	0.352123261931605	family	d__Archaea;p__Thermoproteota;c__Methanomethylicia;o__Methanomethylicales;f__JAGHCH01;g__JAGHCH01;s__JAGHCH01 sp021160575	novel Archaea	novel family	
GCA_021162505.1_genomic	sylph	kingdom	Bray-Curtis distance	0.5	phylum	d__Bacteria;p__AUK180;c__AUK180;o__AUK180;f__AUK180;g__AUK180;s__AUK180 sp021162505	novel Bacteria	novel phylum	sylph
GCA_021162505.1_genomic	sylph	phylum	Bray-Curtis distance	0.5	phylum	d__Bacteria;p__AUK180;c__AUK180;o__AUK180;f__AUK180;g__AUK180;s__AUK180 sp021162505	novel Bacteria	novel phylum	sylph
GCA_021162505.1_genomic	sylph	class	Bray-Curtis distance	0.5	phylum	d__Bacteria;p__AUK180;c__AUK180;o__AUK180;f__AUK180;g__AUK180;s__AUK180 sp021162505	novel Bacteria	novel phylum	sylph
GCA_021162505.1_genomic	sylph	order	Bray-Curtis distance	0.5	phylum	d__Bacteria;p__AUK180;c__AUK180;o__AUK180;f__AUK180;g__AUK180;s__AUK180 sp021162505	novel Bacteria	novel phylum	sylph
GCA_021162505.1_genomic	sylph	family	Bray-Curtis distance	0.5	phylum	d__Bacteria;p__AUK180;c__AUK180;o__AUK180;f__AUK180;g__AUK180;s__AUK180 sp021162505	novel Bacteria	novel phylum	sylph
GCA_021162505.1_genomic	sylph	genus	Bray-Curtis distance	0.5	phylum	d__Bacteria;p__AUK180;c__AUK180;o__AUK180;f__AUK180;g__AUK180;s__AUK180 sp021162505	novel Bacteria	novel phylum	sylph
GCA_021162505.1_genomic	sylph	species	Bray-Curtis distance	0.5	phylum	d__Bacteria;p__AUK180;c__AUK180;o__AUK180;f__AUK180;g__AUK180;s__AUK180 sp021162505	novel Bacteria	novel phylum	sylph
GCA_021162505.1_genomic	metaphlan	kingdom	Bray-Curtis distance	0.5	phylum	d__Bacteria;p__AUK180;c__AUK180;o__AUK180;f__AUK180;g__AUK180;s__AUK180 sp021162505	novel Bacteria	novel phylum	MetaPhlAn
GCA_021162505.1_genomic	metaphlan	phylum	Bray-Curtis distance	0.5	phylum	d__Bacteria;p__AUK180;c__AUK180;o__AUK180;f__AUK180;g__AUK180;s__AUK180 sp021162505	novel Bacteria	novel phylum	MetaPhlAn
GCA_021162505.1_genomic	metaphlan	class	Bray-Curtis distance	0.5	phylum	d__Bacteria;p__AUK180;c__AUK180;o__AUK180;f__AUK180;g__AUK180;s__AUK180 sp021162505	novel Bacteria	novel phylum	MetaPhlAn
GCA_021162505.1_genomic	metaphlan	order	Bray-Curtis distance	0.5	phylum	d__Bacteria;p__AUK180;c__AUK180;o__AUK180;f__AUK180;g__AUK180;s__AUK180 sp021162505	novel Bacteria	novel phylum	MetaPhlAn
GCA_021162505.1_genomic	metaphlan	family	Bray-Curtis distance	0.5	phylum	d__Bacteria;p__AUK180;c__AUK180;o__AUK180;f__AUK180;g__AUK180;s__AUK180 sp021162505	novel Bacteria	novel phylum	MetaPhlAn
GCA_021162505.1_genomic	metaphlan	genus	Bray-Curtis distance	0.5	phylum	d__Bacteria;p__AUK180;c__AUK180;o__AUK180;f__AUK180;g__AUK180;s__AUK180 sp021162505	novel Bacteria	novel phylum	MetaPhlAn
GCA_021162505.1_genomic	metaphlan	species	Bray-Curtis distance	1	phylum	d__Bacteria;p__AUK180;c__AUK180;o__AUK180;f__AUK180;g__AUK180;s__AUK180 sp021162505	novel Bacteria	novel phylum	MetaPhlAn
GCA_021162505.1_genomic	singlem	kingdom	Bray-Curtis distance	0.0445696721311476	phylum	d__Bacteria;p__AUK180;c__AUK180;o__AUK180;f__AUK180;g__AUK180;s__AUK180 sp021162505	novel Bacteria	novel phylum	SingleM
GCA_021162505.1_genomic	singlem	phylum	Bray-Curtis distance	0.34606365159129	phylum	d__Bacteria;p__AUK180;c__AUK180;o__AUK180;f__AUK180;g__AUK180;s__AUK180 sp021162505	novel Bacteria	novel phylum	SingleM
GCA_021162505.1_genomic	singlem	class	Bray-Curtis distance	0.34606365159129	phylum	d__Bacteria;p__AUK180;c__AUK180;o__AUK180;f__AUK180;g__AUK180;s__AUK180 sp021162505	novel Bacteria	novel phylum	SingleM
GCA_021162505.1_genomic	singlem	order	Bray-Curtis distance	0.34606365159129	phylum	d__Bacteria;p__AUK180;c__AUK180;o__AUK180;f__AUK180;g__AUK180;s__AUK180 sp021162505	novel Bacteria	novel phylum	SingleM
GCA_021162505.1_genomic	singlem	family	Bray-Curtis distance	0.34606365159129	phylum	d__Bacteria;p__AUK180;c__AUK180;o__AUK180;f__AUK180;g__AUK180;s__AUK180 sp021162505	novel Bacteria	novel phylum	SingleM
GCA_021162505.1_genomic	singlem	genus	Bray-Curtis distance	0.34606365159129	phylum	d__Bacteria;p__AUK180;c__AUK180;o__AUK180;f__AUK180;g__AUK180;s__AUK180 sp021162505	novel Bacteria	novel phylum	SingleM
GCA_021162505.1_genomic	singlem	species	Bray-Curtis distance	0.34606365159129	phylum	d__Bacteria;p__AUK180;c__AUK180;o__AUK180;f__AUK180;g__AUK180;s__AUK180 sp021162505	novel Bacteria	novel phylum	SingleM
GCA_021162505.1_genomic	singlem-regime3	kingdom	Bray-Curtis distance	0.051830840639505	phylum	d__Bacteria;p__AUK180;c__AUK180;o__AUK180;f__AUK180;g__AUK180;s__AUK180 sp021162505	novel Bacteria	novel phylum	
GCA_021162505.1_genomic	singlem-regime3	phylum	Bray-Curtis distance	0.35559986706547	phylum	d__Bacteria;p__AUK180;c__AUK180;o__AUK180;f__AUK180;g__AUK180;s__AUK180 sp021162505	novel Bacteria	novel phylum	
GCA_021162505.1_genomic	singlem-regime3	class	Bray-Curtis distance	0.35559986706547	phylum	d__Bacteria;p__AUK180;c__AUK180;o__AUK180;f__AUK180;g__AUK180;s__AUK180 sp021162505	novel Bacteria	novel phylum	
GCA_021162505.1_genomic	singlem-regime3	order	Bray-Curtis distance	0.35559986706547	phylum	d__Bacteria;p__AUK180;c__AUK180;o__AUK180;f__AUK180;g__AUK180;s__AUK180 sp021162505	novel Bacteria	novel phylum	
GCA_021162505.1_genomic	singlem-regime3	family	Bray-Curtis distance	0.35559986706547	phylum	d__Bacteria;p__AUK180;c__AUK180;o__AUK180;f__AUK180;g__AUK180;s__AUK180 sp021162505	novel Bacteria	novel phylum	
GCA_021162505.1_genomic	singlem-regime3	genus	Bray-Curtis distance	0.35559986706547	phylum	d__Bacteria;p__AUK180;c__AUK180;o__AUK180;f__AUK180;g__AUK180;s__AUK180 sp021162505	novel Bacteria	novel phylum	
GCA_021162505.1_genomic	singlem-regime3	species	Bray-Curtis distance	0.337773224043716	phylum	d__Bacteria;p__AUK180;c__AUK180;o__AUK180;f__AUK180;g__AUK180;s__AUK180 sp021162505	novel Bacteria	novel phylum	
GCA_021162905.1_genomic	sylph	kingdom	Bray-Curtis distance	0.5	class	d__Archaea;p__Asgardarchaeota;c__JAGGXT01;o__JAGGXT01;f__JAGGXT01;g__JAGGXT01;s__JAGGXT01 sp021162905	novel Archaea	novel class	sylph
GCA_021162905.1_genomic	sylph	phylum	Bray-Curtis distance	0.5	class	d__Archaea;p__Asgardarchaeota;c__JAGGXT01;o__JAGGXT01;f__JAGGXT01;g__JAGGXT01;s__JAGGXT01 sp021162905	novel Archaea	novel class	sylph
GCA_021162905.1_genomic	sylph	class	Bray-Curtis distance	0.5	class	d__Archaea;p__Asgardarchaeota;c__JAGGXT01;o__JAGGXT01;f__JAGGXT01;g__JAGGXT01;s__JAGGXT01 sp021162905	novel Archaea	novel class	sylph
GCA_021162905.1_genomic	sylph	order	Bray-Curtis distance	0.5	class	d__Archaea;p__Asgardarchaeota;c__JAGGXT01;o__JAGGXT01;f__JAGGXT01;g__JAGGXT01;s__JAGGXT01 sp021162905	novel Archaea	novel class	sylph
GCA_021162905.1_genomic	sylph	family	Bray-Curtis distance	0.5	class	d__Archaea;p__Asgardarchaeota;c__JAGGXT01;o__JAGGXT01;f__JAGGXT01;g__JAGGXT01;s__JAGGXT01 sp021162905	novel Archaea	novel class	sylph
GCA_021162905.1_genomic	sylph	genus	Bray-Curtis distance	0.5	class	d__Archaea;p__Asgardarchaeota;c__JAGGXT01;o__JAGGXT01;f__JAGGXT01;g__JAGGXT01;s__JAGGXT01 sp021162905	novel Archaea	novel class	sylph
GCA_021162905.1_genomic	sylph	species	Bray-Curtis distance	0.5	class	d__Archaea;p__Asgardarchaeota;c__JAGGXT01;o__JAGGXT01;f__JAGGXT01;g__JAGGXT01;s__JAGGXT01 sp021162905	novel Archaea	novel class	sylph
GCA_021162905.1_genomic	metaphlan	kingdom	Bray-Curtis distance	0.5	class	d__Archaea;p__Asgardarchaeota;c__JAGGXT01;o__JAGGXT01;f__JAGGXT01;g__JAGGXT01;s__JAGGXT01 sp021162905	novel Archaea	novel class	MetaPhlAn
GCA_021162905.1_genomic	metaphlan	phylum	Bray-Curtis distance	0.5	class	d__Archaea;p__Asgardarchaeota;c__JAGGXT01;o__JAGGXT01;f__JAGGXT01;g__JAGGXT01;s__JAGGXT01 sp021162905	novel Archaea	novel class	MetaPhlAn
GCA_021162905.1_genomic	metaphlan	class	Bray-Curtis distance	0.5	class	d__Archaea;p__Asgardarchaeota;c__JAGGXT01;o__JAGGXT01;f__JAGGXT01;g__JAGGXT01;s__JAGGXT01 sp021162905	novel Archaea	novel class	MetaPhlAn
GCA_021162905.1_genomic	metaphlan	order	Bray-Curtis distance	0.5	class	d__Archaea;p__Asgardarchaeota;c__JAGGXT01;o__JAGGXT01;f__JAGGXT01;g__JAGGXT01;s__JAGGXT01 sp021162905	novel Archaea	novel class	MetaPhlAn
GCA_021162905.1_genomic	metaphlan	family	Bray-Curtis distance	0.5	class	d__Archaea;p__Asgardarchaeota;c__JAGGXT01;o__JAGGXT01;f__JAGGXT01;g__JAGGXT01;s__JAGGXT01 sp021162905	novel Archaea	novel class	MetaPhlAn
GCA_021162905.1_genomic	metaphlan	genus	Bray-Curtis distance	0.5	class	d__Archaea;p__Asgardarchaeota;c__JAGGXT01;o__JAGGXT01;f__JAGGXT01;g__JAGGXT01;s__JAGGXT01 sp021162905	novel Archaea	novel class	MetaPhlAn
GCA_021162905.1_genomic	metaphlan	species	Bray-Curtis distance	0.5	class	d__Archaea;p__Asgardarchaeota;c__JAGGXT01;o__JAGGXT01;f__JAGGXT01;g__JAGGXT01;s__JAGGXT01 sp021162905	novel Archaea	novel class	MetaPhlAn
GCA_021162905.1_genomic	singlem	kingdom	Bray-Curtis distance	0.00134625740441567	class	d__Archaea;p__Asgardarchaeota;c__JAGGXT01;o__JAGGXT01;f__JAGGXT01;g__JAGGXT01;s__JAGGXT01 sp021162905	novel Archaea	novel class	SingleM
GCA_021162905.1_genomic	singlem	phylum	Bray-Curtis distance	0.336774977224415	class	d__Archaea;p__Asgardarchaeota;c__JAGGXT01;o__JAGGXT01;f__JAGGXT01;g__JAGGXT01;s__JAGGXT01 sp021162905	novel Archaea	novel class	SingleM
GCA_021162905.1_genomic	singlem	class	Bray-Curtis distance	0.392880685563612	class	d__Archaea;p__Asgardarchaeota;c__JAGGXT01;o__JAGGXT01;f__JAGGXT01;g__JAGGXT01;s__JAGGXT01 sp021162905	novel Archaea	novel class	SingleM
GCA_021162905.1_genomic	singlem	order	Bray-Curtis distance	0.371331058020478	class	d__Archaea;p__Asgardarchaeota;c__JAGGXT01;o__JAGGXT01;f__JAGGXT01;g__JAGGXT01;s__JAGGXT01 sp021162905	novel Archaea	novel class	SingleM
GCA_021162905.1_genomic	singlem	family	Bray-Curtis distance	0.355944055944056	class	d__Archaea;p__Asgardarchaeota;c__JAGGXT01;o__JAGGXT01;f__JAGGXT01;g__JAGGXT01;s__JAGGXT01 sp021162905	novel Archaea	novel class	SingleM
GCA_021162905.1_genomic	singlem	genus	Bray-Curtis distance	0.355944055944056	class	d__Archaea;p__Asgardarchaeota;c__JAGGXT01;o__JAGGXT01;f__JAGGXT01;g__JAGGXT01;s__JAGGXT01 sp021162905	novel Archaea	novel class	SingleM
GCA_021162905.1_genomic	singlem	species	Bray-Curtis distance	0.336933045356371	class	d__Archaea;p__Asgardarchaeota;c__JAGGXT01;o__JAGGXT01;f__JAGGXT01;g__JAGGXT01;s__JAGGXT01 sp021162905	novel Archaea	novel class	SingleM
GCA_021162905.1_genomic	singlem-regime3	kingdom	Bray-Curtis distance	0.000758725341426434	class	d__Archaea;p__Asgardarchaeota;c__JAGGXT01;o__JAGGXT01;f__JAGGXT01;g__JAGGXT01;s__JAGGXT01 sp021162905	novel Archaea	novel class	
GCA_021162905.1_genomic	singlem-regime3	phylum	Bray-Curtis distance	0.353345280764636	class	d__Archaea;p__Asgardarchaeota;c__JAGGXT01;o__JAGGXT01;f__JAGGXT01;g__JAGGXT01;s__JAGGXT01 sp021162905	novel Archaea	novel class	
GCA_021162905.1_genomic	singlem-regime3	class	Bray-Curtis distance	0.409498207885305	class	d__Archaea;p__Asgardarchaeota;c__JAGGXT01;o__JAGGXT01;f__JAGGXT01;g__JAGGXT01;s__JAGGXT01 sp021162905	novel Archaea	novel class	
GCA_021162905.1_genomic	singlem-regime3	order	Bray-Curtis distance	0.354132636393336	class	d__Archaea;p__Asgardarchaeota;c__JAGGXT01;o__JAGGXT01;f__JAGGXT01;g__JAGGXT01;s__JAGGXT01 sp021162905	novel Archaea	novel class	
GCA_021162905.1_genomic	singlem-regime3	family	Bray-Curtis distance	0.333670374115268	class	d__Archaea;p__Asgardarchaeota;c__JAGGXT01;o__JAGGXT01;f__JAGGXT01;g__JAGGXT01;s__JAGGXT01 sp021162905	novel Archaea	novel class	
GCA_021162905.1_genomic	singlem-regime3	genus	Bray-Curtis distance	0.333670374115268	class	d__Archaea;p__Asgardarchaeota;c__JAGGXT01;o__JAGGXT01;f__JAGGXT01;g__JAGGXT01;s__JAGGXT01 sp021162905	novel Archaea	novel class	
GCA_021162905.1_genomic	singlem-regime3	species	Bray-Curtis distance	0.333670374115268	class	d__Archaea;p__Asgardarchaeota;c__JAGGXT01;o__JAGGXT01;f__JAGGXT01;g__JAGGXT01;s__JAGGXT01 sp021162905	novel Archaea	novel class	
GCA_021163045.1_genomic	sylph	kingdom	Bray-Curtis distance	0.5	class	d__Archaea;p__Thermoproteota;c__JANJXX01;o__JANJXX01;f__JANJXX01;g__JAGGXM01;s__JAGGXM01 sp021163045	novel Archaea	novel class	sylph
GCA_021163045.1_genomic	sylph	phylum	Bray-Curtis distance	0.5	class	d__Archaea;p__Thermoproteota;c__JANJXX01;o__JANJXX01;f__JANJXX01;g__JAGGXM01;s__JAGGXM01 sp021163045	novel Archaea	novel class	sylph
GCA_021163045.1_genomic	sylph	class	Bray-Curtis distance	0.5	class	d__Archaea;p__Thermoproteota;c__JANJXX01;o__JANJXX01;f__JANJXX01;g__JAGGXM01;s__JAGGXM01 sp021163045	novel Archaea	novel class	sylph
GCA_021163045.1_genomic	sylph	order	Bray-Curtis distance	0.5	class	d__Archaea;p__Thermoproteota;c__JANJXX01;o__JANJXX01;f__JANJXX01;g__JAGGXM01;s__JAGGXM01 sp021163045	novel Archaea	novel class	sylph
GCA_021163045.1_genomic	sylph	family	Bray-Curtis distance	0.5	class	d__Archaea;p__Thermoproteota;c__JANJXX01;o__JANJXX01;f__JANJXX01;g__JAGGXM01;s__JAGGXM01 sp021163045	novel Archaea	novel class	sylph
GCA_021163045.1_genomic	sylph	genus	Bray-Curtis distance	0.5	class	d__Archaea;p__Thermoproteota;c__JANJXX01;o__JANJXX01;f__JANJXX01;g__JAGGXM01;s__JAGGXM01 sp021163045	novel Archaea	novel class	sylph
GCA_021163045.1_genomic	sylph	species	Bray-Curtis distance	0.5	class	d__Archaea;p__Thermoproteota;c__JANJXX01;o__JANJXX01;f__JANJXX01;g__JAGGXM01;s__JAGGXM01 sp021163045	novel Archaea	novel class	sylph
GCA_021163045.1_genomic	metaphlan	kingdom	Bray-Curtis distance	0.5	class	d__Archaea;p__Thermoproteota;c__JANJXX01;o__JANJXX01;f__JANJXX01;g__JAGGXM01;s__JAGGXM01 sp021163045	novel Archaea	novel class	MetaPhlAn
GCA_021163045.1_genomic	metaphlan	phylum	Bray-Curtis distance	0.5	class	d__Archaea;p__Thermoproteota;c__JANJXX01;o__JANJXX01;f__JANJXX01;g__JAGGXM01;s__JAGGXM01 sp021163045	novel Archaea	novel class	MetaPhlAn
GCA_021163045.1_genomic	metaphlan	class	Bray-Curtis distance	0.5	class	d__Archaea;p__Thermoproteota;c__JANJXX01;o__JANJXX01;f__JANJXX01;g__JAGGXM01;s__JAGGXM01 sp021163045	novel Archaea	novel class	MetaPhlAn
GCA_021163045.1_genomic	metaphlan	order	Bray-Curtis distance	0.5	class	d__Archaea;p__Thermoproteota;c__JANJXX01;o__JANJXX01;f__JANJXX01;g__JAGGXM01;s__JAGGXM01 sp021163045	novel Archaea	novel class	MetaPhlAn
GCA_021163045.1_genomic	metaphlan	family	Bray-Curtis distance	0.5	class	d__Archaea;p__Thermoproteota;c__JANJXX01;o__JANJXX01;f__JANJXX01;g__JAGGXM01;s__JAGGXM01 sp021163045	novel Archaea	novel class	MetaPhlAn
GCA_021163045.1_genomic	metaphlan	genus	Bray-Curtis distance	0.5	class	d__Archaea;p__Thermoproteota;c__JANJXX01;o__JANJXX01;f__JANJXX01;g__JAGGXM01;s__JAGGXM01 sp021163045	novel Archaea	novel class	MetaPhlAn
GCA_021163045.1_genomic	metaphlan	species	Bray-Curtis distance	0.5	class	d__Archaea;p__Thermoproteota;c__JANJXX01;o__JANJXX01;f__JANJXX01;g__JAGGXM01;s__JAGGXM01 sp021163045	novel Archaea	novel class	MetaPhlAn
GCA_021163045.1_genomic	singlem	kingdom	Bray-Curtis distance	0.084763948497854	class	d__Archaea;p__Thermoproteota;c__JANJXX01;o__JANJXX01;f__JANJXX01;g__JAGGXM01;s__JAGGXM01 sp021163045	novel Archaea	novel class	SingleM
GCA_021163045.1_genomic	singlem	phylum	Bray-Curtis distance	0.428045412703283	class	d__Archaea;p__Thermoproteota;c__JANJXX01;o__JANJXX01;f__JANJXX01;g__JAGGXM01;s__JAGGXM01 sp021163045	novel Archaea	novel class	SingleM
GCA_021163045.1_genomic	singlem	class	Bray-Curtis distance	0.394018205461638	class	d__Archaea;p__Thermoproteota;c__JANJXX01;o__JANJXX01;f__JANJXX01;g__JAGGXM01;s__JAGGXM01 sp021163045	novel Archaea	novel class	SingleM
GCA_021163045.1_genomic	singlem	order	Bray-Curtis distance	0.383597883597884	class	d__Archaea;p__Thermoproteota;c__JANJXX01;o__JANJXX01;f__JANJXX01;g__JAGGXM01;s__JAGGXM01 sp021163045	novel Archaea	novel class	SingleM
GCA_021163045.1_genomic	singlem	family	Bray-Curtis distance	0.366632687733605	class	d__Archaea;p__Thermoproteota;c__JANJXX01;o__JANJXX01;f__JANJXX01;g__JAGGXM01;s__JAGGXM01 sp021163045	novel Archaea	novel class	SingleM
GCA_021163045.1_genomic	singlem	genus	Bray-Curtis distance	0.366632687733605	class	d__Archaea;p__Thermoproteota;c__JANJXX01;o__JANJXX01;f__JANJXX01;g__JAGGXM01;s__JAGGXM01 sp021163045	novel Archaea	novel class	SingleM
GCA_021163045.1_genomic	singlem	species	Bray-Curtis distance	0.366632687733605	class	d__Archaea;p__Thermoproteota;c__JANJXX01;o__JANJXX01;f__JANJXX01;g__JAGGXM01;s__JAGGXM01 sp021163045	novel Archaea	novel class	SingleM
GCA_021163045.1_genomic	singlem-regime3	kingdom	Bray-Curtis distance	0.0861538461538461	class	d__Archaea;p__Thermoproteota;c__JANJXX01;o__JANJXX01;f__JANJXX01;g__JAGGXM01;s__JAGGXM01 sp021163045	novel Archaea	novel class	
GCA_021163045.1_genomic	singlem-regime3	phylum	Bray-Curtis distance	0.44206008583691	class	d__Archaea;p__Thermoproteota;c__JANJXX01;o__JANJXX01;f__JANJXX01;g__JAGGXM01;s__JAGGXM01 sp021163045	novel Archaea	novel class	
GCA_021163045.1_genomic	singlem-regime3	class	Bray-Curtis distance	0.398890258939581	class	d__Archaea;p__Thermoproteota;c__JANJXX01;o__JANJXX01;f__JANJXX01;g__JAGGXM01;s__JAGGXM01 sp021163045	novel Archaea	novel class	
GCA_021163045.1_genomic	singlem-regime3	order	Bray-Curtis distance	0.398890258939581	class	d__Archaea;p__Thermoproteota;c__JANJXX01;o__JANJXX01;f__JANJXX01;g__JAGGXM01;s__JAGGXM01 sp021163045	novel Archaea	novel class	
GCA_021163045.1_genomic	singlem-regime3	family	Bray-Curtis distance	0.369544131910766	class	d__Archaea;p__Thermoproteota;c__JANJXX01;o__JANJXX01;f__JANJXX01;g__JAGGXM01;s__JAGGXM01 sp021163045	novel Archaea	novel class	
GCA_021163045.1_genomic	singlem-regime3	genus	Bray-Curtis distance	0.369544131910766	class	d__Archaea;p__Thermoproteota;c__JANJXX01;o__JANJXX01;f__JANJXX01;g__JAGGXM01;s__JAGGXM01 sp021163045	novel Archaea	novel class	
GCA_021163045.1_genomic	singlem-regime3	species	Bray-Curtis distance	0.369544131910766	class	d__Archaea;p__Thermoproteota;c__JANJXX01;o__JANJXX01;f__JANJXX01;g__JAGGXM01;s__JAGGXM01 sp021163045	novel Archaea	novel class	
GCA_021163205.1_genomic	sylph	kingdom	Bray-Curtis distance	0.5	family	d__Archaea;p__Aenigmatarchaeota;c__Aenigmatarchaeia;o__GW2011-AR5;f__JAGGXF01;g__JAGGXF01;s__JAGGXF01 sp021163205	novel Archaea	novel family	sylph
GCA_021163205.1_genomic	sylph	phylum	Bray-Curtis distance	0.5	family	d__Archaea;p__Aenigmatarchaeota;c__Aenigmatarchaeia;o__GW2011-AR5;f__JAGGXF01;g__JAGGXF01;s__JAGGXF01 sp021163205	novel Archaea	novel family	sylph
GCA_021163205.1_genomic	sylph	class	Bray-Curtis distance	0.5	family	d__Archaea;p__Aenigmatarchaeota;c__Aenigmatarchaeia;o__GW2011-AR5;f__JAGGXF01;g__JAGGXF01;s__JAGGXF01 sp021163205	novel Archaea	novel family	sylph
GCA_021163205.1_genomic	sylph	order	Bray-Curtis distance	0.5	family	d__Archaea;p__Aenigmatarchaeota;c__Aenigmatarchaeia;o__GW2011-AR5;f__JAGGXF01;g__JAGGXF01;s__JAGGXF01 sp021163205	novel Archaea	novel family	sylph
GCA_021163205.1_genomic	sylph	family	Bray-Curtis distance	0.5	family	d__Archaea;p__Aenigmatarchaeota;c__Aenigmatarchaeia;o__GW2011-AR5;f__JAGGXF01;g__JAGGXF01;s__JAGGXF01 sp021163205	novel Archaea	novel family	sylph
GCA_021163205.1_genomic	sylph	genus	Bray-Curtis distance	0.5	family	d__Archaea;p__Aenigmatarchaeota;c__Aenigmatarchaeia;o__GW2011-AR5;f__JAGGXF01;g__JAGGXF01;s__JAGGXF01 sp021163205	novel Archaea	novel family	sylph
GCA_021163205.1_genomic	sylph	species	Bray-Curtis distance	0.5	family	d__Archaea;p__Aenigmatarchaeota;c__Aenigmatarchaeia;o__GW2011-AR5;f__JAGGXF01;g__JAGGXF01;s__JAGGXF01 sp021163205	novel Archaea	novel family	sylph
GCA_021163205.1_genomic	metaphlan	kingdom	Bray-Curtis distance	0.5	family	d__Archaea;p__Aenigmatarchaeota;c__Aenigmatarchaeia;o__GW2011-AR5;f__JAGGXF01;g__JAGGXF01;s__JAGGXF01 sp021163205	novel Archaea	novel family	MetaPhlAn
GCA_021163205.1_genomic	metaphlan	phylum	Bray-Curtis distance	0.5	family	d__Archaea;p__Aenigmatarchaeota;c__Aenigmatarchaeia;o__GW2011-AR5;f__JAGGXF01;g__JAGGXF01;s__JAGGXF01 sp021163205	novel Archaea	novel family	MetaPhlAn
GCA_021163205.1_genomic	metaphlan	class	Bray-Curtis distance	0.5	family	d__Archaea;p__Aenigmatarchaeota;c__Aenigmatarchaeia;o__GW2011-AR5;f__JAGGXF01;g__JAGGXF01;s__JAGGXF01 sp021163205	novel Archaea	novel family	MetaPhlAn
GCA_021163205.1_genomic	metaphlan	order	Bray-Curtis distance	0.5	family	d__Archaea;p__Aenigmatarchaeota;c__Aenigmatarchaeia;o__GW2011-AR5;f__JAGGXF01;g__JAGGXF01;s__JAGGXF01 sp021163205	novel Archaea	novel family	MetaPhlAn
GCA_021163205.1_genomic	metaphlan	family	Bray-Curtis distance	0.5	family	d__Archaea;p__Aenigmatarchaeota;c__Aenigmatarchaeia;o__GW2011-AR5;f__JAGGXF01;g__JAGGXF01;s__JAGGXF01 sp021163205	novel Archaea	novel family	MetaPhlAn
GCA_021163205.1_genomic	metaphlan	genus	Bray-Curtis distance	0.5	family	d__Archaea;p__Aenigmatarchaeota;c__Aenigmatarchaeia;o__GW2011-AR5;f__JAGGXF01;g__JAGGXF01;s__JAGGXF01 sp021163205	novel Archaea	novel family	MetaPhlAn
GCA_021163205.1_genomic	metaphlan	species	Bray-Curtis distance	0.5	family	d__Archaea;p__Aenigmatarchaeota;c__Aenigmatarchaeia;o__GW2011-AR5;f__JAGGXF01;g__JAGGXF01;s__JAGGXF01 sp021163205	novel Archaea	novel family	MetaPhlAn
GCA_021163205.1_genomic	singlem	kingdom	Bray-Curtis distance	0.0532922785409758	family	d__Archaea;p__Aenigmatarchaeota;c__Aenigmatarchaeia;o__GW2011-AR5;f__JAGGXF01;g__JAGGXF01;s__JAGGXF01 sp021163205	novel Archaea	novel family	SingleM
GCA_021163205.1_genomic	singlem	phylum	Bray-Curtis distance	0.0605375533785481	family	d__Archaea;p__Aenigmatarchaeota;c__Aenigmatarchaeia;o__GW2011-AR5;f__JAGGXF01;g__JAGGXF01;s__JAGGXF01 sp021163205	novel Archaea	novel family	SingleM
GCA_021163205.1_genomic	singlem	class	Bray-Curtis distance	0.0605375533785481	family	d__Archaea;p__Aenigmatarchaeota;c__Aenigmatarchaeia;o__GW2011-AR5;f__JAGGXF01;g__JAGGXF01;s__JAGGXF01 sp021163205	novel Archaea	novel family	SingleM
GCA_021163205.1_genomic	singlem	order	Bray-Curtis distance	0.0966233766233766	family	d__Archaea;p__Aenigmatarchaeota;c__Aenigmatarchaeia;o__GW2011-AR5;f__JAGGXF01;g__JAGGXF01;s__JAGGXF01 sp021163205	novel Archaea	novel family	SingleM
GCA_021163205.1_genomic	singlem	family	Bray-Curtis distance	0.454913294797688	family	d__Archaea;p__Aenigmatarchaeota;c__Aenigmatarchaeia;o__GW2011-AR5;f__JAGGXF01;g__JAGGXF01;s__JAGGXF01 sp021163205	novel Archaea	novel family	SingleM
GCA_021163205.1_genomic	singlem	genus	Bray-Curtis distance	0.402029169308814	family	d__Archaea;p__Aenigmatarchaeota;c__Aenigmatarchaeia;o__GW2011-AR5;f__JAGGXF01;g__JAGGXF01;s__JAGGXF01 sp021163205	novel Archaea	novel family	SingleM
GCA_021163205.1_genomic	singlem	species	Bray-Curtis distance	0.382449246889325	family	d__Archaea;p__Aenigmatarchaeota;c__Aenigmatarchaeia;o__GW2011-AR5;f__JAGGXF01;g__JAGGXF01;s__JAGGXF01 sp021163205	novel Archaea	novel family	SingleM
GCA_021163205.1_genomic	singlem-regime3	kingdom	Bray-Curtis distance	0.084056175134242	family	d__Archaea;p__Aenigmatarchaeota;c__Aenigmatarchaeia;o__GW2011-AR5;f__JAGGXF01;g__JAGGXF01;s__JAGGXF01 sp021163205	novel Archaea	novel family	
GCA_021163205.1_genomic	singlem-regime3	phylum	Bray-Curtis distance	0.132731675104556	family	d__Archaea;p__Aenigmatarchaeota;c__Aenigmatarchaeia;o__GW2011-AR5;f__JAGGXF01;g__JAGGXF01;s__JAGGXF01 sp021163205	novel Archaea	novel family	
GCA_021163205.1_genomic	singlem-regime3	class	Bray-Curtis distance	0.132731675104556	family	d__Archaea;p__Aenigmatarchaeota;c__Aenigmatarchaeia;o__GW2011-AR5;f__JAGGXF01;g__JAGGXF01;s__JAGGXF01 sp021163205	novel Archaea	novel family	
GCA_021163205.1_genomic	singlem-regime3	order	Bray-Curtis distance	0.165618448637317	family	d__Archaea;p__Aenigmatarchaeota;c__Aenigmatarchaeia;o__GW2011-AR5;f__JAGGXF01;g__JAGGXF01;s__JAGGXF01 sp021163205	novel Archaea	novel family	
GCA_021163205.1_genomic	singlem-regime3	family	Bray-Curtis distance	0.50160851274437	family	d__Archaea;p__Aenigmatarchaeota;c__Aenigmatarchaeia;o__GW2011-AR5;f__JAGGXF01;g__JAGGXF01;s__JAGGXF01 sp021163205	novel Archaea	novel family	
GCA_021163205.1_genomic	singlem-regime3	genus	Bray-Curtis distance	0.426700825505266	family	d__Archaea;p__Aenigmatarchaeota;c__Aenigmatarchaeia;o__GW2011-AR5;f__JAGGXF01;g__JAGGXF01;s__JAGGXF01 sp021163205	novel Archaea	novel family	
GCA_021163205.1_genomic	singlem-regime3	species	Bray-Curtis distance	0.436369029961436	family	d__Archaea;p__Aenigmatarchaeota;c__Aenigmatarchaeia;o__GW2011-AR5;f__JAGGXF01;g__JAGGXF01;s__JAGGXF01 sp021163205	novel Archaea	novel family	
GCA_021287075.1_genomic	sylph	kingdom	Bray-Curtis distance	0.5	genus	d__Bacteria;p__Actinomycetota;c__Actinomycetia;o__Actinomycetales;f__Dermatophilaceae;g__JAJTBD01;s__JAJTBD01 sp021287075	novel Bacteria	novel genus	sylph
GCA_021287075.1_genomic	sylph	phylum	Bray-Curtis distance	0.5	genus	d__Bacteria;p__Actinomycetota;c__Actinomycetia;o__Actinomycetales;f__Dermatophilaceae;g__JAJTBD01;s__JAJTBD01 sp021287075	novel Bacteria	novel genus	sylph
GCA_021287075.1_genomic	sylph	class	Bray-Curtis distance	0.5	genus	d__Bacteria;p__Actinomycetota;c__Actinomycetia;o__Actinomycetales;f__Dermatophilaceae;g__JAJTBD01;s__JAJTBD01 sp021287075	novel Bacteria	novel genus	sylph
GCA_021287075.1_genomic	sylph	order	Bray-Curtis distance	0.5	genus	d__Bacteria;p__Actinomycetota;c__Actinomycetia;o__Actinomycetales;f__Dermatophilaceae;g__JAJTBD01;s__JAJTBD01 sp021287075	novel Bacteria	novel genus	sylph
GCA_021287075.1_genomic	sylph	family	Bray-Curtis distance	0.5	genus	d__Bacteria;p__Actinomycetota;c__Actinomycetia;o__Actinomycetales;f__Dermatophilaceae;g__JAJTBD01;s__JAJTBD01 sp021287075	novel Bacteria	novel genus	sylph
GCA_021287075.1_genomic	sylph	genus	Bray-Curtis distance	0.5	genus	d__Bacteria;p__Actinomycetota;c__Actinomycetia;o__Actinomycetales;f__Dermatophilaceae;g__JAJTBD01;s__JAJTBD01 sp021287075	novel Bacteria	novel genus	sylph
GCA_021287075.1_genomic	sylph	species	Bray-Curtis distance	0.5	genus	d__Bacteria;p__Actinomycetota;c__Actinomycetia;o__Actinomycetales;f__Dermatophilaceae;g__JAJTBD01;s__JAJTBD01 sp021287075	novel Bacteria	novel genus	sylph
GCA_021287075.1_genomic	metaphlan	kingdom	Bray-Curtis distance	0.5	genus	d__Bacteria;p__Actinomycetota;c__Actinomycetia;o__Actinomycetales;f__Dermatophilaceae;g__JAJTBD01;s__JAJTBD01 sp021287075	novel Bacteria	novel genus	MetaPhlAn
GCA_021287075.1_genomic	metaphlan	phylum	Bray-Curtis distance	0.5	genus	d__Bacteria;p__Actinomycetota;c__Actinomycetia;o__Actinomycetales;f__Dermatophilaceae;g__JAJTBD01;s__JAJTBD01 sp021287075	novel Bacteria	novel genus	MetaPhlAn
GCA_021287075.1_genomic	metaphlan	class	Bray-Curtis distance	0.5	genus	d__Bacteria;p__Actinomycetota;c__Actinomycetia;o__Actinomycetales;f__Dermatophilaceae;g__JAJTBD01;s__JAJTBD01 sp021287075	novel Bacteria	novel genus	MetaPhlAn
GCA_021287075.1_genomic	metaphlan	order	Bray-Curtis distance	0.5	genus	d__Bacteria;p__Actinomycetota;c__Actinomycetia;o__Actinomycetales;f__Dermatophilaceae;g__JAJTBD01;s__JAJTBD01 sp021287075	novel Bacteria	novel genus	MetaPhlAn
GCA_021287075.1_genomic	metaphlan	family	Bray-Curtis distance	0.5	genus	d__Bacteria;p__Actinomycetota;c__Actinomycetia;o__Actinomycetales;f__Dermatophilaceae;g__JAJTBD01;s__JAJTBD01 sp021287075	novel Bacteria	novel genus	MetaPhlAn
GCA_021287075.1_genomic	metaphlan	genus	Bray-Curtis distance	0.5	genus	d__Bacteria;p__Actinomycetota;c__Actinomycetia;o__Actinomycetales;f__Dermatophilaceae;g__JAJTBD01;s__JAJTBD01 sp021287075	novel Bacteria	novel genus	MetaPhlAn
GCA_021287075.1_genomic	metaphlan	species	Bray-Curtis distance	0.5	genus	d__Bacteria;p__Actinomycetota;c__Actinomycetia;o__Actinomycetales;f__Dermatophilaceae;g__JAJTBD01;s__JAJTBD01 sp021287075	novel Bacteria	novel genus	MetaPhlAn
GCA_021287075.1_genomic	singlem	kingdom	Bray-Curtis distance	0.037871033776868	genus	d__Bacteria;p__Actinomycetota;c__Actinomycetia;o__Actinomycetales;f__Dermatophilaceae;g__JAJTBD01;s__JAJTBD01 sp021287075	novel Bacteria	novel genus	SingleM
GCA_021287075.1_genomic	singlem	phylum	Bray-Curtis distance	0.0305857957490928	genus	d__Bacteria;p__Actinomycetota;c__Actinomycetia;o__Actinomycetales;f__Dermatophilaceae;g__JAJTBD01;s__JAJTBD01 sp021287075	novel Bacteria	novel genus	SingleM
GCA_021287075.1_genomic	singlem	class	Bray-Curtis distance	0.0305857957490928	genus	d__Bacteria;p__Actinomycetota;c__Actinomycetia;o__Actinomycetales;f__Dermatophilaceae;g__JAJTBD01;s__JAJTBD01 sp021287075	novel Bacteria	novel genus	SingleM
GCA_021287075.1_genomic	singlem	order	Bray-Curtis distance	0.052801724137931	genus	d__Bacteria;p__Actinomycetota;c__Actinomycetia;o__Actinomycetales;f__Dermatophilaceae;g__JAJTBD01;s__JAJTBD01 sp021287075	novel Bacteria	novel genus	SingleM
GCA_021287075.1_genomic	singlem	family	Bray-Curtis distance	0.0843507214206437	genus	d__Bacteria;p__Actinomycetota;c__Actinomycetia;o__Actinomycetales;f__Dermatophilaceae;g__JAJTBD01;s__JAJTBD01 sp021287075	novel Bacteria	novel genus	SingleM
GCA_021287075.1_genomic	singlem	genus	Bray-Curtis distance	0.391896493020089	genus	d__Bacteria;p__Actinomycetota;c__Actinomycetia;o__Actinomycetales;f__Dermatophilaceae;g__JAJTBD01;s__JAJTBD01 sp021287075	novel Bacteria	novel genus	SingleM
GCA_021287075.1_genomic	singlem	species	Bray-Curtis distance	0.372672989111345	genus	d__Bacteria;p__Actinomycetota;c__Actinomycetia;o__Actinomycetales;f__Dermatophilaceae;g__JAJTBD01;s__JAJTBD01 sp021287075	novel Bacteria	novel genus	SingleM
GCA_021287075.1_genomic	singlem-regime3	kingdom	Bray-Curtis distance	0.195343330702447	genus	d__Bacteria;p__Actinomycetota;c__Actinomycetia;o__Actinomycetales;f__Dermatophilaceae;g__JAJTBD01;s__JAJTBD01 sp021287075	novel Bacteria	novel genus	
GCA_021287075.1_genomic	singlem-regime3	phylum	Bray-Curtis distance	0.17749092375958	genus	d__Bacteria;p__Actinomycetota;c__Actinomycetia;o__Actinomycetales;f__Dermatophilaceae;g__JAJTBD01;s__JAJTBD01 sp021287075	novel Bacteria	novel genus	
GCA_021287075.1_genomic	singlem-regime3	class	Bray-Curtis distance	0.17749092375958	genus	d__Bacteria;p__Actinomycetota;c__Actinomycetia;o__Actinomycetales;f__Dermatophilaceae;g__JAJTBD01;s__JAJTBD01 sp021287075	novel Bacteria	novel genus	
GCA_021287075.1_genomic	singlem-regime3	order	Bray-Curtis distance	0.17749092375958	genus	d__Bacteria;p__Actinomycetota;c__Actinomycetia;o__Actinomycetales;f__Dermatophilaceae;g__JAJTBD01;s__JAJTBD01 sp021287075	novel Bacteria	novel genus	
GCA_021287075.1_genomic	singlem-regime3	family	Bray-Curtis distance	0.213721413721414	genus	d__Bacteria;p__Actinomycetota;c__Actinomycetia;o__Actinomycetales;f__Dermatophilaceae;g__JAJTBD01;s__JAJTBD01 sp021287075	novel Bacteria	novel genus	
GCA_021287075.1_genomic	singlem-regime3	genus	Bray-Curtis distance	0.394648829431438	genus	d__Bacteria;p__Actinomycetota;c__Actinomycetia;o__Actinomycetales;f__Dermatophilaceae;g__JAJTBD01;s__JAJTBD01 sp021287075	novel Bacteria	novel genus	
GCA_021287075.1_genomic	singlem-regime3	species	Bray-Curtis distance	0.394648829431438	genus	d__Bacteria;p__Actinomycetota;c__Actinomycetia;o__Actinomycetales;f__Dermatophilaceae;g__JAJTBD01;s__JAJTBD01 sp021287075	novel Bacteria	novel genus	
GCA_021299465.1_genomic	sylph	kingdom	Bray-Curtis distance	0.5	genus	d__Bacteria;p__Pseudomonadota;c__Alphaproteobacteria;o__Rickettsiales;f__SXRF01;g__JAJTHB01;s__JAJTHB01 sp021299465	novel Bacteria	novel genus	sylph
GCA_021299465.1_genomic	sylph	phylum	Bray-Curtis distance	0.5	genus	d__Bacteria;p__Pseudomonadota;c__Alphaproteobacteria;o__Rickettsiales;f__SXRF01;g__JAJTHB01;s__JAJTHB01 sp021299465	novel Bacteria	novel genus	sylph
GCA_021299465.1_genomic	sylph	class	Bray-Curtis distance	0.5	genus	d__Bacteria;p__Pseudomonadota;c__Alphaproteobacteria;o__Rickettsiales;f__SXRF01;g__JAJTHB01;s__JAJTHB01 sp021299465	novel Bacteria	novel genus	sylph
GCA_021299465.1_genomic	sylph	order	Bray-Curtis distance	0.5	genus	d__Bacteria;p__Pseudomonadota;c__Alphaproteobacteria;o__Rickettsiales;f__SXRF01;g__JAJTHB01;s__JAJTHB01 sp021299465	novel Bacteria	novel genus	sylph
GCA_021299465.1_genomic	sylph	family	Bray-Curtis distance	0.5	genus	d__Bacteria;p__Pseudomonadota;c__Alphaproteobacteria;o__Rickettsiales;f__SXRF01;g__JAJTHB01;s__JAJTHB01 sp021299465	novel Bacteria	novel genus	sylph
GCA_021299465.1_genomic	sylph	genus	Bray-Curtis distance	0.5	genus	d__Bacteria;p__Pseudomonadota;c__Alphaproteobacteria;o__Rickettsiales;f__SXRF01;g__JAJTHB01;s__JAJTHB01 sp021299465	novel Bacteria	novel genus	sylph
GCA_021299465.1_genomic	sylph	species	Bray-Curtis distance	0.5	genus	d__Bacteria;p__Pseudomonadota;c__Alphaproteobacteria;o__Rickettsiales;f__SXRF01;g__JAJTHB01;s__JAJTHB01 sp021299465	novel Bacteria	novel genus	sylph
GCA_021299465.1_genomic	metaphlan	kingdom	Bray-Curtis distance	0.5	genus	d__Bacteria;p__Pseudomonadota;c__Alphaproteobacteria;o__Rickettsiales;f__SXRF01;g__JAJTHB01;s__JAJTHB01 sp021299465	novel Bacteria	novel genus	MetaPhlAn
GCA_021299465.1_genomic	metaphlan	phylum	Bray-Curtis distance	0.5	genus	d__Bacteria;p__Pseudomonadota;c__Alphaproteobacteria;o__Rickettsiales;f__SXRF01;g__JAJTHB01;s__JAJTHB01 sp021299465	novel Bacteria	novel genus	MetaPhlAn
GCA_021299465.1_genomic	metaphlan	class	Bray-Curtis distance	0.5	genus	d__Bacteria;p__Pseudomonadota;c__Alphaproteobacteria;o__Rickettsiales;f__SXRF01;g__JAJTHB01;s__JAJTHB01 sp021299465	novel Bacteria	novel genus	MetaPhlAn
GCA_021299465.1_genomic	metaphlan	order	Bray-Curtis distance	0.5	genus	d__Bacteria;p__Pseudomonadota;c__Alphaproteobacteria;o__Rickettsiales;f__SXRF01;g__JAJTHB01;s__JAJTHB01 sp021299465	novel Bacteria	novel genus	MetaPhlAn
GCA_021299465.1_genomic	metaphlan	family	Bray-Curtis distance	0.5	genus	d__Bacteria;p__Pseudomonadota;c__Alphaproteobacteria;o__Rickettsiales;f__SXRF01;g__JAJTHB01;s__JAJTHB01 sp021299465	novel Bacteria	novel genus	MetaPhlAn
GCA_021299465.1_genomic	metaphlan	genus	Bray-Curtis distance	0.5	genus	d__Bacteria;p__Pseudomonadota;c__Alphaproteobacteria;o__Rickettsiales;f__SXRF01;g__JAJTHB01;s__JAJTHB01 sp021299465	novel Bacteria	novel genus	MetaPhlAn
GCA_021299465.1_genomic	metaphlan	species	Bray-Curtis distance	0.5	genus	d__Bacteria;p__Pseudomonadota;c__Alphaproteobacteria;o__Rickettsiales;f__SXRF01;g__JAJTHB01;s__JAJTHB01 sp021299465	novel Bacteria	novel genus	MetaPhlAn
GCA_021299465.1_genomic	singlem	kingdom	Bray-Curtis distance	0.0674882629107982	genus	d__Bacteria;p__Pseudomonadota;c__Alphaproteobacteria;o__Rickettsiales;f__SXRF01;g__JAJTHB01;s__JAJTHB01 sp021299465	novel Bacteria	novel genus	SingleM
GCA_021299465.1_genomic	singlem	phylum	Bray-Curtis distance	0.0689858490566037	genus	d__Bacteria;p__Pseudomonadota;c__Alphaproteobacteria;o__Rickettsiales;f__SXRF01;g__JAJTHB01;s__JAJTHB01 sp021299465	novel Bacteria	novel genus	SingleM
GCA_021299465.1_genomic	singlem	class	Bray-Curtis distance	0.0689858490566037	genus	d__Bacteria;p__Pseudomonadota;c__Alphaproteobacteria;o__Rickettsiales;f__SXRF01;g__JAJTHB01;s__JAJTHB01 sp021299465	novel Bacteria	novel genus	SingleM
GCA_021299465.1_genomic	singlem	order	Bray-Curtis distance	0.0815614090764836	genus	d__Bacteria;p__Pseudomonadota;c__Alphaproteobacteria;o__Rickettsiales;f__SXRF01;g__JAJTHB01;s__JAJTHB01 sp021299465	novel Bacteria	novel genus	SingleM
GCA_021299465.1_genomic	singlem	family	Bray-Curtis distance	0.105775470473718	genus	d__Bacteria;p__Pseudomonadota;c__Alphaproteobacteria;o__Rickettsiales;f__SXRF01;g__JAJTHB01;s__JAJTHB01 sp021299465	novel Bacteria	novel genus	SingleM
GCA_021299465.1_genomic	singlem	genus	Bray-Curtis distance	0.40495291245204	genus	d__Bacteria;p__Pseudomonadota;c__Alphaproteobacteria;o__Rickettsiales;f__SXRF01;g__JAJTHB01;s__JAJTHB01 sp021299465	novel Bacteria	novel genus	SingleM
GCA_021299465.1_genomic	singlem	species	Bray-Curtis distance	0.401892225421637	genus	d__Bacteria;p__Pseudomonadota;c__Alphaproteobacteria;o__Rickettsiales;f__SXRF01;g__JAJTHB01;s__JAJTHB01 sp021299465	novel Bacteria	novel genus	SingleM
GCA_021299465.1_genomic	singlem-regime3	kingdom	Bray-Curtis distance	0.0668036998972252	genus	d__Bacteria;p__Pseudomonadota;c__Alphaproteobacteria;o__Rickettsiales;f__SXRF01;g__JAJTHB01;s__JAJTHB01 sp021299465	novel Bacteria	novel genus	
GCA_021299465.1_genomic	singlem-regime3	phylum	Bray-Curtis distance	0.0809684977870347	genus	d__Bacteria;p__Pseudomonadota;c__Alphaproteobacteria;o__Rickettsiales;f__SXRF01;g__JAJTHB01;s__JAJTHB01 sp021299465	novel Bacteria	novel genus	
GCA_021299465.1_genomic	singlem-regime3	class	Bray-Curtis distance	0.0809684977870347	genus	d__Bacteria;p__Pseudomonadota;c__Alphaproteobacteria;o__Rickettsiales;f__SXRF01;g__JAJTHB01;s__JAJTHB01 sp021299465	novel Bacteria	novel genus	
GCA_021299465.1_genomic	singlem-regime3	order	Bray-Curtis distance	0.0908071748878924	genus	d__Bacteria;p__Pseudomonadota;c__Alphaproteobacteria;o__Rickettsiales;f__SXRF01;g__JAJTHB01;s__JAJTHB01 sp021299465	novel Bacteria	novel genus	
GCA_021299465.1_genomic	singlem-regime3	family	Bray-Curtis distance	0.154553544942154	genus	d__Bacteria;p__Pseudomonadota;c__Alphaproteobacteria;o__Rickettsiales;f__SXRF01;g__JAJTHB01;s__JAJTHB01 sp021299465	novel Bacteria	novel genus	
GCA_021299465.1_genomic	singlem-regime3	genus	Bray-Curtis distance	0.413230495401958	genus	d__Bacteria;p__Pseudomonadota;c__Alphaproteobacteria;o__Rickettsiales;f__SXRF01;g__JAJTHB01;s__JAJTHB01 sp021299465	novel Bacteria	novel genus	
GCA_021299465.1_genomic	singlem-regime3	species	Bray-Curtis distance	0.421475529583638	genus	d__Bacteria;p__Pseudomonadota;c__Alphaproteobacteria;o__Rickettsiales;f__SXRF01;g__JAJTHB01;s__JAJTHB01 sp021299465	novel Bacteria	novel genus	
GCA_021324815.1_genomic	sylph	kingdom	Bray-Curtis distance	0.5	order	d__Bacteria;p__Pseudomonadota;c__Gammaproteobacteria;o__JAJPIJ01;f__JAJPIJ01;g__JAJPIJ01;s__JAJPIJ01 sp021324815	novel Bacteria	novel order	sylph
GCA_021324815.1_genomic	sylph	phylum	Bray-Curtis distance	0.5	order	d__Bacteria;p__Pseudomonadota;c__Gammaproteobacteria;o__JAJPIJ01;f__JAJPIJ01;g__JAJPIJ01;s__JAJPIJ01 sp021324815	novel Bacteria	novel order	sylph
GCA_021324815.1_genomic	sylph	class	Bray-Curtis distance	0.5	order	d__Bacteria;p__Pseudomonadota;c__Gammaproteobacteria;o__JAJPIJ01;f__JAJPIJ01;g__JAJPIJ01;s__JAJPIJ01 sp021324815	novel Bacteria	novel order	sylph
GCA_021324815.1_genomic	sylph	order	Bray-Curtis distance	0.5	order	d__Bacteria;p__Pseudomonadota;c__Gammaproteobacteria;o__JAJPIJ01;f__JAJPIJ01;g__JAJPIJ01;s__JAJPIJ01 sp021324815	novel Bacteria	novel order	sylph
GCA_021324815.1_genomic	sylph	family	Bray-Curtis distance	0.5	order	d__Bacteria;p__Pseudomonadota;c__Gammaproteobacteria;o__JAJPIJ01;f__JAJPIJ01;g__JAJPIJ01;s__JAJPIJ01 sp021324815	novel Bacteria	novel order	sylph
GCA_021324815.1_genomic	sylph	genus	Bray-Curtis distance	0.5	order	d__Bacteria;p__Pseudomonadota;c__Gammaproteobacteria;o__JAJPIJ01;f__JAJPIJ01;g__JAJPIJ01;s__JAJPIJ01 sp021324815	novel Bacteria	novel order	sylph
GCA_021324815.1_genomic	sylph	species	Bray-Curtis distance	0.5	order	d__Bacteria;p__Pseudomonadota;c__Gammaproteobacteria;o__JAJPIJ01;f__JAJPIJ01;g__JAJPIJ01;s__JAJPIJ01 sp021324815	novel Bacteria	novel order	sylph
GCA_021324815.1_genomic	metaphlan	kingdom	Bray-Curtis distance	0.5	order	d__Bacteria;p__Pseudomonadota;c__Gammaproteobacteria;o__JAJPIJ01;f__JAJPIJ01;g__JAJPIJ01;s__JAJPIJ01 sp021324815	novel Bacteria	novel order	MetaPhlAn
GCA_021324815.1_genomic	metaphlan	phylum	Bray-Curtis distance	0.5	order	d__Bacteria;p__Pseudomonadota;c__Gammaproteobacteria;o__JAJPIJ01;f__JAJPIJ01;g__JAJPIJ01;s__JAJPIJ01 sp021324815	novel Bacteria	novel order	MetaPhlAn
GCA_021324815.1_genomic	metaphlan	class	Bray-Curtis distance	0.5	order	d__Bacteria;p__Pseudomonadota;c__Gammaproteobacteria;o__JAJPIJ01;f__JAJPIJ01;g__JAJPIJ01;s__JAJPIJ01 sp021324815	novel Bacteria	novel order	MetaPhlAn
GCA_021324815.1_genomic	metaphlan	order	Bray-Curtis distance	0.5	order	d__Bacteria;p__Pseudomonadota;c__Gammaproteobacteria;o__JAJPIJ01;f__JAJPIJ01;g__JAJPIJ01;s__JAJPIJ01 sp021324815	novel Bacteria	novel order	MetaPhlAn
GCA_021324815.1_genomic	metaphlan	family	Bray-Curtis distance	0.5	order	d__Bacteria;p__Pseudomonadota;c__Gammaproteobacteria;o__JAJPIJ01;f__JAJPIJ01;g__JAJPIJ01;s__JAJPIJ01 sp021324815	novel Bacteria	novel order	MetaPhlAn
GCA_021324815.1_genomic	metaphlan	genus	Bray-Curtis distance	0.5	order	d__Bacteria;p__Pseudomonadota;c__Gammaproteobacteria;o__JAJPIJ01;f__JAJPIJ01;g__JAJPIJ01;s__JAJPIJ01 sp021324815	novel Bacteria	novel order	MetaPhlAn
GCA_021324815.1_genomic	metaphlan	species	Bray-Curtis distance	0.5	order	d__Bacteria;p__Pseudomonadota;c__Gammaproteobacteria;o__JAJPIJ01;f__JAJPIJ01;g__JAJPIJ01;s__JAJPIJ01 sp021324815	novel Bacteria	novel order	MetaPhlAn
GCA_021324815.1_genomic	singlem	kingdom	Bray-Curtis distance	0.0236641221374045	order	d__Bacteria;p__Pseudomonadota;c__Gammaproteobacteria;o__JAJPIJ01;f__JAJPIJ01;g__JAJPIJ01;s__JAJPIJ01 sp021324815	novel Bacteria	novel order	SingleM
GCA_021324815.1_genomic	singlem	phylum	Bray-Curtis distance	0.024968152866242	order	d__Bacteria;p__Pseudomonadota;c__Gammaproteobacteria;o__JAJPIJ01;f__JAJPIJ01;g__JAJPIJ01;s__JAJPIJ01 sp021324815	novel Bacteria	novel order	SingleM
GCA_021324815.1_genomic	singlem	class	Bray-Curtis distance	0.024968152866242	order	d__Bacteria;p__Pseudomonadota;c__Gammaproteobacteria;o__JAJPIJ01;f__JAJPIJ01;g__JAJPIJ01;s__JAJPIJ01 sp021324815	novel Bacteria	novel order	SingleM
GCA_021324815.1_genomic	singlem	order	Bray-Curtis distance	0.366451173868663	order	d__Bacteria;p__Pseudomonadota;c__Gammaproteobacteria;o__JAJPIJ01;f__JAJPIJ01;g__JAJPIJ01;s__JAJPIJ01 sp021324815	novel Bacteria	novel order	SingleM
GCA_021324815.1_genomic	singlem	family	Bray-Curtis distance	0.366451173868663	order	d__Bacteria;p__Pseudomonadota;c__Gammaproteobacteria;o__JAJPIJ01;f__JAJPIJ01;g__JAJPIJ01;s__JAJPIJ01 sp021324815	novel Bacteria	novel order	SingleM
GCA_021324815.1_genomic	singlem	genus	Bray-Curtis distance	0.357044198895028	order	d__Bacteria;p__Pseudomonadota;c__Gammaproteobacteria;o__JAJPIJ01;f__JAJPIJ01;g__JAJPIJ01;s__JAJPIJ01 sp021324815	novel Bacteria	novel order	SingleM
GCA_021324815.1_genomic	singlem	species	Bray-Curtis distance	0.357044198895028	order	d__Bacteria;p__Pseudomonadota;c__Gammaproteobacteria;o__JAJPIJ01;f__JAJPIJ01;g__JAJPIJ01;s__JAJPIJ01 sp021324815	novel Bacteria	novel order	SingleM
GCA_021324815.1_genomic	singlem-regime3	kingdom	Bray-Curtis distance	0.00301507537688444	order	d__Bacteria;p__Pseudomonadota;c__Gammaproteobacteria;o__JAJPIJ01;f__JAJPIJ01;g__JAJPIJ01;s__JAJPIJ01 sp021324815	novel Bacteria	novel order	
GCA_021324815.1_genomic	singlem-regime3	phylum	Bray-Curtis distance	0.00301507537688444	order	d__Bacteria;p__Pseudomonadota;c__Gammaproteobacteria;o__JAJPIJ01;f__JAJPIJ01;g__JAJPIJ01;s__JAJPIJ01 sp021324815	novel Bacteria	novel order	
GCA_021324815.1_genomic	singlem-regime3	class	Bray-Curtis distance	0.00301507537688444	order	d__Bacteria;p__Pseudomonadota;c__Gammaproteobacteria;o__JAJPIJ01;f__JAJPIJ01;g__JAJPIJ01;s__JAJPIJ01 sp021324815	novel Bacteria	novel order	
GCA_021324815.1_genomic	singlem-regime3	order	Bray-Curtis distance	0.336018798254448	order	d__Bacteria;p__Pseudomonadota;c__Gammaproteobacteria;o__JAJPIJ01;f__JAJPIJ01;g__JAJPIJ01;s__JAJPIJ01 sp021324815	novel Bacteria	novel order	
GCA_021324815.1_genomic	singlem-regime3	family	Bray-Curtis distance	0.336018798254448	order	d__Bacteria;p__Pseudomonadota;c__Gammaproteobacteria;o__JAJPIJ01;f__JAJPIJ01;g__JAJPIJ01;s__JAJPIJ01 sp021324815	novel Bacteria	novel order	
GCA_021324815.1_genomic	singlem-regime3	genus	Bray-Curtis distance	0.336018798254448	order	d__Bacteria;p__Pseudomonadota;c__Gammaproteobacteria;o__JAJPIJ01;f__JAJPIJ01;g__JAJPIJ01;s__JAJPIJ01 sp021324815	novel Bacteria	novel order	
GCA_021324815.1_genomic	singlem-regime3	species	Bray-Curtis distance	0.336018798254448	order	d__Bacteria;p__Pseudomonadota;c__Gammaproteobacteria;o__JAJPIJ01;f__JAJPIJ01;g__JAJPIJ01;s__JAJPIJ01 sp021324815	novel Bacteria	novel order	
GCA_021372895.1_genomic	sylph	kingdom	Bray-Curtis distance	0.5	genus	d__Bacteria;p__Synergistota;c__Synergistia;o__Synergistales;f__Synergistaceae;g__JAJFTP01;s__JAJFTP01 sp021372895	novel Bacteria	novel genus	sylph
GCA_021372895.1_genomic	sylph	phylum	Bray-Curtis distance	0.5	genus	d__Bacteria;p__Synergistota;c__Synergistia;o__Synergistales;f__Synergistaceae;g__JAJFTP01;s__JAJFTP01 sp021372895	novel Bacteria	novel genus	sylph
GCA_021372895.1_genomic	sylph	class	Bray-Curtis distance	0.5	genus	d__Bacteria;p__Synergistota;c__Synergistia;o__Synergistales;f__Synergistaceae;g__JAJFTP01;s__JAJFTP01 sp021372895	novel Bacteria	novel genus	sylph
GCA_021372895.1_genomic	sylph	order	Bray-Curtis distance	0.5	genus	d__Bacteria;p__Synergistota;c__Synergistia;o__Synergistales;f__Synergistaceae;g__JAJFTP01;s__JAJFTP01 sp021372895	novel Bacteria	novel genus	sylph
GCA_021372895.1_genomic	sylph	family	Bray-Curtis distance	0.5	genus	d__Bacteria;p__Synergistota;c__Synergistia;o__Synergistales;f__Synergistaceae;g__JAJFTP01;s__JAJFTP01 sp021372895	novel Bacteria	novel genus	sylph
GCA_021372895.1_genomic	sylph	genus	Bray-Curtis distance	0.5	genus	d__Bacteria;p__Synergistota;c__Synergistia;o__Synergistales;f__Synergistaceae;g__JAJFTP01;s__JAJFTP01 sp021372895	novel Bacteria	novel genus	sylph
GCA_021372895.1_genomic	sylph	species	Bray-Curtis distance	0.5	genus	d__Bacteria;p__Synergistota;c__Synergistia;o__Synergistales;f__Synergistaceae;g__JAJFTP01;s__JAJFTP01 sp021372895	novel Bacteria	novel genus	sylph
GCA_021372895.1_genomic	metaphlan	kingdom	Bray-Curtis distance	0.5	genus	d__Bacteria;p__Synergistota;c__Synergistia;o__Synergistales;f__Synergistaceae;g__JAJFTP01;s__JAJFTP01 sp021372895	novel Bacteria	novel genus	MetaPhlAn
GCA_021372895.1_genomic	metaphlan	phylum	Bray-Curtis distance	0.5	genus	d__Bacteria;p__Synergistota;c__Synergistia;o__Synergistales;f__Synergistaceae;g__JAJFTP01;s__JAJFTP01 sp021372895	novel Bacteria	novel genus	MetaPhlAn
GCA_021372895.1_genomic	metaphlan	class	Bray-Curtis distance	0.5	genus	d__Bacteria;p__Synergistota;c__Synergistia;o__Synergistales;f__Synergistaceae;g__JAJFTP01;s__JAJFTP01 sp021372895	novel Bacteria	novel genus	MetaPhlAn
GCA_021372895.1_genomic	metaphlan	order	Bray-Curtis distance	0.5	genus	d__Bacteria;p__Synergistota;c__Synergistia;o__Synergistales;f__Synergistaceae;g__JAJFTP01;s__JAJFTP01 sp021372895	novel Bacteria	novel genus	MetaPhlAn
GCA_021372895.1_genomic	metaphlan	family	Bray-Curtis distance	0.5	genus	d__Bacteria;p__Synergistota;c__Synergistia;o__Synergistales;f__Synergistaceae;g__JAJFTP01;s__JAJFTP01 sp021372895	novel Bacteria	novel genus	MetaPhlAn
GCA_021372895.1_genomic	metaphlan	genus	Bray-Curtis distance	0.5	genus	d__Bacteria;p__Synergistota;c__Synergistia;o__Synergistales;f__Synergistaceae;g__JAJFTP01;s__JAJFTP01 sp021372895	novel Bacteria	novel genus	MetaPhlAn
GCA_021372895.1_genomic	metaphlan	species	Bray-Curtis distance	0.5	genus	d__Bacteria;p__Synergistota;c__Synergistia;o__Synergistales;f__Synergistaceae;g__JAJFTP01;s__JAJFTP01 sp021372895	novel Bacteria	novel genus	MetaPhlAn
GCA_021372895.1_genomic	singlem	kingdom	Bray-Curtis distance	0.0262881177707676	genus	d__Bacteria;p__Synergistota;c__Synergistia;o__Synergistales;f__Synergistaceae;g__JAJFTP01;s__JAJFTP01 sp021372895	novel Bacteria	novel genus	SingleM
GCA_021372895.1_genomic	singlem	phylum	Bray-Curtis distance	0.0400855157669696	genus	d__Bacteria;p__Synergistota;c__Synergistia;o__Synergistales;f__Synergistaceae;g__JAJFTP01;s__JAJFTP01 sp021372895	novel Bacteria	novel genus	SingleM
GCA_021372895.1_genomic	singlem	class	Bray-Curtis distance	0.0400855157669696	genus	d__Bacteria;p__Synergistota;c__Synergistia;o__Synergistales;f__Synergistaceae;g__JAJFTP01;s__JAJFTP01 sp021372895	novel Bacteria	novel genus	SingleM
GCA_021372895.1_genomic	singlem	order	Bray-Curtis distance	0.0400855157669696	genus	d__Bacteria;p__Synergistota;c__Synergistia;o__Synergistales;f__Synergistaceae;g__JAJFTP01;s__JAJFTP01 sp021372895	novel Bacteria	novel genus	SingleM
GCA_021372895.1_genomic	singlem	family	Bray-Curtis distance	0.0400855157669696	genus	d__Bacteria;p__Synergistota;c__Synergistia;o__Synergistales;f__Synergistaceae;g__JAJFTP01;s__JAJFTP01 sp021372895	novel Bacteria	novel genus	SingleM
GCA_021372895.1_genomic	singlem	genus	Bray-Curtis distance	0.523809523809524	genus	d__Bacteria;p__Synergistota;c__Synergistia;o__Synergistales;f__Synergistaceae;g__JAJFTP01;s__JAJFTP01 sp021372895	novel Bacteria	novel genus	SingleM
GCA_021372895.1_genomic	singlem	species	Bray-Curtis distance	0.384783400072807	genus	d__Bacteria;p__Synergistota;c__Synergistia;o__Synergistales;f__Synergistaceae;g__JAJFTP01;s__JAJFTP01 sp021372895	novel Bacteria	novel genus	SingleM
GCA_021372895.1_genomic	singlem-regime3	kingdom	Bray-Curtis distance	0.0387359836901121	genus	d__Bacteria;p__Synergistota;c__Synergistia;o__Synergistales;f__Synergistaceae;g__JAJFTP01;s__JAJFTP01 sp021372895	novel Bacteria	novel genus	
GCA_021372895.1_genomic	singlem-regime3	phylum	Bray-Curtis distance	0.0664573521716379	genus	d__Bacteria;p__Synergistota;c__Synergistia;o__Synergistales;f__Synergistaceae;g__JAJFTP01;s__JAJFTP01 sp021372895	novel Bacteria	novel genus	
GCA_021372895.1_genomic	singlem-regime3	class	Bray-Curtis distance	0.0664573521716379	genus	d__Bacteria;p__Synergistota;c__Synergistia;o__Synergistales;f__Synergistaceae;g__JAJFTP01;s__JAJFTP01 sp021372895	novel Bacteria	novel genus	
GCA_021372895.1_genomic	singlem-regime3	order	Bray-Curtis distance	0.0664573521716379	genus	d__Bacteria;p__Synergistota;c__Synergistia;o__Synergistales;f__Synergistaceae;g__JAJFTP01;s__JAJFTP01 sp021372895	novel Bacteria	novel genus	
GCA_021372895.1_genomic	singlem-regime3	family	Bray-Curtis distance	0.0664573521716379	genus	d__Bacteria;p__Synergistota;c__Synergistia;o__Synergistales;f__Synergistaceae;g__JAJFTP01;s__JAJFTP01 sp021372895	novel Bacteria	novel genus	
GCA_021372895.1_genomic	singlem-regime3	genus	Bray-Curtis distance	0.5436203466894	genus	d__Bacteria;p__Synergistota;c__Synergistia;o__Synergistales;f__Synergistaceae;g__JAJFTP01;s__JAJFTP01 sp021372895	novel Bacteria	novel genus	
GCA_021372895.1_genomic	singlem-regime3	species	Bray-Curtis distance	0.419168173598553	genus	d__Bacteria;p__Synergistota;c__Synergistia;o__Synergistales;f__Synergistaceae;g__JAJFTP01;s__JAJFTP01 sp021372895	novel Bacteria	novel genus	
GCA_021654415.1_genomic	sylph	kingdom	Bray-Curtis distance	0.5	species	d__Archaea;p__Thermoproteota;c__Thermoprotei_A;o__Sulfolobales;f__Sulfolobaceae;g__Metallosphaera;s__Metallosphaera javensis	novel Archaea	novel species	sylph
GCA_021654415.1_genomic	sylph	phylum	Bray-Curtis distance	0.5	species	d__Archaea;p__Thermoproteota;c__Thermoprotei_A;o__Sulfolobales;f__Sulfolobaceae;g__Metallosphaera;s__Metallosphaera javensis	novel Archaea	novel species	sylph
GCA_021654415.1_genomic	sylph	class	Bray-Curtis distance	0.5	species	d__Archaea;p__Thermoproteota;c__Thermoprotei_A;o__Sulfolobales;f__Sulfolobaceae;g__Metallosphaera;s__Metallosphaera javensis	novel Archaea	novel species	sylph
GCA_021654415.1_genomic	sylph	order	Bray-Curtis distance	0.5	species	d__Archaea;p__Thermoproteota;c__Thermoprotei_A;o__Sulfolobales;f__Sulfolobaceae;g__Metallosphaera;s__Metallosphaera javensis	novel Archaea	novel species	sylph
GCA_021654415.1_genomic	sylph	family	Bray-Curtis distance	0.5	species	d__Archaea;p__Thermoproteota;c__Thermoprotei_A;o__Sulfolobales;f__Sulfolobaceae;g__Metallosphaera;s__Metallosphaera javensis	novel Archaea	novel species	sylph
GCA_021654415.1_genomic	sylph	genus	Bray-Curtis distance	0.5	species	d__Archaea;p__Thermoproteota;c__Thermoprotei_A;o__Sulfolobales;f__Sulfolobaceae;g__Metallosphaera;s__Metallosphaera javensis	novel Archaea	novel species	sylph
GCA_021654415.1_genomic	sylph	species	Bray-Curtis distance	0.5	species	d__Archaea;p__Thermoproteota;c__Thermoprotei_A;o__Sulfolobales;f__Sulfolobaceae;g__Metallosphaera;s__Metallosphaera javensis	novel Archaea	novel species	sylph
GCA_021654415.1_genomic	metaphlan	kingdom	Bray-Curtis distance	0.5	species	d__Archaea;p__Thermoproteota;c__Thermoprotei_A;o__Sulfolobales;f__Sulfolobaceae;g__Metallosphaera;s__Metallosphaera javensis	novel Archaea	novel species	MetaPhlAn
GCA_021654415.1_genomic	metaphlan	phylum	Bray-Curtis distance	0.5	species	d__Archaea;p__Thermoproteota;c__Thermoprotei_A;o__Sulfolobales;f__Sulfolobaceae;g__Metallosphaera;s__Metallosphaera javensis	novel Archaea	novel species	MetaPhlAn
GCA_021654415.1_genomic	metaphlan	class	Bray-Curtis distance	0.5	species	d__Archaea;p__Thermoproteota;c__Thermoprotei_A;o__Sulfolobales;f__Sulfolobaceae;g__Metallosphaera;s__Metallosphaera javensis	novel Archaea	novel species	MetaPhlAn
GCA_021654415.1_genomic	metaphlan	order	Bray-Curtis distance	0.5	species	d__Archaea;p__Thermoproteota;c__Thermoprotei_A;o__Sulfolobales;f__Sulfolobaceae;g__Metallosphaera;s__Metallosphaera javensis	novel Archaea	novel species	MetaPhlAn
GCA_021654415.1_genomic	metaphlan	family	Bray-Curtis distance	0.5	species	d__Archaea;p__Thermoproteota;c__Thermoprotei_A;o__Sulfolobales;f__Sulfolobaceae;g__Metallosphaera;s__Metallosphaera javensis	novel Archaea	novel species	MetaPhlAn
GCA_021654415.1_genomic	metaphlan	genus	Bray-Curtis distance	0.5	species	d__Archaea;p__Thermoproteota;c__Thermoprotei_A;o__Sulfolobales;f__Sulfolobaceae;g__Metallosphaera;s__Metallosphaera javensis	novel Archaea	novel species	MetaPhlAn
GCA_021654415.1_genomic	metaphlan	species	Bray-Curtis distance	1	species	d__Archaea;p__Thermoproteota;c__Thermoprotei_A;o__Sulfolobales;f__Sulfolobaceae;g__Metallosphaera;s__Metallosphaera javensis	novel Archaea	novel species	MetaPhlAn
GCA_021654415.1_genomic	singlem	kingdom	Bray-Curtis distance	0.0399159663865547	species	d__Archaea;p__Thermoproteota;c__Thermoprotei_A;o__Sulfolobales;f__Sulfolobaceae;g__Metallosphaera;s__Metallosphaera javensis	novel Archaea	novel species	SingleM
GCA_021654415.1_genomic	singlem	phylum	Bray-Curtis distance	0.0397891963109355	species	d__Archaea;p__Thermoproteota;c__Thermoprotei_A;o__Sulfolobales;f__Sulfolobaceae;g__Metallosphaera;s__Metallosphaera javensis	novel Archaea	novel species	SingleM
GCA_021654415.1_genomic	singlem	class	Bray-Curtis distance	0.0397891963109355	species	d__Archaea;p__Thermoproteota;c__Thermoprotei_A;o__Sulfolobales;f__Sulfolobaceae;g__Metallosphaera;s__Metallosphaera javensis	novel Archaea	novel species	SingleM
GCA_021654415.1_genomic	singlem	order	Bray-Curtis distance	0.0397891963109355	species	d__Archaea;p__Thermoproteota;c__Thermoprotei_A;o__Sulfolobales;f__Sulfolobaceae;g__Metallosphaera;s__Metallosphaera javensis	novel Archaea	novel species	SingleM
GCA_021654415.1_genomic	singlem	family	Bray-Curtis distance	0.0397891963109355	species	d__Archaea;p__Thermoproteota;c__Thermoprotei_A;o__Sulfolobales;f__Sulfolobaceae;g__Metallosphaera;s__Metallosphaera javensis	novel Archaea	novel species	SingleM
GCA_021654415.1_genomic	singlem	genus	Bray-Curtis distance	0.038268672472948	species	d__Archaea;p__Thermoproteota;c__Thermoprotei_A;o__Sulfolobales;f__Sulfolobaceae;g__Metallosphaera;s__Metallosphaera javensis	novel Archaea	novel species	SingleM
GCA_021654415.1_genomic	singlem	species	Bray-Curtis distance	0.372746935832733	species	d__Archaea;p__Thermoproteota;c__Thermoprotei_A;o__Sulfolobales;f__Sulfolobaceae;g__Metallosphaera;s__Metallosphaera javensis	novel Archaea	novel species	SingleM
GCA_021654415.1_genomic	singlem-regime3	kingdom	Bray-Curtis distance	0.0660184237461617	species	d__Archaea;p__Thermoproteota;c__Thermoprotei_A;o__Sulfolobales;f__Sulfolobaceae;g__Metallosphaera;s__Metallosphaera javensis	novel Archaea	novel species	
GCA_021654415.1_genomic	singlem-regime3	phylum	Bray-Curtis distance	0.0660184237461617	species	d__Archaea;p__Thermoproteota;c__Thermoprotei_A;o__Sulfolobales;f__Sulfolobaceae;g__Metallosphaera;s__Metallosphaera javensis	novel Archaea	novel species	
GCA_021654415.1_genomic	singlem-regime3	class	Bray-Curtis distance	0.0660184237461617	species	d__Archaea;p__Thermoproteota;c__Thermoprotei_A;o__Sulfolobales;f__Sulfolobaceae;g__Metallosphaera;s__Metallosphaera javensis	novel Archaea	novel species	
GCA_021654415.1_genomic	singlem-regime3	order	Bray-Curtis distance	0.0660184237461617	species	d__Archaea;p__Thermoproteota;c__Thermoprotei_A;o__Sulfolobales;f__Sulfolobaceae;g__Metallosphaera;s__Metallosphaera javensis	novel Archaea	novel species	
GCA_021654415.1_genomic	singlem-regime3	family	Bray-Curtis distance	0.0660184237461617	species	d__Archaea;p__Thermoproteota;c__Thermoprotei_A;o__Sulfolobales;f__Sulfolobaceae;g__Metallosphaera;s__Metallosphaera javensis	novel Archaea	novel species	
GCA_021654415.1_genomic	singlem-regime3	genus	Bray-Curtis distance	0.0660184237461617	species	d__Archaea;p__Thermoproteota;c__Thermoprotei_A;o__Sulfolobales;f__Sulfolobaceae;g__Metallosphaera;s__Metallosphaera javensis	novel Archaea	novel species	
GCA_021654415.1_genomic	singlem-regime3	species	Bray-Curtis distance	0.49388379204893	species	d__Archaea;p__Thermoproteota;c__Thermoprotei_A;o__Sulfolobales;f__Sulfolobaceae;g__Metallosphaera;s__Metallosphaera javensis	novel Archaea	novel species	
GCA_021774255.1_genomic	sylph	kingdom	Bray-Curtis distance	0.5	order	d__Bacteria;p__Pseudomonadota;c__Gammaproteobacteria;o__JAJFJF01;f__JAJFJF01;g__JAJFJF01;s__JAJFJF01 sp021774255	novel Bacteria	novel order	sylph
GCA_021774255.1_genomic	sylph	phylum	Bray-Curtis distance	0.5	order	d__Bacteria;p__Pseudomonadota;c__Gammaproteobacteria;o__JAJFJF01;f__JAJFJF01;g__JAJFJF01;s__JAJFJF01 sp021774255	novel Bacteria	novel order	sylph
GCA_021774255.1_genomic	sylph	class	Bray-Curtis distance	0.5	order	d__Bacteria;p__Pseudomonadota;c__Gammaproteobacteria;o__JAJFJF01;f__JAJFJF01;g__JAJFJF01;s__JAJFJF01 sp021774255	novel Bacteria	novel order	sylph
GCA_021774255.1_genomic	sylph	order	Bray-Curtis distance	0.5	order	d__Bacteria;p__Pseudomonadota;c__Gammaproteobacteria;o__JAJFJF01;f__JAJFJF01;g__JAJFJF01;s__JAJFJF01 sp021774255	novel Bacteria	novel order	sylph
GCA_021774255.1_genomic	sylph	family	Bray-Curtis distance	0.5	order	d__Bacteria;p__Pseudomonadota;c__Gammaproteobacteria;o__JAJFJF01;f__JAJFJF01;g__JAJFJF01;s__JAJFJF01 sp021774255	novel Bacteria	novel order	sylph
GCA_021774255.1_genomic	sylph	genus	Bray-Curtis distance	0.5	order	d__Bacteria;p__Pseudomonadota;c__Gammaproteobacteria;o__JAJFJF01;f__JAJFJF01;g__JAJFJF01;s__JAJFJF01 sp021774255	novel Bacteria	novel order	sylph
GCA_021774255.1_genomic	sylph	species	Bray-Curtis distance	0.5	order	d__Bacteria;p__Pseudomonadota;c__Gammaproteobacteria;o__JAJFJF01;f__JAJFJF01;g__JAJFJF01;s__JAJFJF01 sp021774255	novel Bacteria	novel order	sylph
GCA_021774255.1_genomic	metaphlan	kingdom	Bray-Curtis distance	0.5	order	d__Bacteria;p__Pseudomonadota;c__Gammaproteobacteria;o__JAJFJF01;f__JAJFJF01;g__JAJFJF01;s__JAJFJF01 sp021774255	novel Bacteria	novel order	MetaPhlAn
GCA_021774255.1_genomic	metaphlan	phylum	Bray-Curtis distance	0.5	order	d__Bacteria;p__Pseudomonadota;c__Gammaproteobacteria;o__JAJFJF01;f__JAJFJF01;g__JAJFJF01;s__JAJFJF01 sp021774255	novel Bacteria	novel order	MetaPhlAn
GCA_021774255.1_genomic	metaphlan	class	Bray-Curtis distance	0.5	order	d__Bacteria;p__Pseudomonadota;c__Gammaproteobacteria;o__JAJFJF01;f__JAJFJF01;g__JAJFJF01;s__JAJFJF01 sp021774255	novel Bacteria	novel order	MetaPhlAn
GCA_021774255.1_genomic	metaphlan	order	Bray-Curtis distance	0.5	order	d__Bacteria;p__Pseudomonadota;c__Gammaproteobacteria;o__JAJFJF01;f__JAJFJF01;g__JAJFJF01;s__JAJFJF01 sp021774255	novel Bacteria	novel order	MetaPhlAn
GCA_021774255.1_genomic	metaphlan	family	Bray-Curtis distance	0.5	order	d__Bacteria;p__Pseudomonadota;c__Gammaproteobacteria;o__JAJFJF01;f__JAJFJF01;g__JAJFJF01;s__JAJFJF01 sp021774255	novel Bacteria	novel order	MetaPhlAn
GCA_021774255.1_genomic	metaphlan	genus	Bray-Curtis distance	0.5	order	d__Bacteria;p__Pseudomonadota;c__Gammaproteobacteria;o__JAJFJF01;f__JAJFJF01;g__JAJFJF01;s__JAJFJF01 sp021774255	novel Bacteria	novel order	MetaPhlAn
GCA_021774255.1_genomic	metaphlan	species	Bray-Curtis distance	0.5	order	d__Bacteria;p__Pseudomonadota;c__Gammaproteobacteria;o__JAJFJF01;f__JAJFJF01;g__JAJFJF01;s__JAJFJF01 sp021774255	novel Bacteria	novel order	MetaPhlAn
GCA_021774255.1_genomic	singlem	kingdom	Bray-Curtis distance	0.0208435507601766	order	d__Bacteria;p__Pseudomonadota;c__Gammaproteobacteria;o__JAJFJF01;f__JAJFJF01;g__JAJFJF01;s__JAJFJF01 sp021774255	novel Bacteria	novel order	SingleM
GCA_021774255.1_genomic	singlem	phylum	Bray-Curtis distance	0.0281551000246975	order	d__Bacteria;p__Pseudomonadota;c__Gammaproteobacteria;o__JAJFJF01;f__JAJFJF01;g__JAJFJF01;s__JAJFJF01 sp021774255	novel Bacteria	novel order	SingleM
GCA_021774255.1_genomic	singlem	class	Bray-Curtis distance	0.0297545251673692	order	d__Bacteria;p__Pseudomonadota;c__Gammaproteobacteria;o__JAJFJF01;f__JAJFJF01;g__JAJFJF01;s__JAJFJF01 sp021774255	novel Bacteria	novel order	SingleM
GCA_021774255.1_genomic	singlem	order	Bray-Curtis distance	0.357997481108312	order	d__Bacteria;p__Pseudomonadota;c__Gammaproteobacteria;o__JAJFJF01;f__JAJFJF01;g__JAJFJF01;s__JAJFJF01 sp021774255	novel Bacteria	novel order	SingleM
GCA_021774255.1_genomic	singlem	family	Bray-Curtis distance	0.34140826873385	order	d__Bacteria;p__Pseudomonadota;c__Gammaproteobacteria;o__JAJFJF01;f__JAJFJF01;g__JAJFJF01;s__JAJFJF01 sp021774255	novel Bacteria	novel order	SingleM
GCA_021774255.1_genomic	singlem	genus	Bray-Curtis distance	0.34140826873385	order	d__Bacteria;p__Pseudomonadota;c__Gammaproteobacteria;o__JAJFJF01;f__JAJFJF01;g__JAJFJF01;s__JAJFJF01 sp021774255	novel Bacteria	novel order	SingleM
GCA_021774255.1_genomic	singlem	species	Bray-Curtis distance	0.34140826873385	order	d__Bacteria;p__Pseudomonadota;c__Gammaproteobacteria;o__JAJFJF01;f__JAJFJF01;g__JAJFJF01;s__JAJFJF01 sp021774255	novel Bacteria	novel order	SingleM
GCA_021774255.1_genomic	singlem-regime3	kingdom	Bray-Curtis distance	0.00482968988307068	order	d__Bacteria;p__Pseudomonadota;c__Gammaproteobacteria;o__JAJFJF01;f__JAJFJF01;g__JAJFJF01;s__JAJFJF01 sp021774255	novel Bacteria	novel order	
GCA_021774255.1_genomic	singlem-regime3	phylum	Bray-Curtis distance	0.00482968988307068	order	d__Bacteria;p__Pseudomonadota;c__Gammaproteobacteria;o__JAJFJF01;f__JAJFJF01;g__JAJFJF01;s__JAJFJF01 sp021774255	novel Bacteria	novel order	
GCA_021774255.1_genomic	singlem-regime3	class	Bray-Curtis distance	0.00482968988307068	order	d__Bacteria;p__Pseudomonadota;c__Gammaproteobacteria;o__JAJFJF01;f__JAJFJF01;g__JAJFJF01;s__JAJFJF01 sp021774255	novel Bacteria	novel order	
GCA_021774255.1_genomic	singlem-regime3	order	Bray-Curtis distance	0.361156219551803	order	d__Bacteria;p__Pseudomonadota;c__Gammaproteobacteria;o__JAJFJF01;f__JAJFJF01;g__JAJFJF01;s__JAJFJF01 sp021774255	novel Bacteria	novel order	
GCA_021774255.1_genomic	singlem-regime3	family	Bray-Curtis distance	0.335472972972973	order	d__Bacteria;p__Pseudomonadota;c__Gammaproteobacteria;o__JAJFJF01;f__JAJFJF01;g__JAJFJF01;s__JAJFJF01 sp021774255	novel Bacteria	novel order	
GCA_021774255.1_genomic	singlem-regime3	genus	Bray-Curtis distance	0.335472972972973	order	d__Bacteria;p__Pseudomonadota;c__Gammaproteobacteria;o__JAJFJF01;f__JAJFJF01;g__JAJFJF01;s__JAJFJF01 sp021774255	novel Bacteria	novel order	
GCA_021774255.1_genomic	singlem-regime3	species	Bray-Curtis distance	0.335472972972973	order	d__Bacteria;p__Pseudomonadota;c__Gammaproteobacteria;o__JAJFJF01;f__JAJFJF01;g__JAJFJF01;s__JAJFJF01 sp021774255	novel Bacteria	novel order	
GCA_021779935.1_genomic	sylph	kingdom	Bray-Curtis distance	0.5	genus	d__Bacteria;p__Acidobacteriota;c__Terriglobia;o__Terriglobales;f__Koribacteraceae;g__JAJXZT01;s__JAJXZT01 sp021779935	novel Bacteria	novel genus	sylph
GCA_021779935.1_genomic	sylph	phylum	Bray-Curtis distance	0.5	genus	d__Bacteria;p__Acidobacteriota;c__Terriglobia;o__Terriglobales;f__Koribacteraceae;g__JAJXZT01;s__JAJXZT01 sp021779935	novel Bacteria	novel genus	sylph
GCA_021779935.1_genomic	sylph	class	Bray-Curtis distance	0.5	genus	d__Bacteria;p__Acidobacteriota;c__Terriglobia;o__Terriglobales;f__Koribacteraceae;g__JAJXZT01;s__JAJXZT01 sp021779935	novel Bacteria	novel genus	sylph
GCA_021779935.1_genomic	sylph	order	Bray-Curtis distance	0.5	genus	d__Bacteria;p__Acidobacteriota;c__Terriglobia;o__Terriglobales;f__Koribacteraceae;g__JAJXZT01;s__JAJXZT01 sp021779935	novel Bacteria	novel genus	sylph
GCA_021779935.1_genomic	sylph	family	Bray-Curtis distance	0.5	genus	d__Bacteria;p__Acidobacteriota;c__Terriglobia;o__Terriglobales;f__Koribacteraceae;g__JAJXZT01;s__JAJXZT01 sp021779935	novel Bacteria	novel genus	sylph
GCA_021779935.1_genomic	sylph	genus	Bray-Curtis distance	0.5	genus	d__Bacteria;p__Acidobacteriota;c__Terriglobia;o__Terriglobales;f__Koribacteraceae;g__JAJXZT01;s__JAJXZT01 sp021779935	novel Bacteria	novel genus	sylph
GCA_021779935.1_genomic	sylph	species	Bray-Curtis distance	0.5	genus	d__Bacteria;p__Acidobacteriota;c__Terriglobia;o__Terriglobales;f__Koribacteraceae;g__JAJXZT01;s__JAJXZT01 sp021779935	novel Bacteria	novel genus	sylph
GCA_021779935.1_genomic	metaphlan	kingdom	Bray-Curtis distance	0.5	genus	d__Bacteria;p__Acidobacteriota;c__Terriglobia;o__Terriglobales;f__Koribacteraceae;g__JAJXZT01;s__JAJXZT01 sp021779935	novel Bacteria	novel genus	MetaPhlAn
GCA_021779935.1_genomic	metaphlan	phylum	Bray-Curtis distance	0.5	genus	d__Bacteria;p__Acidobacteriota;c__Terriglobia;o__Terriglobales;f__Koribacteraceae;g__JAJXZT01;s__JAJXZT01 sp021779935	novel Bacteria	novel genus	MetaPhlAn
GCA_021779935.1_genomic	metaphlan	class	Bray-Curtis distance	0.5	genus	d__Bacteria;p__Acidobacteriota;c__Terriglobia;o__Terriglobales;f__Koribacteraceae;g__JAJXZT01;s__JAJXZT01 sp021779935	novel Bacteria	novel genus	MetaPhlAn
GCA_021779935.1_genomic	metaphlan	order	Bray-Curtis distance	0.5	genus	d__Bacteria;p__Acidobacteriota;c__Terriglobia;o__Terriglobales;f__Koribacteraceae;g__JAJXZT01;s__JAJXZT01 sp021779935	novel Bacteria	novel genus	MetaPhlAn
GCA_021779935.1_genomic	metaphlan	family	Bray-Curtis distance	0.5	genus	d__Bacteria;p__Acidobacteriota;c__Terriglobia;o__Terriglobales;f__Koribacteraceae;g__JAJXZT01;s__JAJXZT01 sp021779935	novel Bacteria	novel genus	MetaPhlAn
GCA_021779935.1_genomic	metaphlan	genus	Bray-Curtis distance	0.5	genus	d__Bacteria;p__Acidobacteriota;c__Terriglobia;o__Terriglobales;f__Koribacteraceae;g__JAJXZT01;s__JAJXZT01 sp021779935	novel Bacteria	novel genus	MetaPhlAn
GCA_021779935.1_genomic	metaphlan	species	Bray-Curtis distance	1	genus	d__Bacteria;p__Acidobacteriota;c__Terriglobia;o__Terriglobales;f__Koribacteraceae;g__JAJXZT01;s__JAJXZT01 sp021779935	novel Bacteria	novel genus	MetaPhlAn
GCA_021779935.1_genomic	singlem	kingdom	Bray-Curtis distance	0.012206572769953	genus	d__Bacteria;p__Acidobacteriota;c__Terriglobia;o__Terriglobales;f__Koribacteraceae;g__JAJXZT01;s__JAJXZT01 sp021779935	novel Bacteria	novel genus	SingleM
GCA_021779935.1_genomic	singlem	phylum	Bray-Curtis distance	0.0167064439140811	genus	d__Bacteria;p__Acidobacteriota;c__Terriglobia;o__Terriglobales;f__Koribacteraceae;g__JAJXZT01;s__JAJXZT01 sp021779935	novel Bacteria	novel genus	SingleM
GCA_021779935.1_genomic	singlem	class	Bray-Curtis distance	0.0167064439140811	genus	d__Bacteria;p__Acidobacteriota;c__Terriglobia;o__Terriglobales;f__Koribacteraceae;g__JAJXZT01;s__JAJXZT01 sp021779935	novel Bacteria	novel genus	SingleM
GCA_021779935.1_genomic	singlem	order	Bray-Curtis distance	0.0322267991276956	genus	d__Bacteria;p__Acidobacteriota;c__Terriglobia;o__Terriglobales;f__Koribacteraceae;g__JAJXZT01;s__JAJXZT01 sp021779935	novel Bacteria	novel genus	SingleM
GCA_021779935.1_genomic	singlem	family	Bray-Curtis distance	0.133	genus	d__Bacteria;p__Acidobacteriota;c__Terriglobia;o__Terriglobales;f__Koribacteraceae;g__JAJXZT01;s__JAJXZT01 sp021779935	novel Bacteria	novel genus	SingleM
GCA_021779935.1_genomic	singlem	genus	Bray-Curtis distance	0.430819316332067	genus	d__Bacteria;p__Acidobacteriota;c__Terriglobia;o__Terriglobales;f__Koribacteraceae;g__JAJXZT01;s__JAJXZT01 sp021779935	novel Bacteria	novel genus	SingleM
GCA_021779935.1_genomic	singlem	species	Bray-Curtis distance	0.340044039005977	genus	d__Bacteria;p__Acidobacteriota;c__Terriglobia;o__Terriglobales;f__Koribacteraceae;g__JAJXZT01;s__JAJXZT01 sp021779935	novel Bacteria	novel genus	SingleM
GCA_021779935.1_genomic	singlem-regime3	kingdom	Bray-Curtis distance	0.0511879049676025	genus	d__Bacteria;p__Acidobacteriota;c__Terriglobia;o__Terriglobales;f__Koribacteraceae;g__JAJXZT01;s__JAJXZT01 sp021779935	novel Bacteria	novel genus	
GCA_021779935.1_genomic	singlem-regime3	phylum	Bray-Curtis distance	0.0268352184519849	genus	d__Bacteria;p__Acidobacteriota;c__Terriglobia;o__Terriglobales;f__Koribacteraceae;g__JAJXZT01;s__JAJXZT01 sp021779935	novel Bacteria	novel genus	
GCA_021779935.1_genomic	singlem-regime3	class	Bray-Curtis distance	0.0268352184519849	genus	d__Bacteria;p__Acidobacteriota;c__Terriglobia;o__Terriglobales;f__Koribacteraceae;g__JAJXZT01;s__JAJXZT01 sp021779935	novel Bacteria	novel genus	
GCA_021779935.1_genomic	singlem-regime3	order	Bray-Curtis distance	0.0348681269557443	genus	d__Bacteria;p__Acidobacteriota;c__Terriglobia;o__Terriglobales;f__Koribacteraceae;g__JAJXZT01;s__JAJXZT01 sp021779935	novel Bacteria	novel genus	
GCA_021779935.1_genomic	singlem-regime3	family	Bray-Curtis distance	0.19764982373678	genus	d__Bacteria;p__Acidobacteriota;c__Terriglobia;o__Terriglobales;f__Koribacteraceae;g__JAJXZT01;s__JAJXZT01 sp021779935	novel Bacteria	novel genus	
GCA_021779935.1_genomic	singlem-regime3	genus	Bray-Curtis distance	0.483341621084038	genus	d__Bacteria;p__Acidobacteriota;c__Terriglobia;o__Terriglobales;f__Koribacteraceae;g__JAJXZT01;s__JAJXZT01 sp021779935	novel Bacteria	novel genus	
GCA_021779935.1_genomic	singlem-regime3	species	Bray-Curtis distance	0.400483968542045	genus	d__Bacteria;p__Acidobacteriota;c__Terriglobia;o__Terriglobales;f__Koribacteraceae;g__JAJXZT01;s__JAJXZT01 sp021779935	novel Bacteria	novel genus	
GCA_021787335.1_genomic	sylph	kingdom	Bray-Curtis distance	0.5	class	d__Bacteria;p__Bacillota_E;c__JAJYWN01;o__JAJYWN01;f__JAJZPE01;g__JAJZPE01;s__JAJZPE01 sp021787335	novel Bacteria	novel class	sylph
GCA_021787335.1_genomic	sylph	phylum	Bray-Curtis distance	0.5	class	d__Bacteria;p__Bacillota_E;c__JAJYWN01;o__JAJYWN01;f__JAJZPE01;g__JAJZPE01;s__JAJZPE01 sp021787335	novel Bacteria	novel class	sylph
GCA_021787335.1_genomic	sylph	class	Bray-Curtis distance	0.5	class	d__Bacteria;p__Bacillota_E;c__JAJYWN01;o__JAJYWN01;f__JAJZPE01;g__JAJZPE01;s__JAJZPE01 sp021787335	novel Bacteria	novel class	sylph
GCA_021787335.1_genomic	sylph	order	Bray-Curtis distance	0.5	class	d__Bacteria;p__Bacillota_E;c__JAJYWN01;o__JAJYWN01;f__JAJZPE01;g__JAJZPE01;s__JAJZPE01 sp021787335	novel Bacteria	novel class	sylph
GCA_021787335.1_genomic	sylph	family	Bray-Curtis distance	0.5	class	d__Bacteria;p__Bacillota_E;c__JAJYWN01;o__JAJYWN01;f__JAJZPE01;g__JAJZPE01;s__JAJZPE01 sp021787335	novel Bacteria	novel class	sylph
GCA_021787335.1_genomic	sylph	genus	Bray-Curtis distance	0.5	class	d__Bacteria;p__Bacillota_E;c__JAJYWN01;o__JAJYWN01;f__JAJZPE01;g__JAJZPE01;s__JAJZPE01 sp021787335	novel Bacteria	novel class	sylph
GCA_021787335.1_genomic	sylph	species	Bray-Curtis distance	0.5	class	d__Bacteria;p__Bacillota_E;c__JAJYWN01;o__JAJYWN01;f__JAJZPE01;g__JAJZPE01;s__JAJZPE01 sp021787335	novel Bacteria	novel class	sylph
GCA_021787335.1_genomic	metaphlan	kingdom	Bray-Curtis distance	0.5	class	d__Bacteria;p__Bacillota_E;c__JAJYWN01;o__JAJYWN01;f__JAJZPE01;g__JAJZPE01;s__JAJZPE01 sp021787335	novel Bacteria	novel class	MetaPhlAn
GCA_021787335.1_genomic	metaphlan	phylum	Bray-Curtis distance	0.5	class	d__Bacteria;p__Bacillota_E;c__JAJYWN01;o__JAJYWN01;f__JAJZPE01;g__JAJZPE01;s__JAJZPE01 sp021787335	novel Bacteria	novel class	MetaPhlAn
GCA_021787335.1_genomic	metaphlan	class	Bray-Curtis distance	0.5	class	d__Bacteria;p__Bacillota_E;c__JAJYWN01;o__JAJYWN01;f__JAJZPE01;g__JAJZPE01;s__JAJZPE01 sp021787335	novel Bacteria	novel class	MetaPhlAn
GCA_021787335.1_genomic	metaphlan	order	Bray-Curtis distance	0.5	class	d__Bacteria;p__Bacillota_E;c__JAJYWN01;o__JAJYWN01;f__JAJZPE01;g__JAJZPE01;s__JAJZPE01 sp021787335	novel Bacteria	novel class	MetaPhlAn
GCA_021787335.1_genomic	metaphlan	family	Bray-Curtis distance	0.5	class	d__Bacteria;p__Bacillota_E;c__JAJYWN01;o__JAJYWN01;f__JAJZPE01;g__JAJZPE01;s__JAJZPE01 sp021787335	novel Bacteria	novel class	MetaPhlAn
GCA_021787335.1_genomic	metaphlan	genus	Bray-Curtis distance	0.5	class	d__Bacteria;p__Bacillota_E;c__JAJYWN01;o__JAJYWN01;f__JAJZPE01;g__JAJZPE01;s__JAJZPE01 sp021787335	novel Bacteria	novel class	MetaPhlAn
GCA_021787335.1_genomic	metaphlan	species	Bray-Curtis distance	0.5	class	d__Bacteria;p__Bacillota_E;c__JAJYWN01;o__JAJYWN01;f__JAJZPE01;g__JAJZPE01;s__JAJZPE01 sp021787335	novel Bacteria	novel class	MetaPhlAn
GCA_021787335.1_genomic	singlem	kingdom	Bray-Curtis distance	0.0149415331312256	class	d__Bacteria;p__Bacillota_E;c__JAJYWN01;o__JAJYWN01;f__JAJZPE01;g__JAJZPE01;s__JAJZPE01 sp021787335	novel Bacteria	novel class	SingleM
GCA_021787335.1_genomic	singlem	phylum	Bray-Curtis distance	0.33860103626943	class	d__Bacteria;p__Bacillota_E;c__JAJYWN01;o__JAJYWN01;f__JAJZPE01;g__JAJZPE01;s__JAJZPE01 sp021787335	novel Bacteria	novel class	SingleM
GCA_021787335.1_genomic	singlem	class	Bray-Curtis distance	0.307844803171906	class	d__Bacteria;p__Bacillota_E;c__JAJYWN01;o__JAJYWN01;f__JAJZPE01;g__JAJZPE01;s__JAJZPE01 sp021787335	novel Bacteria	novel class	SingleM
GCA_021787335.1_genomic	singlem	order	Bray-Curtis distance	0.334682080924856	class	d__Bacteria;p__Bacillota_E;c__JAJYWN01;o__JAJYWN01;f__JAJZPE01;g__JAJZPE01;s__JAJZPE01 sp021787335	novel Bacteria	novel class	SingleM
GCA_021787335.1_genomic	singlem	family	Bray-Curtis distance	0.334682080924856	class	d__Bacteria;p__Bacillota_E;c__JAJYWN01;o__JAJYWN01;f__JAJZPE01;g__JAJZPE01;s__JAJZPE01 sp021787335	novel Bacteria	novel class	SingleM
GCA_021787335.1_genomic	singlem	genus	Bray-Curtis distance	0.334682080924856	class	d__Bacteria;p__Bacillota_E;c__JAJYWN01;o__JAJYWN01;f__JAJZPE01;g__JAJZPE01;s__JAJZPE01 sp021787335	novel Bacteria	novel class	SingleM
GCA_021787335.1_genomic	singlem	species	Bray-Curtis distance	0.334682080924856	class	d__Bacteria;p__Bacillota_E;c__JAJYWN01;o__JAJYWN01;f__JAJZPE01;g__JAJZPE01;s__JAJZPE01 sp021787335	novel Bacteria	novel class	SingleM
GCA_021787335.1_genomic	singlem-regime3	kingdom	Bray-Curtis distance	0.0360397680198841	class	d__Bacteria;p__Bacillota_E;c__JAJYWN01;o__JAJYWN01;f__JAJZPE01;g__JAJZPE01;s__JAJZPE01 sp021787335	novel Bacteria	novel class	
GCA_021787335.1_genomic	singlem-regime3	phylum	Bray-Curtis distance	0.420914094280929	class	d__Bacteria;p__Bacillota_E;c__JAJYWN01;o__JAJYWN01;f__JAJZPE01;g__JAJZPE01;s__JAJZPE01 sp021787335	novel Bacteria	novel class	
GCA_021787335.1_genomic	singlem-regime3	class	Bray-Curtis distance	0.378850102669405	class	d__Bacteria;p__Bacillota_E;c__JAJYWN01;o__JAJYWN01;f__JAJZPE01;g__JAJZPE01;s__JAJZPE01 sp021787335	novel Bacteria	novel class	
GCA_021787335.1_genomic	singlem-regime3	order	Bray-Curtis distance	0.366157328805886	class	d__Bacteria;p__Bacillota_E;c__JAJYWN01;o__JAJYWN01;f__JAJZPE01;g__JAJZPE01;s__JAJZPE01 sp021787335	novel Bacteria	novel class	
GCA_021787335.1_genomic	singlem-regime3	family	Bray-Curtis distance	0.366157328805886	class	d__Bacteria;p__Bacillota_E;c__JAJYWN01;o__JAJYWN01;f__JAJZPE01;g__JAJZPE01;s__JAJZPE01 sp021787335	novel Bacteria	novel class	
GCA_021787335.1_genomic	singlem-regime3	genus	Bray-Curtis distance	0.366157328805886	class	d__Bacteria;p__Bacillota_E;c__JAJYWN01;o__JAJYWN01;f__JAJZPE01;g__JAJZPE01;s__JAJZPE01 sp021787335	novel Bacteria	novel class	
GCA_021787335.1_genomic	singlem-regime3	species	Bray-Curtis distance	0.366157328805886	class	d__Bacteria;p__Bacillota_E;c__JAJYWN01;o__JAJYWN01;f__JAJZPE01;g__JAJZPE01;s__JAJZPE01 sp021787335	novel Bacteria	novel class	
GCA_021787655.1_genomic	sylph	kingdom	Bray-Curtis distance	0.5	phylum	d__Bacteria;p__JAMCPX01;c__JAMCPX01;o__JAMCPX01;f__JAMCPX01;g__JAJYLM01;s__JAJYLM01 sp021787655	novel Bacteria	novel phylum	sylph
GCA_021787655.1_genomic	sylph	phylum	Bray-Curtis distance	0.5	phylum	d__Bacteria;p__JAMCPX01;c__JAMCPX01;o__JAMCPX01;f__JAMCPX01;g__JAJYLM01;s__JAJYLM01 sp021787655	novel Bacteria	novel phylum	sylph
GCA_021787655.1_genomic	sylph	class	Bray-Curtis distance	0.5	phylum	d__Bacteria;p__JAMCPX01;c__JAMCPX01;o__JAMCPX01;f__JAMCPX01;g__JAJYLM01;s__JAJYLM01 sp021787655	novel Bacteria	novel phylum	sylph
GCA_021787655.1_genomic	sylph	order	Bray-Curtis distance	0.5	phylum	d__Bacteria;p__JAMCPX01;c__JAMCPX01;o__JAMCPX01;f__JAMCPX01;g__JAJYLM01;s__JAJYLM01 sp021787655	novel Bacteria	novel phylum	sylph
GCA_021787655.1_genomic	sylph	family	Bray-Curtis distance	0.5	phylum	d__Bacteria;p__JAMCPX01;c__JAMCPX01;o__JAMCPX01;f__JAMCPX01;g__JAJYLM01;s__JAJYLM01 sp021787655	novel Bacteria	novel phylum	sylph
GCA_021787655.1_genomic	sylph	genus	Bray-Curtis distance	0.5	phylum	d__Bacteria;p__JAMCPX01;c__JAMCPX01;o__JAMCPX01;f__JAMCPX01;g__JAJYLM01;s__JAJYLM01 sp021787655	novel Bacteria	novel phylum	sylph
GCA_021787655.1_genomic	sylph	species	Bray-Curtis distance	0.5	phylum	d__Bacteria;p__JAMCPX01;c__JAMCPX01;o__JAMCPX01;f__JAMCPX01;g__JAJYLM01;s__JAJYLM01 sp021787655	novel Bacteria	novel phylum	sylph
GCA_021787655.1_genomic	metaphlan	kingdom	Bray-Curtis distance	0.5	phylum	d__Bacteria;p__JAMCPX01;c__JAMCPX01;o__JAMCPX01;f__JAMCPX01;g__JAJYLM01;s__JAJYLM01 sp021787655	novel Bacteria	novel phylum	MetaPhlAn
GCA_021787655.1_genomic	metaphlan	phylum	Bray-Curtis distance	0.5	phylum	d__Bacteria;p__JAMCPX01;c__JAMCPX01;o__JAMCPX01;f__JAMCPX01;g__JAJYLM01;s__JAJYLM01 sp021787655	novel Bacteria	novel phylum	MetaPhlAn
GCA_021787655.1_genomic	metaphlan	class	Bray-Curtis distance	0.5	phylum	d__Bacteria;p__JAMCPX01;c__JAMCPX01;o__JAMCPX01;f__JAMCPX01;g__JAJYLM01;s__JAJYLM01 sp021787655	novel Bacteria	novel phylum	MetaPhlAn
GCA_021787655.1_genomic	metaphlan	order	Bray-Curtis distance	0.5	phylum	d__Bacteria;p__JAMCPX01;c__JAMCPX01;o__JAMCPX01;f__JAMCPX01;g__JAJYLM01;s__JAJYLM01 sp021787655	novel Bacteria	novel phylum	MetaPhlAn
GCA_021787655.1_genomic	metaphlan	family	Bray-Curtis distance	0.5	phylum	d__Bacteria;p__JAMCPX01;c__JAMCPX01;o__JAMCPX01;f__JAMCPX01;g__JAJYLM01;s__JAJYLM01 sp021787655	novel Bacteria	novel phylum	MetaPhlAn
GCA_021787655.1_genomic	metaphlan	genus	Bray-Curtis distance	0.5	phylum	d__Bacteria;p__JAMCPX01;c__JAMCPX01;o__JAMCPX01;f__JAMCPX01;g__JAJYLM01;s__JAJYLM01 sp021787655	novel Bacteria	novel phylum	MetaPhlAn
GCA_021787655.1_genomic	metaphlan	species	Bray-Curtis distance	0.5	phylum	d__Bacteria;p__JAMCPX01;c__JAMCPX01;o__JAMCPX01;f__JAMCPX01;g__JAJYLM01;s__JAJYLM01 sp021787655	novel Bacteria	novel phylum	MetaPhlAn
GCA_021787655.1_genomic	singlem	kingdom	Bray-Curtis distance	0.0124637681159421	phylum	d__Bacteria;p__JAMCPX01;c__JAMCPX01;o__JAMCPX01;f__JAMCPX01;g__JAJYLM01;s__JAJYLM01 sp021787655	novel Bacteria	novel phylum	SingleM
GCA_021787655.1_genomic	singlem	phylum	Bray-Curtis distance	0.339285714285714	phylum	d__Bacteria;p__JAMCPX01;c__JAMCPX01;o__JAMCPX01;f__JAMCPX01;g__JAJYLM01;s__JAJYLM01 sp021787655	novel Bacteria	novel phylum	SingleM
GCA_021787655.1_genomic	singlem	class	Bray-Curtis distance	0.339285714285714	phylum	d__Bacteria;p__JAMCPX01;c__JAMCPX01;o__JAMCPX01;f__JAMCPX01;g__JAJYLM01;s__JAJYLM01 sp021787655	novel Bacteria	novel phylum	SingleM
GCA_021787655.1_genomic	singlem	order	Bray-Curtis distance	0.339285714285714	phylum	d__Bacteria;p__JAMCPX01;c__JAMCPX01;o__JAMCPX01;f__JAMCPX01;g__JAJYLM01;s__JAJYLM01 sp021787655	novel Bacteria	novel phylum	SingleM
GCA_021787655.1_genomic	singlem	family	Bray-Curtis distance	0.344505066250974	phylum	d__Bacteria;p__JAMCPX01;c__JAMCPX01;o__JAMCPX01;f__JAMCPX01;g__JAJYLM01;s__JAJYLM01 sp021787655	novel Bacteria	novel phylum	SingleM
GCA_021787655.1_genomic	singlem	genus	Bray-Curtis distance	0.344505066250974	phylum	d__Bacteria;p__JAMCPX01;c__JAMCPX01;o__JAMCPX01;f__JAMCPX01;g__JAJYLM01;s__JAJYLM01 sp021787655	novel Bacteria	novel phylum	SingleM
GCA_021787655.1_genomic	singlem	species	Bray-Curtis distance	0.344505066250974	phylum	d__Bacteria;p__JAMCPX01;c__JAMCPX01;o__JAMCPX01;f__JAMCPX01;g__JAJYLM01;s__JAJYLM01 sp021787655	novel Bacteria	novel phylum	SingleM
GCA_021787655.1_genomic	singlem-regime3	kingdom	Bray-Curtis distance	0.0370581527936146	phylum	d__Bacteria;p__JAMCPX01;c__JAMCPX01;o__JAMCPX01;f__JAMCPX01;g__JAJYLM01;s__JAJYLM01 sp021787655	novel Bacteria	novel phylum	
GCA_021787655.1_genomic	singlem-regime3	phylum	Bray-Curtis distance	0.349406528189911	phylum	d__Bacteria;p__JAMCPX01;c__JAMCPX01;o__JAMCPX01;f__JAMCPX01;g__JAJYLM01;s__JAJYLM01 sp021787655	novel Bacteria	novel phylum	
GCA_021787655.1_genomic	singlem-regime3	class	Bray-Curtis distance	0.349406528189911	phylum	d__Bacteria;p__JAMCPX01;c__JAMCPX01;o__JAMCPX01;f__JAMCPX01;g__JAJYLM01;s__JAJYLM01 sp021787655	novel Bacteria	novel phylum	
GCA_021787655.1_genomic	singlem-regime3	order	Bray-Curtis distance	0.349406528189911	phylum	d__Bacteria;p__JAMCPX01;c__JAMCPX01;o__JAMCPX01;f__JAMCPX01;g__JAJYLM01;s__JAJYLM01 sp021787655	novel Bacteria	novel phylum	
GCA_021787655.1_genomic	singlem-regime3	family	Bray-Curtis distance	0.349406528189911	phylum	d__Bacteria;p__JAMCPX01;c__JAMCPX01;o__JAMCPX01;f__JAMCPX01;g__JAJYLM01;s__JAJYLM01 sp021787655	novel Bacteria	novel phylum	
GCA_021787655.1_genomic	singlem-regime3	genus	Bray-Curtis distance	0.349406528189911	phylum	d__Bacteria;p__JAMCPX01;c__JAMCPX01;o__JAMCPX01;f__JAMCPX01;g__JAJYLM01;s__JAJYLM01 sp021787655	novel Bacteria	novel phylum	
GCA_021787655.1_genomic	singlem-regime3	species	Bray-Curtis distance	0.340105342362679	phylum	d__Bacteria;p__JAMCPX01;c__JAMCPX01;o__JAMCPX01;f__JAMCPX01;g__JAJYLM01;s__JAJYLM01 sp021787655	novel Bacteria	novel phylum	
GCA_021787665.1_genomic	sylph	kingdom	Bray-Curtis distance	0.5	phylum	d__Bacteria;p__JAMCPX01;c__JAMCPX01;o__JAMCPX01;f__JAMCPX01;g__JAMCVD01;s__JAMCVD01 sp021787665	novel Bacteria	novel phylum	sylph
GCA_021787665.1_genomic	sylph	phylum	Bray-Curtis distance	0.5	phylum	d__Bacteria;p__JAMCPX01;c__JAMCPX01;o__JAMCPX01;f__JAMCPX01;g__JAMCVD01;s__JAMCVD01 sp021787665	novel Bacteria	novel phylum	sylph
GCA_021787665.1_genomic	sylph	class	Bray-Curtis distance	0.5	phylum	d__Bacteria;p__JAMCPX01;c__JAMCPX01;o__JAMCPX01;f__JAMCPX01;g__JAMCVD01;s__JAMCVD01 sp021787665	novel Bacteria	novel phylum	sylph
GCA_021787665.1_genomic	sylph	order	Bray-Curtis distance	0.5	phylum	d__Bacteria;p__JAMCPX01;c__JAMCPX01;o__JAMCPX01;f__JAMCPX01;g__JAMCVD01;s__JAMCVD01 sp021787665	novel Bacteria	novel phylum	sylph
GCA_021787665.1_genomic	sylph	family	Bray-Curtis distance	0.5	phylum	d__Bacteria;p__JAMCPX01;c__JAMCPX01;o__JAMCPX01;f__JAMCPX01;g__JAMCVD01;s__JAMCVD01 sp021787665	novel Bacteria	novel phylum	sylph
GCA_021787665.1_genomic	sylph	genus	Bray-Curtis distance	0.5	phylum	d__Bacteria;p__JAMCPX01;c__JAMCPX01;o__JAMCPX01;f__JAMCPX01;g__JAMCVD01;s__JAMCVD01 sp021787665	novel Bacteria	novel phylum	sylph
GCA_021787665.1_genomic	sylph	species	Bray-Curtis distance	0.5	phylum	d__Bacteria;p__JAMCPX01;c__JAMCPX01;o__JAMCPX01;f__JAMCPX01;g__JAMCVD01;s__JAMCVD01 sp021787665	novel Bacteria	novel phylum	sylph
GCA_021787665.1_genomic	metaphlan	kingdom	Bray-Curtis distance	0.5	phylum	d__Bacteria;p__JAMCPX01;c__JAMCPX01;o__JAMCPX01;f__JAMCPX01;g__JAMCVD01;s__JAMCVD01 sp021787665	novel Bacteria	novel phylum	MetaPhlAn
GCA_021787665.1_genomic	metaphlan	phylum	Bray-Curtis distance	0.5	phylum	d__Bacteria;p__JAMCPX01;c__JAMCPX01;o__JAMCPX01;f__JAMCPX01;g__JAMCVD01;s__JAMCVD01 sp021787665	novel Bacteria	novel phylum	MetaPhlAn
GCA_021787665.1_genomic	metaphlan	class	Bray-Curtis distance	0.5	phylum	d__Bacteria;p__JAMCPX01;c__JAMCPX01;o__JAMCPX01;f__JAMCPX01;g__JAMCVD01;s__JAMCVD01 sp021787665	novel Bacteria	novel phylum	MetaPhlAn
GCA_021787665.1_genomic	metaphlan	order	Bray-Curtis distance	0.5	phylum	d__Bacteria;p__JAMCPX01;c__JAMCPX01;o__JAMCPX01;f__JAMCPX01;g__JAMCVD01;s__JAMCVD01 sp021787665	novel Bacteria	novel phylum	MetaPhlAn
GCA_021787665.1_genomic	metaphlan	family	Bray-Curtis distance	0.5	phylum	d__Bacteria;p__JAMCPX01;c__JAMCPX01;o__JAMCPX01;f__JAMCPX01;g__JAMCVD01;s__JAMCVD01 sp021787665	novel Bacteria	novel phylum	MetaPhlAn
GCA_021787665.1_genomic	metaphlan	genus	Bray-Curtis distance	0.5	phylum	d__Bacteria;p__JAMCPX01;c__JAMCPX01;o__JAMCPX01;f__JAMCPX01;g__JAMCVD01;s__JAMCVD01 sp021787665	novel Bacteria	novel phylum	MetaPhlAn
GCA_021787665.1_genomic	metaphlan	species	Bray-Curtis distance	0.5	phylum	d__Bacteria;p__JAMCPX01;c__JAMCPX01;o__JAMCPX01;f__JAMCPX01;g__JAMCVD01;s__JAMCVD01 sp021787665	novel Bacteria	novel phylum	MetaPhlAn
GCA_021787665.1_genomic	singlem	kingdom	Bray-Curtis distance	0.0253292806484296	phylum	d__Bacteria;p__JAMCPX01;c__JAMCPX01;o__JAMCPX01;f__JAMCPX01;g__JAMCVD01;s__JAMCVD01 sp021787665	novel Bacteria	novel phylum	SingleM
GCA_021787665.1_genomic	singlem	phylum	Bray-Curtis distance	0.390839184219325	phylum	d__Bacteria;p__JAMCPX01;c__JAMCPX01;o__JAMCPX01;f__JAMCPX01;g__JAMCVD01;s__JAMCVD01 sp021787665	novel Bacteria	novel phylum	SingleM
GCA_021787665.1_genomic	singlem	class	Bray-Curtis distance	0.368457538994801	phylum	d__Bacteria;p__JAMCPX01;c__JAMCPX01;o__JAMCPX01;f__JAMCPX01;g__JAMCVD01;s__JAMCVD01 sp021787665	novel Bacteria	novel phylum	SingleM
GCA_021787665.1_genomic	singlem	order	Bray-Curtis distance	0.368457538994801	phylum	d__Bacteria;p__JAMCPX01;c__JAMCPX01;o__JAMCPX01;f__JAMCPX01;g__JAMCVD01;s__JAMCVD01 sp021787665	novel Bacteria	novel phylum	SingleM
GCA_021787665.1_genomic	singlem	family	Bray-Curtis distance	0.368457538994801	phylum	d__Bacteria;p__JAMCPX01;c__JAMCPX01;o__JAMCPX01;f__JAMCPX01;g__JAMCVD01;s__JAMCVD01 sp021787665	novel Bacteria	novel phylum	SingleM
GCA_021787665.1_genomic	singlem	genus	Bray-Curtis distance	0.368457538994801	phylum	d__Bacteria;p__JAMCPX01;c__JAMCPX01;o__JAMCPX01;f__JAMCPX01;g__JAMCVD01;s__JAMCVD01 sp021787665	novel Bacteria	novel phylum	SingleM
GCA_021787665.1_genomic	singlem	species	Bray-Curtis distance	0.368457538994801	phylum	d__Bacteria;p__JAMCPX01;c__JAMCPX01;o__JAMCPX01;f__JAMCPX01;g__JAMCVD01;s__JAMCVD01 sp021787665	novel Bacteria	novel phylum	SingleM
GCA_021787665.1_genomic	singlem-regime3	kingdom	Bray-Curtis distance	0.0307612095933264	phylum	d__Bacteria;p__JAMCPX01;c__JAMCPX01;o__JAMCPX01;f__JAMCPX01;g__JAMCVD01;s__JAMCVD01 sp021787665	novel Bacteria	novel phylum	
GCA_021787665.1_genomic	singlem-regime3	phylum	Bray-Curtis distance	0.435213675213675	phylum	d__Bacteria;p__JAMCPX01;c__JAMCPX01;o__JAMCPX01;f__JAMCPX01;g__JAMCVD01;s__JAMCVD01 sp021787665	novel Bacteria	novel phylum	
GCA_021787665.1_genomic	singlem-regime3	class	Bray-Curtis distance	0.397959183673469	phylum	d__Bacteria;p__JAMCPX01;c__JAMCPX01;o__JAMCPX01;f__JAMCPX01;g__JAMCVD01;s__JAMCVD01 sp021787665	novel Bacteria	novel phylum	
GCA_021787665.1_genomic	singlem-regime3	order	Bray-Curtis distance	0.397959183673469	phylum	d__Bacteria;p__JAMCPX01;c__JAMCPX01;o__JAMCPX01;f__JAMCPX01;g__JAMCVD01;s__JAMCVD01 sp021787665	novel Bacteria	novel phylum	
GCA_021787665.1_genomic	singlem-regime3	family	Bray-Curtis distance	0.397959183673469	phylum	d__Bacteria;p__JAMCPX01;c__JAMCPX01;o__JAMCPX01;f__JAMCPX01;g__JAMCVD01;s__JAMCVD01 sp021787665	novel Bacteria	novel phylum	
GCA_021787665.1_genomic	singlem-regime3	genus	Bray-Curtis distance	0.397959183673469	phylum	d__Bacteria;p__JAMCPX01;c__JAMCPX01;o__JAMCPX01;f__JAMCPX01;g__JAMCVD01;s__JAMCVD01 sp021787665	novel Bacteria	novel phylum	
GCA_021787665.1_genomic	singlem-regime3	species	Bray-Curtis distance	0.397959183673469	phylum	d__Bacteria;p__JAMCPX01;c__JAMCPX01;o__JAMCPX01;f__JAMCPX01;g__JAMCVD01;s__JAMCVD01 sp021787665	novel Bacteria	novel phylum	
GCA_021789095.1_genomic	sylph	kingdom	Bray-Curtis distance	0.5	phylum	d__Bacteria;p__JAMCPX01;c__JAMCPX01;o__JAMCPX01;f__JAMCPX01;g__JAJYJX01;s__JAJYJX01 sp021789095	novel Bacteria	novel phylum	sylph
GCA_021789095.1_genomic	sylph	phylum	Bray-Curtis distance	0.5	phylum	d__Bacteria;p__JAMCPX01;c__JAMCPX01;o__JAMCPX01;f__JAMCPX01;g__JAJYJX01;s__JAJYJX01 sp021789095	novel Bacteria	novel phylum	sylph
GCA_021789095.1_genomic	sylph	class	Bray-Curtis distance	0.5	phylum	d__Bacteria;p__JAMCPX01;c__JAMCPX01;o__JAMCPX01;f__JAMCPX01;g__JAJYJX01;s__JAJYJX01 sp021789095	novel Bacteria	novel phylum	sylph
GCA_021789095.1_genomic	sylph	order	Bray-Curtis distance	0.5	phylum	d__Bacteria;p__JAMCPX01;c__JAMCPX01;o__JAMCPX01;f__JAMCPX01;g__JAJYJX01;s__JAJYJX01 sp021789095	novel Bacteria	novel phylum	sylph
GCA_021789095.1_genomic	sylph	family	Bray-Curtis distance	0.5	phylum	d__Bacteria;p__JAMCPX01;c__JAMCPX01;o__JAMCPX01;f__JAMCPX01;g__JAJYJX01;s__JAJYJX01 sp021789095	novel Bacteria	novel phylum	sylph
GCA_021789095.1_genomic	sylph	genus	Bray-Curtis distance	0.5	phylum	d__Bacteria;p__JAMCPX01;c__JAMCPX01;o__JAMCPX01;f__JAMCPX01;g__JAJYJX01;s__JAJYJX01 sp021789095	novel Bacteria	novel phylum	sylph
GCA_021789095.1_genomic	sylph	species	Bray-Curtis distance	0.5	phylum	d__Bacteria;p__JAMCPX01;c__JAMCPX01;o__JAMCPX01;f__JAMCPX01;g__JAJYJX01;s__JAJYJX01 sp021789095	novel Bacteria	novel phylum	sylph
GCA_021789095.1_genomic	metaphlan	kingdom	Bray-Curtis distance	0.5	phylum	d__Bacteria;p__JAMCPX01;c__JAMCPX01;o__JAMCPX01;f__JAMCPX01;g__JAJYJX01;s__JAJYJX01 sp021789095	novel Bacteria	novel phylum	MetaPhlAn
GCA_021789095.1_genomic	metaphlan	phylum	Bray-Curtis distance	0.5	phylum	d__Bacteria;p__JAMCPX01;c__JAMCPX01;o__JAMCPX01;f__JAMCPX01;g__JAJYJX01;s__JAJYJX01 sp021789095	novel Bacteria	novel phylum	MetaPhlAn
GCA_021789095.1_genomic	metaphlan	class	Bray-Curtis distance	0.5	phylum	d__Bacteria;p__JAMCPX01;c__JAMCPX01;o__JAMCPX01;f__JAMCPX01;g__JAJYJX01;s__JAJYJX01 sp021789095	novel Bacteria	novel phylum	MetaPhlAn
GCA_021789095.1_genomic	metaphlan	order	Bray-Curtis distance	0.5	phylum	d__Bacteria;p__JAMCPX01;c__JAMCPX01;o__JAMCPX01;f__JAMCPX01;g__JAJYJX01;s__JAJYJX01 sp021789095	novel Bacteria	novel phylum	MetaPhlAn
GCA_021789095.1_genomic	metaphlan	family	Bray-Curtis distance	0.5	phylum	d__Bacteria;p__JAMCPX01;c__JAMCPX01;o__JAMCPX01;f__JAMCPX01;g__JAJYJX01;s__JAJYJX01 sp021789095	novel Bacteria	novel phylum	MetaPhlAn
GCA_021789095.1_genomic	metaphlan	genus	Bray-Curtis distance	0.5	phylum	d__Bacteria;p__JAMCPX01;c__JAMCPX01;o__JAMCPX01;f__JAMCPX01;g__JAJYJX01;s__JAJYJX01 sp021789095	novel Bacteria	novel phylum	MetaPhlAn
GCA_021789095.1_genomic	metaphlan	species	Bray-Curtis distance	0.5	phylum	d__Bacteria;p__JAMCPX01;c__JAMCPX01;o__JAMCPX01;f__JAMCPX01;g__JAJYJX01;s__JAJYJX01 sp021789095	novel Bacteria	novel phylum	MetaPhlAn
GCA_021789095.1_genomic	singlem	kingdom	Bray-Curtis distance	0.0340909090909091	phylum	d__Bacteria;p__JAMCPX01;c__JAMCPX01;o__JAMCPX01;f__JAMCPX01;g__JAJYJX01;s__JAJYJX01 sp021789095	novel Bacteria	novel phylum	SingleM
GCA_021789095.1_genomic	singlem	phylum	Bray-Curtis distance	0.345840707964602	phylum	d__Bacteria;p__JAMCPX01;c__JAMCPX01;o__JAMCPX01;f__JAMCPX01;g__JAJYJX01;s__JAJYJX01 sp021789095	novel Bacteria	novel phylum	SingleM
GCA_021789095.1_genomic	singlem	class	Bray-Curtis distance	0.342348754448399	phylum	d__Bacteria;p__JAMCPX01;c__JAMCPX01;o__JAMCPX01;f__JAMCPX01;g__JAJYJX01;s__JAJYJX01 sp021789095	novel Bacteria	novel phylum	SingleM
GCA_021789095.1_genomic	singlem	order	Bray-Curtis distance	0.342348754448399	phylum	d__Bacteria;p__JAMCPX01;c__JAMCPX01;o__JAMCPX01;f__JAMCPX01;g__JAJYJX01;s__JAJYJX01 sp021789095	novel Bacteria	novel phylum	SingleM
GCA_021789095.1_genomic	singlem	family	Bray-Curtis distance	0.342348754448399	phylum	d__Bacteria;p__JAMCPX01;c__JAMCPX01;o__JAMCPX01;f__JAMCPX01;g__JAJYJX01;s__JAJYJX01 sp021789095	novel Bacteria	novel phylum	SingleM
GCA_021789095.1_genomic	singlem	genus	Bray-Curtis distance	0.342348754448399	phylum	d__Bacteria;p__JAMCPX01;c__JAMCPX01;o__JAMCPX01;f__JAMCPX01;g__JAJYJX01;s__JAJYJX01 sp021789095	novel Bacteria	novel phylum	SingleM
GCA_021789095.1_genomic	singlem	species	Bray-Curtis distance	0.342348754448399	phylum	d__Bacteria;p__JAMCPX01;c__JAMCPX01;o__JAMCPX01;f__JAMCPX01;g__JAJYJX01;s__JAJYJX01 sp021789095	novel Bacteria	novel phylum	SingleM
GCA_021789095.1_genomic	singlem-regime3	kingdom	Bray-Curtis distance	0.0479744136460554	phylum	d__Bacteria;p__JAMCPX01;c__JAMCPX01;o__JAMCPX01;f__JAMCPX01;g__JAJYJX01;s__JAJYJX01 sp021789095	novel Bacteria	novel phylum	
GCA_021789095.1_genomic	singlem-regime3	phylum	Bray-Curtis distance	0.40387670797585	phylum	d__Bacteria;p__JAMCPX01;c__JAMCPX01;o__JAMCPX01;f__JAMCPX01;g__JAJYJX01;s__JAJYJX01 sp021789095	novel Bacteria	novel phylum	
GCA_021789095.1_genomic	singlem-regime3	class	Bray-Curtis distance	0.350415512465374	phylum	d__Bacteria;p__JAMCPX01;c__JAMCPX01;o__JAMCPX01;f__JAMCPX01;g__JAJYJX01;s__JAJYJX01 sp021789095	novel Bacteria	novel phylum	
GCA_021789095.1_genomic	singlem-regime3	order	Bray-Curtis distance	0.350415512465374	phylum	d__Bacteria;p__JAMCPX01;c__JAMCPX01;o__JAMCPX01;f__JAMCPX01;g__JAJYJX01;s__JAJYJX01 sp021789095	novel Bacteria	novel phylum	
GCA_021789095.1_genomic	singlem-regime3	family	Bray-Curtis distance	0.33943661971831	phylum	d__Bacteria;p__JAMCPX01;c__JAMCPX01;o__JAMCPX01;f__JAMCPX01;g__JAJYJX01;s__JAJYJX01 sp021789095	novel Bacteria	novel phylum	
GCA_021789095.1_genomic	singlem-regime3	genus	Bray-Curtis distance	0.33943661971831	phylum	d__Bacteria;p__JAMCPX01;c__JAMCPX01;o__JAMCPX01;f__JAMCPX01;g__JAJYJX01;s__JAJYJX01 sp021789095	novel Bacteria	novel phylum	
GCA_021789095.1_genomic	singlem-regime3	species	Bray-Curtis distance	0.33943661971831	phylum	d__Bacteria;p__JAMCPX01;c__JAMCPX01;o__JAMCPX01;f__JAMCPX01;g__JAJYJX01;s__JAJYJX01 sp021789095	novel Bacteria	novel phylum	
GCA_021790555.1_genomic	sylph	kingdom	Bray-Curtis distance	0.5	phylum	d__Bacteria;p__JAJYCY01;c__JAJYCY01;o__JAJYGY01;f__JAJYGY01;g__JAJYGY01;s__JAJYGY01 sp021790555	novel Bacteria	novel phylum	sylph
GCA_021790555.1_genomic	sylph	phylum	Bray-Curtis distance	0.5	phylum	d__Bacteria;p__JAJYCY01;c__JAJYCY01;o__JAJYGY01;f__JAJYGY01;g__JAJYGY01;s__JAJYGY01 sp021790555	novel Bacteria	novel phylum	sylph
GCA_021790555.1_genomic	sylph	class	Bray-Curtis distance	0.5	phylum	d__Bacteria;p__JAJYCY01;c__JAJYCY01;o__JAJYGY01;f__JAJYGY01;g__JAJYGY01;s__JAJYGY01 sp021790555	novel Bacteria	novel phylum	sylph
GCA_021790555.1_genomic	sylph	order	Bray-Curtis distance	0.5	phylum	d__Bacteria;p__JAJYCY01;c__JAJYCY01;o__JAJYGY01;f__JAJYGY01;g__JAJYGY01;s__JAJYGY01 sp021790555	novel Bacteria	novel phylum	sylph
GCA_021790555.1_genomic	sylph	family	Bray-Curtis distance	0.5	phylum	d__Bacteria;p__JAJYCY01;c__JAJYCY01;o__JAJYGY01;f__JAJYGY01;g__JAJYGY01;s__JAJYGY01 sp021790555	novel Bacteria	novel phylum	sylph
GCA_021790555.1_genomic	sylph	genus	Bray-Curtis distance	0.5	phylum	d__Bacteria;p__JAJYCY01;c__JAJYCY01;o__JAJYGY01;f__JAJYGY01;g__JAJYGY01;s__JAJYGY01 sp021790555	novel Bacteria	novel phylum	sylph
GCA_021790555.1_genomic	sylph	species	Bray-Curtis distance	0.5	phylum	d__Bacteria;p__JAJYCY01;c__JAJYCY01;o__JAJYGY01;f__JAJYGY01;g__JAJYGY01;s__JAJYGY01 sp021790555	novel Bacteria	novel phylum	sylph
GCA_021790555.1_genomic	metaphlan	kingdom	Bray-Curtis distance	0.5	phylum	d__Bacteria;p__JAJYCY01;c__JAJYCY01;o__JAJYGY01;f__JAJYGY01;g__JAJYGY01;s__JAJYGY01 sp021790555	novel Bacteria	novel phylum	MetaPhlAn
GCA_021790555.1_genomic	metaphlan	phylum	Bray-Curtis distance	0.5	phylum	d__Bacteria;p__JAJYCY01;c__JAJYCY01;o__JAJYGY01;f__JAJYGY01;g__JAJYGY01;s__JAJYGY01 sp021790555	novel Bacteria	novel phylum	MetaPhlAn
GCA_021790555.1_genomic	metaphlan	class	Bray-Curtis distance	0.5	phylum	d__Bacteria;p__JAJYCY01;c__JAJYCY01;o__JAJYGY01;f__JAJYGY01;g__JAJYGY01;s__JAJYGY01 sp021790555	novel Bacteria	novel phylum	MetaPhlAn
GCA_021790555.1_genomic	metaphlan	order	Bray-Curtis distance	0.5	phylum	d__Bacteria;p__JAJYCY01;c__JAJYCY01;o__JAJYGY01;f__JAJYGY01;g__JAJYGY01;s__JAJYGY01 sp021790555	novel Bacteria	novel phylum	MetaPhlAn
GCA_021790555.1_genomic	metaphlan	family	Bray-Curtis distance	0.5	phylum	d__Bacteria;p__JAJYCY01;c__JAJYCY01;o__JAJYGY01;f__JAJYGY01;g__JAJYGY01;s__JAJYGY01 sp021790555	novel Bacteria	novel phylum	MetaPhlAn
GCA_021790555.1_genomic	metaphlan	genus	Bray-Curtis distance	0.5	phylum	d__Bacteria;p__JAJYCY01;c__JAJYCY01;o__JAJYGY01;f__JAJYGY01;g__JAJYGY01;s__JAJYGY01 sp021790555	novel Bacteria	novel phylum	MetaPhlAn
GCA_021790555.1_genomic	metaphlan	species	Bray-Curtis distance	0.5	phylum	d__Bacteria;p__JAJYCY01;c__JAJYCY01;o__JAJYGY01;f__JAJYGY01;g__JAJYGY01;s__JAJYGY01 sp021790555	novel Bacteria	novel phylum	MetaPhlAn
GCA_021790555.1_genomic	singlem	kingdom	Bray-Curtis distance	0.167058823529412	phylum	d__Bacteria;p__JAJYCY01;c__JAJYCY01;o__JAJYGY01;f__JAJYGY01;g__JAJYGY01;s__JAJYGY01 sp021790555	novel Bacteria	novel phylum	SingleM
GCA_021790555.1_genomic	singlem	phylum	Bray-Curtis distance	0.395448079658606	phylum	d__Bacteria;p__JAJYCY01;c__JAJYCY01;o__JAJYGY01;f__JAJYGY01;g__JAJYGY01;s__JAJYGY01 sp021790555	novel Bacteria	novel phylum	SingleM
GCA_021790555.1_genomic	singlem	class	Bray-Curtis distance	0.392205934930282	phylum	d__Bacteria;p__JAJYCY01;c__JAJYCY01;o__JAJYGY01;f__JAJYGY01;g__JAJYGY01;s__JAJYGY01 sp021790555	novel Bacteria	novel phylum	SingleM
GCA_021790555.1_genomic	singlem	order	Bray-Curtis distance	0.392205934930282	phylum	d__Bacteria;p__JAJYCY01;c__JAJYCY01;o__JAJYGY01;f__JAJYGY01;g__JAJYGY01;s__JAJYGY01 sp021790555	novel Bacteria	novel phylum	SingleM
GCA_021790555.1_genomic	singlem	family	Bray-Curtis distance	0.392205934930282	phylum	d__Bacteria;p__JAJYCY01;c__JAJYCY01;o__JAJYGY01;f__JAJYGY01;g__JAJYGY01;s__JAJYGY01 sp021790555	novel Bacteria	novel phylum	SingleM
GCA_021790555.1_genomic	singlem	genus	Bray-Curtis distance	0.392205934930282	phylum	d__Bacteria;p__JAJYCY01;c__JAJYCY01;o__JAJYGY01;f__JAJYGY01;g__JAJYGY01;s__JAJYGY01 sp021790555	novel Bacteria	novel phylum	SingleM
GCA_021790555.1_genomic	singlem	species	Bray-Curtis distance	0.392205934930282	phylum	d__Bacteria;p__JAJYCY01;c__JAJYCY01;o__JAJYGY01;f__JAJYGY01;g__JAJYGY01;s__JAJYGY01 sp021790555	novel Bacteria	novel phylum	SingleM
GCA_021790555.1_genomic	singlem-regime3	kingdom	Bray-Curtis distance	0.170540383497966	phylum	d__Bacteria;p__JAJYCY01;c__JAJYCY01;o__JAJYGY01;f__JAJYGY01;g__JAJYGY01;s__JAJYGY01 sp021790555	novel Bacteria	novel phylum	
GCA_021790555.1_genomic	singlem-regime3	phylum	Bray-Curtis distance	0.401391304347826	phylum	d__Bacteria;p__JAJYCY01;c__JAJYCY01;o__JAJYGY01;f__JAJYGY01;g__JAJYGY01;s__JAJYGY01 sp021790555	novel Bacteria	novel phylum	
GCA_021790555.1_genomic	singlem-regime3	class	Bray-Curtis distance	0.401391304347826	phylum	d__Bacteria;p__JAJYCY01;c__JAJYCY01;o__JAJYGY01;f__JAJYGY01;g__JAJYGY01;s__JAJYGY01 sp021790555	novel Bacteria	novel phylum	
GCA_021790555.1_genomic	singlem-regime3	order	Bray-Curtis distance	0.401391304347826	phylum	d__Bacteria;p__JAJYCY01;c__JAJYCY01;o__JAJYGY01;f__JAJYGY01;g__JAJYGY01;s__JAJYGY01 sp021790555	novel Bacteria	novel phylum	
GCA_021790555.1_genomic	singlem-regime3	family	Bray-Curtis distance	0.401391304347826	phylum	d__Bacteria;p__JAJYCY01;c__JAJYCY01;o__JAJYGY01;f__JAJYGY01;g__JAJYGY01;s__JAJYGY01 sp021790555	novel Bacteria	novel phylum	
GCA_021790555.1_genomic	singlem-regime3	genus	Bray-Curtis distance	0.401391304347826	phylum	d__Bacteria;p__JAJYCY01;c__JAJYCY01;o__JAJYGY01;f__JAJYGY01;g__JAJYGY01;s__JAJYGY01 sp021790555	novel Bacteria	novel phylum	
GCA_021790555.1_genomic	singlem-regime3	species	Bray-Curtis distance	0.401391304347826	phylum	d__Bacteria;p__JAJYCY01;c__JAJYCY01;o__JAJYGY01;f__JAJYGY01;g__JAJYGY01;s__JAJYGY01 sp021790555	novel Bacteria	novel phylum	
GCA_021791495.1_genomic	sylph	kingdom	Bray-Curtis distance	0.5	class	d__Bacteria;p__Bacillota_E;c__JAJYWN01;o__JAJYWN01;f__JAJYWN01;g__JAJYWN01;s__JAJYWN01 sp021791495	novel Bacteria	novel class	sylph
GCA_021791495.1_genomic	sylph	phylum	Bray-Curtis distance	0.5	class	d__Bacteria;p__Bacillota_E;c__JAJYWN01;o__JAJYWN01;f__JAJYWN01;g__JAJYWN01;s__JAJYWN01 sp021791495	novel Bacteria	novel class	sylph
GCA_021791495.1_genomic	sylph	class	Bray-Curtis distance	0.5	class	d__Bacteria;p__Bacillota_E;c__JAJYWN01;o__JAJYWN01;f__JAJYWN01;g__JAJYWN01;s__JAJYWN01 sp021791495	novel Bacteria	novel class	sylph
GCA_021791495.1_genomic	sylph	order	Bray-Curtis distance	0.5	class	d__Bacteria;p__Bacillota_E;c__JAJYWN01;o__JAJYWN01;f__JAJYWN01;g__JAJYWN01;s__JAJYWN01 sp021791495	novel Bacteria	novel class	sylph
GCA_021791495.1_genomic	sylph	family	Bray-Curtis distance	0.5	class	d__Bacteria;p__Bacillota_E;c__JAJYWN01;o__JAJYWN01;f__JAJYWN01;g__JAJYWN01;s__JAJYWN01 sp021791495	novel Bacteria	novel class	sylph
GCA_021791495.1_genomic	sylph	genus	Bray-Curtis distance	0.5	class	d__Bacteria;p__Bacillota_E;c__JAJYWN01;o__JAJYWN01;f__JAJYWN01;g__JAJYWN01;s__JAJYWN01 sp021791495	novel Bacteria	novel class	sylph
GCA_021791495.1_genomic	sylph	species	Bray-Curtis distance	0.5	class	d__Bacteria;p__Bacillota_E;c__JAJYWN01;o__JAJYWN01;f__JAJYWN01;g__JAJYWN01;s__JAJYWN01 sp021791495	novel Bacteria	novel class	sylph
GCA_021791495.1_genomic	metaphlan	kingdom	Bray-Curtis distance	0.5	class	d__Bacteria;p__Bacillota_E;c__JAJYWN01;o__JAJYWN01;f__JAJYWN01;g__JAJYWN01;s__JAJYWN01 sp021791495	novel Bacteria	novel class	MetaPhlAn
GCA_021791495.1_genomic	metaphlan	phylum	Bray-Curtis distance	0.5	class	d__Bacteria;p__Bacillota_E;c__JAJYWN01;o__JAJYWN01;f__JAJYWN01;g__JAJYWN01;s__JAJYWN01 sp021791495	novel Bacteria	novel class	MetaPhlAn
GCA_021791495.1_genomic	metaphlan	class	Bray-Curtis distance	0.5	class	d__Bacteria;p__Bacillota_E;c__JAJYWN01;o__JAJYWN01;f__JAJYWN01;g__JAJYWN01;s__JAJYWN01 sp021791495	novel Bacteria	novel class	MetaPhlAn
GCA_021791495.1_genomic	metaphlan	order	Bray-Curtis distance	0.5	class	d__Bacteria;p__Bacillota_E;c__JAJYWN01;o__JAJYWN01;f__JAJYWN01;g__JAJYWN01;s__JAJYWN01 sp021791495	novel Bacteria	novel class	MetaPhlAn
GCA_021791495.1_genomic	metaphlan	family	Bray-Curtis distance	0.5	class	d__Bacteria;p__Bacillota_E;c__JAJYWN01;o__JAJYWN01;f__JAJYWN01;g__JAJYWN01;s__JAJYWN01 sp021791495	novel Bacteria	novel class	MetaPhlAn
GCA_021791495.1_genomic	metaphlan	genus	Bray-Curtis distance	0.5	class	d__Bacteria;p__Bacillota_E;c__JAJYWN01;o__JAJYWN01;f__JAJYWN01;g__JAJYWN01;s__JAJYWN01 sp021791495	novel Bacteria	novel class	MetaPhlAn
GCA_021791495.1_genomic	metaphlan	species	Bray-Curtis distance	0.5	class	d__Bacteria;p__Bacillota_E;c__JAJYWN01;o__JAJYWN01;f__JAJYWN01;g__JAJYWN01;s__JAJYWN01 sp021791495	novel Bacteria	novel class	MetaPhlAn
GCA_021791495.1_genomic	singlem	kingdom	Bray-Curtis distance	0.00632318501170957	class	d__Bacteria;p__Bacillota_E;c__JAJYWN01;o__JAJYWN01;f__JAJYWN01;g__JAJYWN01;s__JAJYWN01 sp021791495	novel Bacteria	novel class	SingleM
GCA_021791495.1_genomic	singlem	phylum	Bray-Curtis distance	0.290102389078498	class	d__Bacteria;p__Bacillota_E;c__JAJYWN01;o__JAJYWN01;f__JAJYWN01;g__JAJYWN01;s__JAJYWN01 sp021791495	novel Bacteria	novel class	SingleM
GCA_021791495.1_genomic	singlem	class	Bray-Curtis distance	0.313038130381304	class	d__Bacteria;p__Bacillota_E;c__JAJYWN01;o__JAJYWN01;f__JAJYWN01;g__JAJYWN01;s__JAJYWN01 sp021791495	novel Bacteria	novel class	SingleM
GCA_021791495.1_genomic	singlem	order	Bray-Curtis distance	0.345305608065532	class	d__Bacteria;p__Bacillota_E;c__JAJYWN01;o__JAJYWN01;f__JAJYWN01;g__JAJYWN01;s__JAJYWN01 sp021791495	novel Bacteria	novel class	SingleM
GCA_021791495.1_genomic	singlem	family	Bray-Curtis distance	0.345305608065532	class	d__Bacteria;p__Bacillota_E;c__JAJYWN01;o__JAJYWN01;f__JAJYWN01;g__JAJYWN01;s__JAJYWN01 sp021791495	novel Bacteria	novel class	SingleM
GCA_021791495.1_genomic	singlem	genus	Bray-Curtis distance	0.345305608065532	class	d__Bacteria;p__Bacillota_E;c__JAJYWN01;o__JAJYWN01;f__JAJYWN01;g__JAJYWN01;s__JAJYWN01 sp021791495	novel Bacteria	novel class	SingleM
GCA_021791495.1_genomic	singlem	species	Bray-Curtis distance	0.345305608065532	class	d__Bacteria;p__Bacillota_E;c__JAJYWN01;o__JAJYWN01;f__JAJYWN01;g__JAJYWN01;s__JAJYWN01 sp021791495	novel Bacteria	novel class	SingleM
GCA_021791495.1_genomic	singlem-regime3	kingdom	Bray-Curtis distance	0.00757575757575758	class	d__Bacteria;p__Bacillota_E;c__JAJYWN01;o__JAJYWN01;f__JAJYWN01;g__JAJYWN01;s__JAJYWN01 sp021791495	novel Bacteria	novel class	
GCA_021791495.1_genomic	singlem-regime3	phylum	Bray-Curtis distance	0.326266804550155	class	d__Bacteria;p__Bacillota_E;c__JAJYWN01;o__JAJYWN01;f__JAJYWN01;g__JAJYWN01;s__JAJYWN01 sp021791495	novel Bacteria	novel class	
GCA_021791495.1_genomic	singlem-regime3	class	Bray-Curtis distance	0.385769872151195	class	d__Bacteria;p__Bacillota_E;c__JAJYWN01;o__JAJYWN01;f__JAJYWN01;g__JAJYWN01;s__JAJYWN01 sp021791495	novel Bacteria	novel class	
GCA_021791495.1_genomic	singlem-regime3	order	Bray-Curtis distance	0.34010152284264	class	d__Bacteria;p__Bacillota_E;c__JAJYWN01;o__JAJYWN01;f__JAJYWN01;g__JAJYWN01;s__JAJYWN01 sp021791495	novel Bacteria	novel class	
GCA_021791495.1_genomic	singlem-regime3	family	Bray-Curtis distance	0.34010152284264	class	d__Bacteria;p__Bacillota_E;c__JAJYWN01;o__JAJYWN01;f__JAJYWN01;g__JAJYWN01;s__JAJYWN01 sp021791495	novel Bacteria	novel class	
GCA_021791495.1_genomic	singlem-regime3	genus	Bray-Curtis distance	0.34010152284264	class	d__Bacteria;p__Bacillota_E;c__JAJYWN01;o__JAJYWN01;f__JAJYWN01;g__JAJYWN01;s__JAJYWN01 sp021791495	novel Bacteria	novel class	
GCA_021791495.1_genomic	singlem-regime3	species	Bray-Curtis distance	0.386897404202719	class	d__Bacteria;p__Bacillota_E;c__JAJYWN01;o__JAJYWN01;f__JAJYWN01;g__JAJYWN01;s__JAJYWN01 sp021791495	novel Bacteria	novel class	
GCA_021792615.1_genomic	sylph	kingdom	Bray-Curtis distance	0.5	phylum	d__Bacteria;p__JAMCPX01;c__JAMCPX01;o__JAMCPX01;f__JAMCPX01;g__JAMDCL01;s__JAMDCL01 sp021792615	novel Bacteria	novel phylum	sylph
GCA_021792615.1_genomic	sylph	phylum	Bray-Curtis distance	0.5	phylum	d__Bacteria;p__JAMCPX01;c__JAMCPX01;o__JAMCPX01;f__JAMCPX01;g__JAMDCL01;s__JAMDCL01 sp021792615	novel Bacteria	novel phylum	sylph
GCA_021792615.1_genomic	sylph	class	Bray-Curtis distance	0.5	phylum	d__Bacteria;p__JAMCPX01;c__JAMCPX01;o__JAMCPX01;f__JAMCPX01;g__JAMDCL01;s__JAMDCL01 sp021792615	novel Bacteria	novel phylum	sylph
GCA_021792615.1_genomic	sylph	order	Bray-Curtis distance	0.5	phylum	d__Bacteria;p__JAMCPX01;c__JAMCPX01;o__JAMCPX01;f__JAMCPX01;g__JAMDCL01;s__JAMDCL01 sp021792615	novel Bacteria	novel phylum	sylph
GCA_021792615.1_genomic	sylph	family	Bray-Curtis distance	0.5	phylum	d__Bacteria;p__JAMCPX01;c__JAMCPX01;o__JAMCPX01;f__JAMCPX01;g__JAMDCL01;s__JAMDCL01 sp021792615	novel Bacteria	novel phylum	sylph
GCA_021792615.1_genomic	sylph	genus	Bray-Curtis distance	0.5	phylum	d__Bacteria;p__JAMCPX01;c__JAMCPX01;o__JAMCPX01;f__JAMCPX01;g__JAMDCL01;s__JAMDCL01 sp021792615	novel Bacteria	novel phylum	sylph
GCA_021792615.1_genomic	sylph	species	Bray-Curtis distance	0.5	phylum	d__Bacteria;p__JAMCPX01;c__JAMCPX01;o__JAMCPX01;f__JAMCPX01;g__JAMDCL01;s__JAMDCL01 sp021792615	novel Bacteria	novel phylum	sylph
GCA_021792615.1_genomic	metaphlan	kingdom	Bray-Curtis distance	0.5	phylum	d__Bacteria;p__JAMCPX01;c__JAMCPX01;o__JAMCPX01;f__JAMCPX01;g__JAMDCL01;s__JAMDCL01 sp021792615	novel Bacteria	novel phylum	MetaPhlAn
GCA_021792615.1_genomic	metaphlan	phylum	Bray-Curtis distance	0.5	phylum	d__Bacteria;p__JAMCPX01;c__JAMCPX01;o__JAMCPX01;f__JAMCPX01;g__JAMDCL01;s__JAMDCL01 sp021792615	novel Bacteria	novel phylum	MetaPhlAn
GCA_021792615.1_genomic	metaphlan	class	Bray-Curtis distance	0.5	phylum	d__Bacteria;p__JAMCPX01;c__JAMCPX01;o__JAMCPX01;f__JAMCPX01;g__JAMDCL01;s__JAMDCL01 sp021792615	novel Bacteria	novel phylum	MetaPhlAn
GCA_021792615.1_genomic	metaphlan	order	Bray-Curtis distance	0.5	phylum	d__Bacteria;p__JAMCPX01;c__JAMCPX01;o__JAMCPX01;f__JAMCPX01;g__JAMDCL01;s__JAMDCL01 sp021792615	novel Bacteria	novel phylum	MetaPhlAn
GCA_021792615.1_genomic	metaphlan	family	Bray-Curtis distance	0.5	phylum	d__Bacteria;p__JAMCPX01;c__JAMCPX01;o__JAMCPX01;f__JAMCPX01;g__JAMDCL01;s__JAMDCL01 sp021792615	novel Bacteria	novel phylum	MetaPhlAn
GCA_021792615.1_genomic	metaphlan	genus	Bray-Curtis distance	0.5	phylum	d__Bacteria;p__JAMCPX01;c__JAMCPX01;o__JAMCPX01;f__JAMCPX01;g__JAMDCL01;s__JAMDCL01 sp021792615	novel Bacteria	novel phylum	MetaPhlAn
GCA_021792615.1_genomic	metaphlan	species	Bray-Curtis distance	0.5	phylum	d__Bacteria;p__JAMCPX01;c__JAMCPX01;o__JAMCPX01;f__JAMCPX01;g__JAMDCL01;s__JAMDCL01 sp021792615	novel Bacteria	novel phylum	MetaPhlAn
GCA_021792615.1_genomic	singlem	kingdom	Bray-Curtis distance	0.00935453695042092	phylum	d__Bacteria;p__JAMCPX01;c__JAMCPX01;o__JAMCPX01;f__JAMCPX01;g__JAMDCL01;s__JAMDCL01 sp021792615	novel Bacteria	novel phylum	SingleM
GCA_021792615.1_genomic	singlem	phylum	Bray-Curtis distance	0.376312718786464	phylum	d__Bacteria;p__JAMCPX01;c__JAMCPX01;o__JAMCPX01;f__JAMCPX01;g__JAMDCL01;s__JAMDCL01 sp021792615	novel Bacteria	novel phylum	SingleM
GCA_021792615.1_genomic	singlem	class	Bray-Curtis distance	0.344584228290887	phylum	d__Bacteria;p__JAMCPX01;c__JAMCPX01;o__JAMCPX01;f__JAMCPX01;g__JAMDCL01;s__JAMDCL01 sp021792615	novel Bacteria	novel phylum	SingleM
GCA_021792615.1_genomic	singlem	order	Bray-Curtis distance	0.333749220212102	phylum	d__Bacteria;p__JAMCPX01;c__JAMCPX01;o__JAMCPX01;f__JAMCPX01;g__JAMDCL01;s__JAMDCL01 sp021792615	novel Bacteria	novel phylum	SingleM
GCA_021792615.1_genomic	singlem	family	Bray-Curtis distance	0.333749220212102	phylum	d__Bacteria;p__JAMCPX01;c__JAMCPX01;o__JAMCPX01;f__JAMCPX01;g__JAMDCL01;s__JAMDCL01 sp021792615	novel Bacteria	novel phylum	SingleM
GCA_021792615.1_genomic	singlem	genus	Bray-Curtis distance	0.333749220212102	phylum	d__Bacteria;p__JAMCPX01;c__JAMCPX01;o__JAMCPX01;f__JAMCPX01;g__JAMDCL01;s__JAMDCL01 sp021792615	novel Bacteria	novel phylum	SingleM
GCA_021792615.1_genomic	singlem	species	Bray-Curtis distance	0.333749220212102	phylum	d__Bacteria;p__JAMCPX01;c__JAMCPX01;o__JAMCPX01;f__JAMCPX01;g__JAMDCL01;s__JAMDCL01 sp021792615	novel Bacteria	novel phylum	SingleM
GCA_021792615.1_genomic	singlem-regime3	kingdom	Bray-Curtis distance	0.0149863760217984	phylum	d__Bacteria;p__JAMCPX01;c__JAMCPX01;o__JAMCPX01;f__JAMCPX01;g__JAMDCL01;s__JAMDCL01 sp021792615	novel Bacteria	novel phylum	
GCA_021792615.1_genomic	singlem-regime3	phylum	Bray-Curtis distance	0.371036846615253	phylum	d__Bacteria;p__JAMCPX01;c__JAMCPX01;o__JAMCPX01;f__JAMCPX01;g__JAMDCL01;s__JAMDCL01 sp021792615	novel Bacteria	novel phylum	
GCA_021792615.1_genomic	singlem-regime3	class	Bray-Curtis distance	0.339928057553957	phylum	d__Bacteria;p__JAMCPX01;c__JAMCPX01;o__JAMCPX01;f__JAMCPX01;g__JAMDCL01;s__JAMDCL01 sp021792615	novel Bacteria	novel phylum	
GCA_021792615.1_genomic	singlem-regime3	order	Bray-Curtis distance	0.339928057553957	phylum	d__Bacteria;p__JAMCPX01;c__JAMCPX01;o__JAMCPX01;f__JAMCPX01;g__JAMDCL01;s__JAMDCL01 sp021792615	novel Bacteria	novel phylum	
GCA_021792615.1_genomic	singlem-regime3	family	Bray-Curtis distance	0.339928057553957	phylum	d__Bacteria;p__JAMCPX01;c__JAMCPX01;o__JAMCPX01;f__JAMCPX01;g__JAMDCL01;s__JAMDCL01 sp021792615	novel Bacteria	novel phylum	
GCA_021792615.1_genomic	singlem-regime3	genus	Bray-Curtis distance	0.339928057553957	phylum	d__Bacteria;p__JAMCPX01;c__JAMCPX01;o__JAMCPX01;f__JAMCPX01;g__JAMDCL01;s__JAMDCL01 sp021792615	novel Bacteria	novel phylum	
GCA_021792615.1_genomic	singlem-regime3	species	Bray-Curtis distance	0.344732824427481	phylum	d__Bacteria;p__JAMCPX01;c__JAMCPX01;o__JAMCPX01;f__JAMCPX01;g__JAMDCL01;s__JAMDCL01 sp021792615	novel Bacteria	novel phylum	
GCA_021799275.1_genomic	sylph	kingdom	Bray-Curtis distance	0.5	class	d__Bacteria;p__Bacillota_E;c__JAJZYS01;o__JAJZYS01;f__JAJYTV01;g__JAJZQO01;s__JAJZQO01 sp021799275	novel Bacteria	novel class	sylph
GCA_021799275.1_genomic	sylph	phylum	Bray-Curtis distance	0.5	class	d__Bacteria;p__Bacillota_E;c__JAJZYS01;o__JAJZYS01;f__JAJYTV01;g__JAJZQO01;s__JAJZQO01 sp021799275	novel Bacteria	novel class	sylph
GCA_021799275.1_genomic	sylph	class	Bray-Curtis distance	0.5	class	d__Bacteria;p__Bacillota_E;c__JAJZYS01;o__JAJZYS01;f__JAJYTV01;g__JAJZQO01;s__JAJZQO01 sp021799275	novel Bacteria	novel class	sylph
GCA_021799275.1_genomic	sylph	order	Bray-Curtis distance	0.5	class	d__Bacteria;p__Bacillota_E;c__JAJZYS01;o__JAJZYS01;f__JAJYTV01;g__JAJZQO01;s__JAJZQO01 sp021799275	novel Bacteria	novel class	sylph
GCA_021799275.1_genomic	sylph	family	Bray-Curtis distance	0.5	class	d__Bacteria;p__Bacillota_E;c__JAJZYS01;o__JAJZYS01;f__JAJYTV01;g__JAJZQO01;s__JAJZQO01 sp021799275	novel Bacteria	novel class	sylph
GCA_021799275.1_genomic	sylph	genus	Bray-Curtis distance	0.5	class	d__Bacteria;p__Bacillota_E;c__JAJZYS01;o__JAJZYS01;f__JAJYTV01;g__JAJZQO01;s__JAJZQO01 sp021799275	novel Bacteria	novel class	sylph
GCA_021799275.1_genomic	sylph	species	Bray-Curtis distance	0.5	class	d__Bacteria;p__Bacillota_E;c__JAJZYS01;o__JAJZYS01;f__JAJYTV01;g__JAJZQO01;s__JAJZQO01 sp021799275	novel Bacteria	novel class	sylph
GCA_021799275.1_genomic	metaphlan	kingdom	Bray-Curtis distance	0.5	class	d__Bacteria;p__Bacillota_E;c__JAJZYS01;o__JAJZYS01;f__JAJYTV01;g__JAJZQO01;s__JAJZQO01 sp021799275	novel Bacteria	novel class	MetaPhlAn
GCA_021799275.1_genomic	metaphlan	phylum	Bray-Curtis distance	0.5	class	d__Bacteria;p__Bacillota_E;c__JAJZYS01;o__JAJZYS01;f__JAJYTV01;g__JAJZQO01;s__JAJZQO01 sp021799275	novel Bacteria	novel class	MetaPhlAn
GCA_021799275.1_genomic	metaphlan	class	Bray-Curtis distance	0.5	class	d__Bacteria;p__Bacillota_E;c__JAJZYS01;o__JAJZYS01;f__JAJYTV01;g__JAJZQO01;s__JAJZQO01 sp021799275	novel Bacteria	novel class	MetaPhlAn
GCA_021799275.1_genomic	metaphlan	order	Bray-Curtis distance	0.5	class	d__Bacteria;p__Bacillota_E;c__JAJZYS01;o__JAJZYS01;f__JAJYTV01;g__JAJZQO01;s__JAJZQO01 sp021799275	novel Bacteria	novel class	MetaPhlAn
GCA_021799275.1_genomic	metaphlan	family	Bray-Curtis distance	0.5	class	d__Bacteria;p__Bacillota_E;c__JAJZYS01;o__JAJZYS01;f__JAJYTV01;g__JAJZQO01;s__JAJZQO01 sp021799275	novel Bacteria	novel class	MetaPhlAn
GCA_021799275.1_genomic	metaphlan	genus	Bray-Curtis distance	0.5	class	d__Bacteria;p__Bacillota_E;c__JAJZYS01;o__JAJZYS01;f__JAJYTV01;g__JAJZQO01;s__JAJZQO01 sp021799275	novel Bacteria	novel class	MetaPhlAn
GCA_021799275.1_genomic	metaphlan	species	Bray-Curtis distance	0.5	class	d__Bacteria;p__Bacillota_E;c__JAJZYS01;o__JAJZYS01;f__JAJYTV01;g__JAJZQO01;s__JAJZQO01 sp021799275	novel Bacteria	novel class	MetaPhlAn
GCA_021799275.1_genomic	singlem	kingdom	Bray-Curtis distance	0.0032844871147044	class	d__Bacteria;p__Bacillota_E;c__JAJZYS01;o__JAJZYS01;f__JAJYTV01;g__JAJZQO01;s__JAJZQO01 sp021799275	novel Bacteria	novel class	SingleM
GCA_021799275.1_genomic	singlem	phylum	Bray-Curtis distance	0.215601965601966	class	d__Bacteria;p__Bacillota_E;c__JAJZYS01;o__JAJZYS01;f__JAJYTV01;g__JAJZQO01;s__JAJZQO01 sp021799275	novel Bacteria	novel class	SingleM
GCA_021799275.1_genomic	singlem	class	Bray-Curtis distance	0.34717494894486	class	d__Bacteria;p__Bacillota_E;c__JAJZYS01;o__JAJZYS01;f__JAJYTV01;g__JAJZQO01;s__JAJZQO01 sp021799275	novel Bacteria	novel class	SingleM
GCA_021799275.1_genomic	singlem	order	Bray-Curtis distance	0.34717494894486	class	d__Bacteria;p__Bacillota_E;c__JAJZYS01;o__JAJZYS01;f__JAJYTV01;g__JAJZQO01;s__JAJZQO01 sp021799275	novel Bacteria	novel class	SingleM
GCA_021799275.1_genomic	singlem	family	Bray-Curtis distance	0.34717494894486	class	d__Bacteria;p__Bacillota_E;c__JAJZYS01;o__JAJZYS01;f__JAJYTV01;g__JAJZQO01;s__JAJZQO01 sp021799275	novel Bacteria	novel class	SingleM
GCA_021799275.1_genomic	singlem	genus	Bray-Curtis distance	0.34717494894486	class	d__Bacteria;p__Bacillota_E;c__JAJZYS01;o__JAJZYS01;f__JAJYTV01;g__JAJZQO01;s__JAJZQO01 sp021799275	novel Bacteria	novel class	SingleM
GCA_021799275.1_genomic	singlem	species	Bray-Curtis distance	0.34717494894486	class	d__Bacteria;p__Bacillota_E;c__JAJZYS01;o__JAJZYS01;f__JAJYTV01;g__JAJZQO01;s__JAJZQO01 sp021799275	novel Bacteria	novel class	SingleM
GCA_021799275.1_genomic	singlem-regime3	kingdom	Bray-Curtis distance	0.00458715596330272	class	d__Bacteria;p__Bacillota_E;c__JAJZYS01;o__JAJZYS01;f__JAJYTV01;g__JAJZQO01;s__JAJZQO01 sp021799275	novel Bacteria	novel class	
GCA_021799275.1_genomic	singlem-regime3	phylum	Bray-Curtis distance	0.315838800374883	class	d__Bacteria;p__Bacillota_E;c__JAJZYS01;o__JAJZYS01;f__JAJYTV01;g__JAJZQO01;s__JAJZQO01 sp021799275	novel Bacteria	novel class	
GCA_021799275.1_genomic	singlem-regime3	class	Bray-Curtis distance	0.335365853658537	class	d__Bacteria;p__Bacillota_E;c__JAJZYS01;o__JAJZYS01;f__JAJYTV01;g__JAJZQO01;s__JAJZQO01 sp021799275	novel Bacteria	novel class	
GCA_021799275.1_genomic	singlem-regime3	order	Bray-Curtis distance	0.335365853658537	class	d__Bacteria;p__Bacillota_E;c__JAJZYS01;o__JAJZYS01;f__JAJYTV01;g__JAJZQO01;s__JAJZQO01 sp021799275	novel Bacteria	novel class	
GCA_021799275.1_genomic	singlem-regime3	family	Bray-Curtis distance	0.335365853658537	class	d__Bacteria;p__Bacillota_E;c__JAJZYS01;o__JAJZYS01;f__JAJYTV01;g__JAJZQO01;s__JAJZQO01 sp021799275	novel Bacteria	novel class	
GCA_021799275.1_genomic	singlem-regime3	genus	Bray-Curtis distance	0.335365853658537	class	d__Bacteria;p__Bacillota_E;c__JAJZYS01;o__JAJZYS01;f__JAJYTV01;g__JAJZQO01;s__JAJZQO01 sp021799275	novel Bacteria	novel class	
GCA_021799275.1_genomic	singlem-regime3	species	Bray-Curtis distance	0.335365853658537	class	d__Bacteria;p__Bacillota_E;c__JAJZYS01;o__JAJZYS01;f__JAJYTV01;g__JAJZQO01;s__JAJZQO01 sp021799275	novel Bacteria	novel class	
GCA_021800575.1_genomic	sylph	kingdom	Bray-Curtis distance	0.5	phylum	d__Bacteria;p__JAMCPX01;c__JAMCPX01;o__JAMCPX01;f__JAMCPX01;g__JAJYLM01;s__JAJYLM01 sp021800575	novel Bacteria	novel phylum	sylph
GCA_021800575.1_genomic	sylph	phylum	Bray-Curtis distance	0.5	phylum	d__Bacteria;p__JAMCPX01;c__JAMCPX01;o__JAMCPX01;f__JAMCPX01;g__JAJYLM01;s__JAJYLM01 sp021800575	novel Bacteria	novel phylum	sylph
GCA_021800575.1_genomic	sylph	class	Bray-Curtis distance	0.5	phylum	d__Bacteria;p__JAMCPX01;c__JAMCPX01;o__JAMCPX01;f__JAMCPX01;g__JAJYLM01;s__JAJYLM01 sp021800575	novel Bacteria	novel phylum	sylph
GCA_021800575.1_genomic	sylph	order	Bray-Curtis distance	0.5	phylum	d__Bacteria;p__JAMCPX01;c__JAMCPX01;o__JAMCPX01;f__JAMCPX01;g__JAJYLM01;s__JAJYLM01 sp021800575	novel Bacteria	novel phylum	sylph
GCA_021800575.1_genomic	sylph	family	Bray-Curtis distance	0.5	phylum	d__Bacteria;p__JAMCPX01;c__JAMCPX01;o__JAMCPX01;f__JAMCPX01;g__JAJYLM01;s__JAJYLM01 sp021800575	novel Bacteria	novel phylum	sylph
GCA_021800575.1_genomic	sylph	genus	Bray-Curtis distance	0.5	phylum	d__Bacteria;p__JAMCPX01;c__JAMCPX01;o__JAMCPX01;f__JAMCPX01;g__JAJYLM01;s__JAJYLM01 sp021800575	novel Bacteria	novel phylum	sylph
GCA_021800575.1_genomic	sylph	species	Bray-Curtis distance	0.5	phylum	d__Bacteria;p__JAMCPX01;c__JAMCPX01;o__JAMCPX01;f__JAMCPX01;g__JAJYLM01;s__JAJYLM01 sp021800575	novel Bacteria	novel phylum	sylph
GCA_021800575.1_genomic	metaphlan	kingdom	Bray-Curtis distance	0.5	phylum	d__Bacteria;p__JAMCPX01;c__JAMCPX01;o__JAMCPX01;f__JAMCPX01;g__JAJYLM01;s__JAJYLM01 sp021800575	novel Bacteria	novel phylum	MetaPhlAn
GCA_021800575.1_genomic	metaphlan	phylum	Bray-Curtis distance	0.5	phylum	d__Bacteria;p__JAMCPX01;c__JAMCPX01;o__JAMCPX01;f__JAMCPX01;g__JAJYLM01;s__JAJYLM01 sp021800575	novel Bacteria	novel phylum	MetaPhlAn
GCA_021800575.1_genomic	metaphlan	class	Bray-Curtis distance	0.5	phylum	d__Bacteria;p__JAMCPX01;c__JAMCPX01;o__JAMCPX01;f__JAMCPX01;g__JAJYLM01;s__JAJYLM01 sp021800575	novel Bacteria	novel phylum	MetaPhlAn
GCA_021800575.1_genomic	metaphlan	order	Bray-Curtis distance	0.5	phylum	d__Bacteria;p__JAMCPX01;c__JAMCPX01;o__JAMCPX01;f__JAMCPX01;g__JAJYLM01;s__JAJYLM01 sp021800575	novel Bacteria	novel phylum	MetaPhlAn
GCA_021800575.1_genomic	metaphlan	family	Bray-Curtis distance	0.5	phylum	d__Bacteria;p__JAMCPX01;c__JAMCPX01;o__JAMCPX01;f__JAMCPX01;g__JAJYLM01;s__JAJYLM01 sp021800575	novel Bacteria	novel phylum	MetaPhlAn
GCA_021800575.1_genomic	metaphlan	genus	Bray-Curtis distance	0.5	phylum	d__Bacteria;p__JAMCPX01;c__JAMCPX01;o__JAMCPX01;f__JAMCPX01;g__JAJYLM01;s__JAJYLM01 sp021800575	novel Bacteria	novel phylum	MetaPhlAn
GCA_021800575.1_genomic	metaphlan	species	Bray-Curtis distance	0.5	phylum	d__Bacteria;p__JAMCPX01;c__JAMCPX01;o__JAMCPX01;f__JAMCPX01;g__JAJYLM01;s__JAJYLM01 sp021800575	novel Bacteria	novel phylum	MetaPhlAn
GCA_021800575.1_genomic	singlem	kingdom	Bray-Curtis distance	0.0339390700160343	phylum	d__Bacteria;p__JAMCPX01;c__JAMCPX01;o__JAMCPX01;f__JAMCPX01;g__JAJYLM01;s__JAJYLM01 sp021800575	novel Bacteria	novel phylum	SingleM
GCA_021800575.1_genomic	singlem	phylum	Bray-Curtis distance	0.374038139846102	phylum	d__Bacteria;p__JAMCPX01;c__JAMCPX01;o__JAMCPX01;f__JAMCPX01;g__JAJYLM01;s__JAJYLM01 sp021800575	novel Bacteria	novel phylum	SingleM
GCA_021800575.1_genomic	singlem	class	Bray-Curtis distance	0.338167668906969	phylum	d__Bacteria;p__JAMCPX01;c__JAMCPX01;o__JAMCPX01;f__JAMCPX01;g__JAJYLM01;s__JAJYLM01 sp021800575	novel Bacteria	novel phylum	SingleM
GCA_021800575.1_genomic	singlem	order	Bray-Curtis distance	0.338167668906969	phylum	d__Bacteria;p__JAMCPX01;c__JAMCPX01;o__JAMCPX01;f__JAMCPX01;g__JAJYLM01;s__JAJYLM01 sp021800575	novel Bacteria	novel phylum	SingleM
GCA_021800575.1_genomic	singlem	family	Bray-Curtis distance	0.338167668906969	phylum	d__Bacteria;p__JAMCPX01;c__JAMCPX01;o__JAMCPX01;f__JAMCPX01;g__JAJYLM01;s__JAJYLM01 sp021800575	novel Bacteria	novel phylum	SingleM
GCA_021800575.1_genomic	singlem	genus	Bray-Curtis distance	0.338167668906969	phylum	d__Bacteria;p__JAMCPX01;c__JAMCPX01;o__JAMCPX01;f__JAMCPX01;g__JAJYLM01;s__JAJYLM01 sp021800575	novel Bacteria	novel phylum	SingleM
GCA_021800575.1_genomic	singlem	species	Bray-Curtis distance	0.338167668906969	phylum	d__Bacteria;p__JAMCPX01;c__JAMCPX01;o__JAMCPX01;f__JAMCPX01;g__JAJYLM01;s__JAJYLM01 sp021800575	novel Bacteria	novel phylum	SingleM
GCA_021800575.1_genomic	singlem-regime3	kingdom	Bray-Curtis distance	0.0306227483273289	phylum	d__Bacteria;p__JAMCPX01;c__JAMCPX01;o__JAMCPX01;f__JAMCPX01;g__JAJYLM01;s__JAJYLM01 sp021800575	novel Bacteria	novel phylum	
GCA_021800575.1_genomic	singlem-regime3	phylum	Bray-Curtis distance	0.376444159178434	phylum	d__Bacteria;p__JAMCPX01;c__JAMCPX01;o__JAMCPX01;f__JAMCPX01;g__JAJYLM01;s__JAJYLM01 sp021800575	novel Bacteria	novel phylum	
GCA_021800575.1_genomic	singlem-regime3	class	Bray-Curtis distance	0.33731241473397	phylum	d__Bacteria;p__JAMCPX01;c__JAMCPX01;o__JAMCPX01;f__JAMCPX01;g__JAJYLM01;s__JAJYLM01 sp021800575	novel Bacteria	novel phylum	
GCA_021800575.1_genomic	singlem-regime3	order	Bray-Curtis distance	0.33731241473397	phylum	d__Bacteria;p__JAMCPX01;c__JAMCPX01;o__JAMCPX01;f__JAMCPX01;g__JAJYLM01;s__JAJYLM01 sp021800575	novel Bacteria	novel phylum	
GCA_021800575.1_genomic	singlem-regime3	family	Bray-Curtis distance	0.33731241473397	phylum	d__Bacteria;p__JAMCPX01;c__JAMCPX01;o__JAMCPX01;f__JAMCPX01;g__JAJYLM01;s__JAJYLM01 sp021800575	novel Bacteria	novel phylum	
GCA_021800575.1_genomic	singlem-regime3	genus	Bray-Curtis distance	0.33731241473397	phylum	d__Bacteria;p__JAMCPX01;c__JAMCPX01;o__JAMCPX01;f__JAMCPX01;g__JAJYLM01;s__JAJYLM01 sp021800575	novel Bacteria	novel phylum	
GCA_021800575.1_genomic	singlem-regime3	species	Bray-Curtis distance	0.33731241473397	phylum	d__Bacteria;p__JAMCPX01;c__JAMCPX01;o__JAMCPX01;f__JAMCPX01;g__JAJYLM01;s__JAJYLM01 sp021800575	novel Bacteria	novel phylum	
GCA_021802055.1_genomic	sylph	kingdom	Bray-Curtis distance	0.5	genus	d__Archaea;p__Thermoplasmatota;c__Thermoplasmata;o__Thermoplasmatales;f__Thermoplasmataceae;g__JAKAFX01;s__JAKAFX01 sp021802055	novel Archaea	novel genus	sylph
GCA_021802055.1_genomic	sylph	phylum	Bray-Curtis distance	0.5	genus	d__Archaea;p__Thermoplasmatota;c__Thermoplasmata;o__Thermoplasmatales;f__Thermoplasmataceae;g__JAKAFX01;s__JAKAFX01 sp021802055	novel Archaea	novel genus	sylph
GCA_021802055.1_genomic	sylph	class	Bray-Curtis distance	0.5	genus	d__Archaea;p__Thermoplasmatota;c__Thermoplasmata;o__Thermoplasmatales;f__Thermoplasmataceae;g__JAKAFX01;s__JAKAFX01 sp021802055	novel Archaea	novel genus	sylph
GCA_021802055.1_genomic	sylph	order	Bray-Curtis distance	0.5	genus	d__Archaea;p__Thermoplasmatota;c__Thermoplasmata;o__Thermoplasmatales;f__Thermoplasmataceae;g__JAKAFX01;s__JAKAFX01 sp021802055	novel Archaea	novel genus	sylph
GCA_021802055.1_genomic	sylph	family	Bray-Curtis distance	0.5	genus	d__Archaea;p__Thermoplasmatota;c__Thermoplasmata;o__Thermoplasmatales;f__Thermoplasmataceae;g__JAKAFX01;s__JAKAFX01 sp021802055	novel Archaea	novel genus	sylph
GCA_021802055.1_genomic	sylph	genus	Bray-Curtis distance	0.5	genus	d__Archaea;p__Thermoplasmatota;c__Thermoplasmata;o__Thermoplasmatales;f__Thermoplasmataceae;g__JAKAFX01;s__JAKAFX01 sp021802055	novel Archaea	novel genus	sylph
GCA_021802055.1_genomic	sylph	species	Bray-Curtis distance	0.5	genus	d__Archaea;p__Thermoplasmatota;c__Thermoplasmata;o__Thermoplasmatales;f__Thermoplasmataceae;g__JAKAFX01;s__JAKAFX01 sp021802055	novel Archaea	novel genus	sylph
GCA_021802055.1_genomic	metaphlan	kingdom	Bray-Curtis distance	0.5	genus	d__Archaea;p__Thermoplasmatota;c__Thermoplasmata;o__Thermoplasmatales;f__Thermoplasmataceae;g__JAKAFX01;s__JAKAFX01 sp021802055	novel Archaea	novel genus	MetaPhlAn
GCA_021802055.1_genomic	metaphlan	phylum	Bray-Curtis distance	0.5	genus	d__Archaea;p__Thermoplasmatota;c__Thermoplasmata;o__Thermoplasmatales;f__Thermoplasmataceae;g__JAKAFX01;s__JAKAFX01 sp021802055	novel Archaea	novel genus	MetaPhlAn
GCA_021802055.1_genomic	metaphlan	class	Bray-Curtis distance	0.5	genus	d__Archaea;p__Thermoplasmatota;c__Thermoplasmata;o__Thermoplasmatales;f__Thermoplasmataceae;g__JAKAFX01;s__JAKAFX01 sp021802055	novel Archaea	novel genus	MetaPhlAn
GCA_021802055.1_genomic	metaphlan	order	Bray-Curtis distance	0.5	genus	d__Archaea;p__Thermoplasmatota;c__Thermoplasmata;o__Thermoplasmatales;f__Thermoplasmataceae;g__JAKAFX01;s__JAKAFX01 sp021802055	novel Archaea	novel genus	MetaPhlAn
GCA_021802055.1_genomic	metaphlan	family	Bray-Curtis distance	0.5	genus	d__Archaea;p__Thermoplasmatota;c__Thermoplasmata;o__Thermoplasmatales;f__Thermoplasmataceae;g__JAKAFX01;s__JAKAFX01 sp021802055	novel Archaea	novel genus	MetaPhlAn
GCA_021802055.1_genomic	metaphlan	genus	Bray-Curtis distance	0.5	genus	d__Archaea;p__Thermoplasmatota;c__Thermoplasmata;o__Thermoplasmatales;f__Thermoplasmataceae;g__JAKAFX01;s__JAKAFX01 sp021802055	novel Archaea	novel genus	MetaPhlAn
GCA_021802055.1_genomic	metaphlan	species	Bray-Curtis distance	1	genus	d__Archaea;p__Thermoplasmatota;c__Thermoplasmata;o__Thermoplasmatales;f__Thermoplasmataceae;g__JAKAFX01;s__JAKAFX01 sp021802055	novel Archaea	novel genus	MetaPhlAn
GCA_021802055.1_genomic	singlem	kingdom	Bray-Curtis distance	0.0321782178217822	genus	d__Archaea;p__Thermoplasmatota;c__Thermoplasmata;o__Thermoplasmatales;f__Thermoplasmataceae;g__JAKAFX01;s__JAKAFX01 sp021802055	novel Archaea	novel genus	SingleM
GCA_021802055.1_genomic	singlem	phylum	Bray-Curtis distance	0.0304087736789631	genus	d__Archaea;p__Thermoplasmatota;c__Thermoplasmata;o__Thermoplasmatales;f__Thermoplasmataceae;g__JAKAFX01;s__JAKAFX01 sp021802055	novel Archaea	novel genus	SingleM
GCA_021802055.1_genomic	singlem	class	Bray-Curtis distance	0.0304087736789631	genus	d__Archaea;p__Thermoplasmatota;c__Thermoplasmata;o__Thermoplasmatales;f__Thermoplasmataceae;g__JAKAFX01;s__JAKAFX01 sp021802055	novel Archaea	novel genus	SingleM
GCA_021802055.1_genomic	singlem	order	Bray-Curtis distance	0.0319520718921618	genus	d__Archaea;p__Thermoplasmatota;c__Thermoplasmata;o__Thermoplasmatales;f__Thermoplasmataceae;g__JAKAFX01;s__JAKAFX01 sp021802055	novel Archaea	novel genus	SingleM
GCA_021802055.1_genomic	singlem	family	Bray-Curtis distance	0.0319520718921618	genus	d__Archaea;p__Thermoplasmatota;c__Thermoplasmata;o__Thermoplasmatales;f__Thermoplasmataceae;g__JAKAFX01;s__JAKAFX01 sp021802055	novel Archaea	novel genus	SingleM
GCA_021802055.1_genomic	singlem	genus	Bray-Curtis distance	0.382208055636047	genus	d__Archaea;p__Thermoplasmatota;c__Thermoplasmata;o__Thermoplasmatales;f__Thermoplasmataceae;g__JAKAFX01;s__JAKAFX01 sp021802055	novel Archaea	novel genus	SingleM
GCA_021802055.1_genomic	singlem	species	Bray-Curtis distance	0.343516412089698	genus	d__Archaea;p__Thermoplasmatota;c__Thermoplasmata;o__Thermoplasmatales;f__Thermoplasmataceae;g__JAKAFX01;s__JAKAFX01 sp021802055	novel Archaea	novel genus	SingleM
GCA_021802055.1_genomic	singlem-regime3	kingdom	Bray-Curtis distance	0.0247068676716918	genus	d__Archaea;p__Thermoplasmatota;c__Thermoplasmata;o__Thermoplasmatales;f__Thermoplasmataceae;g__JAKAFX01;s__JAKAFX01 sp021802055	novel Archaea	novel genus	
GCA_021802055.1_genomic	singlem-regime3	phylum	Bray-Curtis distance	0.0247068676716918	genus	d__Archaea;p__Thermoplasmatota;c__Thermoplasmata;o__Thermoplasmatales;f__Thermoplasmataceae;g__JAKAFX01;s__JAKAFX01 sp021802055	novel Archaea	novel genus	
GCA_021802055.1_genomic	singlem-regime3	class	Bray-Curtis distance	0.0247068676716918	genus	d__Archaea;p__Thermoplasmatota;c__Thermoplasmata;o__Thermoplasmatales;f__Thermoplasmataceae;g__JAKAFX01;s__JAKAFX01 sp021802055	novel Archaea	novel genus	
GCA_021802055.1_genomic	singlem-regime3	order	Bray-Curtis distance	0.0247068676716918	genus	d__Archaea;p__Thermoplasmatota;c__Thermoplasmata;o__Thermoplasmatales;f__Thermoplasmataceae;g__JAKAFX01;s__JAKAFX01 sp021802055	novel Archaea	novel genus	
GCA_021802055.1_genomic	singlem-regime3	family	Bray-Curtis distance	0.0247068676716918	genus	d__Archaea;p__Thermoplasmatota;c__Thermoplasmata;o__Thermoplasmatales;f__Thermoplasmataceae;g__JAKAFX01;s__JAKAFX01 sp021802055	novel Archaea	novel genus	
GCA_021802055.1_genomic	singlem-regime3	genus	Bray-Curtis distance	0.366963866729235	genus	d__Archaea;p__Thermoplasmatota;c__Thermoplasmata;o__Thermoplasmatales;f__Thermoplasmataceae;g__JAKAFX01;s__JAKAFX01 sp021802055	novel Archaea	novel genus	
GCA_021802055.1_genomic	singlem-regime3	species	Bray-Curtis distance	0.344136226311453	genus	d__Archaea;p__Thermoplasmatota;c__Thermoplasmata;o__Thermoplasmatales;f__Thermoplasmataceae;g__JAKAFX01;s__JAKAFX01 sp021802055	novel Archaea	novel genus	
GCA_021803575.1_genomic	sylph	kingdom	Bray-Curtis distance	0.5	class	d__Bacteria;p__Bacillota_E;c__JAJZYS01;o__JAJZYS01;f__JAJZLH01;g__JAJZLH01;s__JAJZLH01 sp021803575	novel Bacteria	novel class	sylph
GCA_021803575.1_genomic	sylph	phylum	Bray-Curtis distance	0.5	class	d__Bacteria;p__Bacillota_E;c__JAJZYS01;o__JAJZYS01;f__JAJZLH01;g__JAJZLH01;s__JAJZLH01 sp021803575	novel Bacteria	novel class	sylph
GCA_021803575.1_genomic	sylph	class	Bray-Curtis distance	0.5	class	d__Bacteria;p__Bacillota_E;c__JAJZYS01;o__JAJZYS01;f__JAJZLH01;g__JAJZLH01;s__JAJZLH01 sp021803575	novel Bacteria	novel class	sylph
GCA_021803575.1_genomic	sylph	order	Bray-Curtis distance	0.5	class	d__Bacteria;p__Bacillota_E;c__JAJZYS01;o__JAJZYS01;f__JAJZLH01;g__JAJZLH01;s__JAJZLH01 sp021803575	novel Bacteria	novel class	sylph
GCA_021803575.1_genomic	sylph	family	Bray-Curtis distance	0.5	class	d__Bacteria;p__Bacillota_E;c__JAJZYS01;o__JAJZYS01;f__JAJZLH01;g__JAJZLH01;s__JAJZLH01 sp021803575	novel Bacteria	novel class	sylph
GCA_021803575.1_genomic	sylph	genus	Bray-Curtis distance	0.5	class	d__Bacteria;p__Bacillota_E;c__JAJZYS01;o__JAJZYS01;f__JAJZLH01;g__JAJZLH01;s__JAJZLH01 sp021803575	novel Bacteria	novel class	sylph
GCA_021803575.1_genomic	sylph	species	Bray-Curtis distance	0.5	class	d__Bacteria;p__Bacillota_E;c__JAJZYS01;o__JAJZYS01;f__JAJZLH01;g__JAJZLH01;s__JAJZLH01 sp021803575	novel Bacteria	novel class	sylph
GCA_021803575.1_genomic	metaphlan	kingdom	Bray-Curtis distance	0.5	class	d__Bacteria;p__Bacillota_E;c__JAJZYS01;o__JAJZYS01;f__JAJZLH01;g__JAJZLH01;s__JAJZLH01 sp021803575	novel Bacteria	novel class	MetaPhlAn
GCA_021803575.1_genomic	metaphlan	phylum	Bray-Curtis distance	0.5	class	d__Bacteria;p__Bacillota_E;c__JAJZYS01;o__JAJZYS01;f__JAJZLH01;g__JAJZLH01;s__JAJZLH01 sp021803575	novel Bacteria	novel class	MetaPhlAn
GCA_021803575.1_genomic	metaphlan	class	Bray-Curtis distance	0.5	class	d__Bacteria;p__Bacillota_E;c__JAJZYS01;o__JAJZYS01;f__JAJZLH01;g__JAJZLH01;s__JAJZLH01 sp021803575	novel Bacteria	novel class	MetaPhlAn
GCA_021803575.1_genomic	metaphlan	order	Bray-Curtis distance	0.5	class	d__Bacteria;p__Bacillota_E;c__JAJZYS01;o__JAJZYS01;f__JAJZLH01;g__JAJZLH01;s__JAJZLH01 sp021803575	novel Bacteria	novel class	MetaPhlAn
GCA_021803575.1_genomic	metaphlan	family	Bray-Curtis distance	0.5	class	d__Bacteria;p__Bacillota_E;c__JAJZYS01;o__JAJZYS01;f__JAJZLH01;g__JAJZLH01;s__JAJZLH01 sp021803575	novel Bacteria	novel class	MetaPhlAn
GCA_021803575.1_genomic	metaphlan	genus	Bray-Curtis distance	0.5	class	d__Bacteria;p__Bacillota_E;c__JAJZYS01;o__JAJZYS01;f__JAJZLH01;g__JAJZLH01;s__JAJZLH01 sp021803575	novel Bacteria	novel class	MetaPhlAn
GCA_021803575.1_genomic	metaphlan	species	Bray-Curtis distance	0.5	class	d__Bacteria;p__Bacillota_E;c__JAJZYS01;o__JAJZYS01;f__JAJZLH01;g__JAJZLH01;s__JAJZLH01 sp021803575	novel Bacteria	novel class	MetaPhlAn
GCA_021803575.1_genomic	singlem	kingdom	Bray-Curtis distance	0.160550458715596	class	d__Bacteria;p__Bacillota_E;c__JAJZYS01;o__JAJZYS01;f__JAJZLH01;g__JAJZLH01;s__JAJZLH01 sp021803575	novel Bacteria	novel class	SingleM
GCA_021803575.1_genomic	singlem	phylum	Bray-Curtis distance	0.462121212121212	class	d__Bacteria;p__Bacillota_E;c__JAJZYS01;o__JAJZYS01;f__JAJZLH01;g__JAJZLH01;s__JAJZLH01 sp021803575	novel Bacteria	novel class	SingleM
GCA_021803575.1_genomic	singlem	class	Bray-Curtis distance	0.526254375729288	class	d__Bacteria;p__Bacillota_E;c__JAJZYS01;o__JAJZYS01;f__JAJZLH01;g__JAJZLH01;s__JAJZLH01 sp021803575	novel Bacteria	novel class	SingleM
GCA_021803575.1_genomic	singlem	order	Bray-Curtis distance	0.526254375729288	class	d__Bacteria;p__Bacillota_E;c__JAJZYS01;o__JAJZYS01;f__JAJZLH01;g__JAJZLH01;s__JAJZLH01 sp021803575	novel Bacteria	novel class	SingleM
GCA_021803575.1_genomic	singlem	family	Bray-Curtis distance	0.526254375729288	class	d__Bacteria;p__Bacillota_E;c__JAJZYS01;o__JAJZYS01;f__JAJZLH01;g__JAJZLH01;s__JAJZLH01 sp021803575	novel Bacteria	novel class	SingleM
GCA_021803575.1_genomic	singlem	genus	Bray-Curtis distance	0.526254375729288	class	d__Bacteria;p__Bacillota_E;c__JAJZYS01;o__JAJZYS01;f__JAJZLH01;g__JAJZLH01;s__JAJZLH01 sp021803575	novel Bacteria	novel class	SingleM
GCA_021803575.1_genomic	singlem	species	Bray-Curtis distance	0.526254375729288	class	d__Bacteria;p__Bacillota_E;c__JAJZYS01;o__JAJZYS01;f__JAJZLH01;g__JAJZLH01;s__JAJZLH01 sp021803575	novel Bacteria	novel class	SingleM
GCA_021803575.1_genomic	singlem-regime3	kingdom	Bray-Curtis distance	0.0140012445550715	class	d__Bacteria;p__Bacillota_E;c__JAJZYS01;o__JAJZYS01;f__JAJZLH01;g__JAJZLH01;s__JAJZLH01 sp021803575	novel Bacteria	novel class	
GCA_021803575.1_genomic	singlem-regime3	phylum	Bray-Curtis distance	0.335425657120439	class	d__Bacteria;p__Bacillota_E;c__JAJZYS01;o__JAJZYS01;f__JAJZLH01;g__JAJZLH01;s__JAJZLH01 sp021803575	novel Bacteria	novel class	
GCA_021803575.1_genomic	singlem-regime3	class	Bray-Curtis distance	0.370922271445832	class	d__Bacteria;p__Bacillota_E;c__JAJZYS01;o__JAJZYS01;f__JAJZLH01;g__JAJZLH01;s__JAJZLH01 sp021803575	novel Bacteria	novel class	
GCA_021803575.1_genomic	singlem-regime3	order	Bray-Curtis distance	0.345896147403685	class	d__Bacteria;p__Bacillota_E;c__JAJZYS01;o__JAJZYS01;f__JAJZLH01;g__JAJZLH01;s__JAJZLH01 sp021803575	novel Bacteria	novel class	
GCA_021803575.1_genomic	singlem-regime3	family	Bray-Curtis distance	0.345896147403685	class	d__Bacteria;p__Bacillota_E;c__JAJZYS01;o__JAJZYS01;f__JAJZLH01;g__JAJZLH01;s__JAJZLH01 sp021803575	novel Bacteria	novel class	
GCA_021803575.1_genomic	singlem-regime3	genus	Bray-Curtis distance	0.345896147403685	class	d__Bacteria;p__Bacillota_E;c__JAJZYS01;o__JAJZYS01;f__JAJZLH01;g__JAJZLH01;s__JAJZLH01 sp021803575	novel Bacteria	novel class	
GCA_021803575.1_genomic	singlem-regime3	species	Bray-Curtis distance	0.375267436884895	class	d__Bacteria;p__Bacillota_E;c__JAJZYS01;o__JAJZYS01;f__JAJZLH01;g__JAJZLH01;s__JAJZLH01 sp021803575	novel Bacteria	novel class	
GCA_021806165.1_genomic	sylph	kingdom	Bray-Curtis distance	0.5	order	d__Archaea;p__Thermoplasmatota;c__Thermoplasmata;o__Sysuiplasmatales;f__Sysuiplasmataceae;g__JAJZXY01;s__JAJZXY01 sp021806165	novel Archaea	novel order	sylph
GCA_021806165.1_genomic	sylph	phylum	Bray-Curtis distance	0.5	order	d__Archaea;p__Thermoplasmatota;c__Thermoplasmata;o__Sysuiplasmatales;f__Sysuiplasmataceae;g__JAJZXY01;s__JAJZXY01 sp021806165	novel Archaea	novel order	sylph
GCA_021806165.1_genomic	sylph	class	Bray-Curtis distance	0.5	order	d__Archaea;p__Thermoplasmatota;c__Thermoplasmata;o__Sysuiplasmatales;f__Sysuiplasmataceae;g__JAJZXY01;s__JAJZXY01 sp021806165	novel Archaea	novel order	sylph
GCA_021806165.1_genomic	sylph	order	Bray-Curtis distance	0.5	order	d__Archaea;p__Thermoplasmatota;c__Thermoplasmata;o__Sysuiplasmatales;f__Sysuiplasmataceae;g__JAJZXY01;s__JAJZXY01 sp021806165	novel Archaea	novel order	sylph
GCA_021806165.1_genomic	sylph	family	Bray-Curtis distance	0.5	order	d__Archaea;p__Thermoplasmatota;c__Thermoplasmata;o__Sysuiplasmatales;f__Sysuiplasmataceae;g__JAJZXY01;s__JAJZXY01 sp021806165	novel Archaea	novel order	sylph
GCA_021806165.1_genomic	sylph	genus	Bray-Curtis distance	0.5	order	d__Archaea;p__Thermoplasmatota;c__Thermoplasmata;o__Sysuiplasmatales;f__Sysuiplasmataceae;g__JAJZXY01;s__JAJZXY01 sp021806165	novel Archaea	novel order	sylph
GCA_021806165.1_genomic	sylph	species	Bray-Curtis distance	0.5	order	d__Archaea;p__Thermoplasmatota;c__Thermoplasmata;o__Sysuiplasmatales;f__Sysuiplasmataceae;g__JAJZXY01;s__JAJZXY01 sp021806165	novel Archaea	novel order	sylph
GCA_021806165.1_genomic	metaphlan	kingdom	Bray-Curtis distance	0.5	order	d__Archaea;p__Thermoplasmatota;c__Thermoplasmata;o__Sysuiplasmatales;f__Sysuiplasmataceae;g__JAJZXY01;s__JAJZXY01 sp021806165	novel Archaea	novel order	MetaPhlAn
GCA_021806165.1_genomic	metaphlan	phylum	Bray-Curtis distance	0.5	order	d__Archaea;p__Thermoplasmatota;c__Thermoplasmata;o__Sysuiplasmatales;f__Sysuiplasmataceae;g__JAJZXY01;s__JAJZXY01 sp021806165	novel Archaea	novel order	MetaPhlAn
GCA_021806165.1_genomic	metaphlan	class	Bray-Curtis distance	0.5	order	d__Archaea;p__Thermoplasmatota;c__Thermoplasmata;o__Sysuiplasmatales;f__Sysuiplasmataceae;g__JAJZXY01;s__JAJZXY01 sp021806165	novel Archaea	novel order	MetaPhlAn
GCA_021806165.1_genomic	metaphlan	order	Bray-Curtis distance	0.5	order	d__Archaea;p__Thermoplasmatota;c__Thermoplasmata;o__Sysuiplasmatales;f__Sysuiplasmataceae;g__JAJZXY01;s__JAJZXY01 sp021806165	novel Archaea	novel order	MetaPhlAn
GCA_021806165.1_genomic	metaphlan	family	Bray-Curtis distance	0.5	order	d__Archaea;p__Thermoplasmatota;c__Thermoplasmata;o__Sysuiplasmatales;f__Sysuiplasmataceae;g__JAJZXY01;s__JAJZXY01 sp021806165	novel Archaea	novel order	MetaPhlAn
GCA_021806165.1_genomic	metaphlan	genus	Bray-Curtis distance	0.5	order	d__Archaea;p__Thermoplasmatota;c__Thermoplasmata;o__Sysuiplasmatales;f__Sysuiplasmataceae;g__JAJZXY01;s__JAJZXY01 sp021806165	novel Archaea	novel order	MetaPhlAn
GCA_021806165.1_genomic	metaphlan	species	Bray-Curtis distance	0.5	order	d__Archaea;p__Thermoplasmatota;c__Thermoplasmata;o__Sysuiplasmatales;f__Sysuiplasmataceae;g__JAJZXY01;s__JAJZXY01 sp021806165	novel Archaea	novel order	MetaPhlAn
GCA_021806165.1_genomic	singlem	kingdom	Bray-Curtis distance	0.039015606242497	order	d__Archaea;p__Thermoplasmatota;c__Thermoplasmata;o__Sysuiplasmatales;f__Sysuiplasmataceae;g__JAJZXY01;s__JAJZXY01 sp021806165	novel Archaea	novel order	SingleM
GCA_021806165.1_genomic	singlem	phylum	Bray-Curtis distance	0.0425531914893617	order	d__Archaea;p__Thermoplasmatota;c__Thermoplasmata;o__Sysuiplasmatales;f__Sysuiplasmataceae;g__JAJZXY01;s__JAJZXY01 sp021806165	novel Archaea	novel order	SingleM
GCA_021806165.1_genomic	singlem	class	Bray-Curtis distance	0.0577777777777778	order	d__Archaea;p__Thermoplasmatota;c__Thermoplasmata;o__Sysuiplasmatales;f__Sysuiplasmataceae;g__JAJZXY01;s__JAJZXY01 sp021806165	novel Archaea	novel order	SingleM
GCA_021806165.1_genomic	singlem	order	Bray-Curtis distance	0.270138888888889	order	d__Archaea;p__Thermoplasmatota;c__Thermoplasmata;o__Sysuiplasmatales;f__Sysuiplasmataceae;g__JAJZXY01;s__JAJZXY01 sp021806165	novel Archaea	novel order	SingleM
GCA_021806165.1_genomic	singlem	family	Bray-Curtis distance	0.415539234634712	order	d__Archaea;p__Thermoplasmatota;c__Thermoplasmata;o__Sysuiplasmatales;f__Sysuiplasmataceae;g__JAJZXY01;s__JAJZXY01 sp021806165	novel Archaea	novel order	SingleM
GCA_021806165.1_genomic	singlem	genus	Bray-Curtis distance	0.39252711932503	order	d__Archaea;p__Thermoplasmatota;c__Thermoplasmata;o__Sysuiplasmatales;f__Sysuiplasmataceae;g__JAJZXY01;s__JAJZXY01 sp021806165	novel Archaea	novel order	SingleM
GCA_021806165.1_genomic	singlem	species	Bray-Curtis distance	0.375722543352601	order	d__Archaea;p__Thermoplasmatota;c__Thermoplasmata;o__Sysuiplasmatales;f__Sysuiplasmataceae;g__JAJZXY01;s__JAJZXY01 sp021806165	novel Archaea	novel order	SingleM
GCA_021806165.1_genomic	singlem-regime3	kingdom	Bray-Curtis distance	0.00628019323671499	order	d__Archaea;p__Thermoplasmatota;c__Thermoplasmata;o__Sysuiplasmatales;f__Sysuiplasmataceae;g__JAJZXY01;s__JAJZXY01 sp021806165	novel Archaea	novel order	
GCA_021806165.1_genomic	singlem-regime3	phylum	Bray-Curtis distance	0.10851334180432	order	d__Archaea;p__Thermoplasmatota;c__Thermoplasmata;o__Sysuiplasmatales;f__Sysuiplasmataceae;g__JAJZXY01;s__JAJZXY01 sp021806165	novel Archaea	novel order	
GCA_021806165.1_genomic	singlem-regime3	class	Bray-Curtis distance	0.0826359832635984	order	d__Archaea;p__Thermoplasmatota;c__Thermoplasmata;o__Sysuiplasmatales;f__Sysuiplasmataceae;g__JAJZXY01;s__JAJZXY01 sp021806165	novel Archaea	novel order	
GCA_021806165.1_genomic	singlem-regime3	order	Bray-Curtis distance	0.295774647887324	order	d__Archaea;p__Thermoplasmatota;c__Thermoplasmata;o__Sysuiplasmatales;f__Sysuiplasmataceae;g__JAJZXY01;s__JAJZXY01 sp021806165	novel Archaea	novel order	
GCA_021806165.1_genomic	singlem-regime3	family	Bray-Curtis distance	0.374157991426822	order	d__Archaea;p__Thermoplasmatota;c__Thermoplasmata;o__Sysuiplasmatales;f__Sysuiplasmataceae;g__JAJZXY01;s__JAJZXY01 sp021806165	novel Archaea	novel order	
GCA_021806165.1_genomic	singlem-regime3	genus	Bray-Curtis distance	0.338939197930142	order	d__Archaea;p__Thermoplasmatota;c__Thermoplasmata;o__Sysuiplasmatales;f__Sysuiplasmataceae;g__JAJZXY01;s__JAJZXY01 sp021806165	novel Archaea	novel order	
GCA_021806165.1_genomic	singlem-regime3	species	Bray-Curtis distance	0.338939197930142	order	d__Archaea;p__Thermoplasmatota;c__Thermoplasmata;o__Sysuiplasmatales;f__Sysuiplasmataceae;g__JAJZXY01;s__JAJZXY01 sp021806165	novel Archaea	novel order	
GCA_021808365.1_genomic	sylph	kingdom	Bray-Curtis distance	0.5	order	d__Bacteria;p__Pseudomonadota;c__Gammaproteobacteria;o__JAKBBU01;f__JAKBBU01;g__JAKBBU01;s__JAKBBU01 sp021808365	novel Bacteria	novel order	sylph
GCA_021808365.1_genomic	sylph	phylum	Bray-Curtis distance	0.5	order	d__Bacteria;p__Pseudomonadota;c__Gammaproteobacteria;o__JAKBBU01;f__JAKBBU01;g__JAKBBU01;s__JAKBBU01 sp021808365	novel Bacteria	novel order	sylph
GCA_021808365.1_genomic	sylph	class	Bray-Curtis distance	0.5	order	d__Bacteria;p__Pseudomonadota;c__Gammaproteobacteria;o__JAKBBU01;f__JAKBBU01;g__JAKBBU01;s__JAKBBU01 sp021808365	novel Bacteria	novel order	sylph
GCA_021808365.1_genomic	sylph	order	Bray-Curtis distance	0.5	order	d__Bacteria;p__Pseudomonadota;c__Gammaproteobacteria;o__JAKBBU01;f__JAKBBU01;g__JAKBBU01;s__JAKBBU01 sp021808365	novel Bacteria	novel order	sylph
GCA_021808365.1_genomic	sylph	family	Bray-Curtis distance	0.5	order	d__Bacteria;p__Pseudomonadota;c__Gammaproteobacteria;o__JAKBBU01;f__JAKBBU01;g__JAKBBU01;s__JAKBBU01 sp021808365	novel Bacteria	novel order	sylph
GCA_021808365.1_genomic	sylph	genus	Bray-Curtis distance	0.5	order	d__Bacteria;p__Pseudomonadota;c__Gammaproteobacteria;o__JAKBBU01;f__JAKBBU01;g__JAKBBU01;s__JAKBBU01 sp021808365	novel Bacteria	novel order	sylph
GCA_021808365.1_genomic	sylph	species	Bray-Curtis distance	0.5	order	d__Bacteria;p__Pseudomonadota;c__Gammaproteobacteria;o__JAKBBU01;f__JAKBBU01;g__JAKBBU01;s__JAKBBU01 sp021808365	novel Bacteria	novel order	sylph
GCA_021808365.1_genomic	metaphlan	kingdom	Bray-Curtis distance	0.5	order	d__Bacteria;p__Pseudomonadota;c__Gammaproteobacteria;o__JAKBBU01;f__JAKBBU01;g__JAKBBU01;s__JAKBBU01 sp021808365	novel Bacteria	novel order	MetaPhlAn
GCA_021808365.1_genomic	metaphlan	phylum	Bray-Curtis distance	0.5	order	d__Bacteria;p__Pseudomonadota;c__Gammaproteobacteria;o__JAKBBU01;f__JAKBBU01;g__JAKBBU01;s__JAKBBU01 sp021808365	novel Bacteria	novel order	MetaPhlAn
GCA_021808365.1_genomic	metaphlan	class	Bray-Curtis distance	0.5	order	d__Bacteria;p__Pseudomonadota;c__Gammaproteobacteria;o__JAKBBU01;f__JAKBBU01;g__JAKBBU01;s__JAKBBU01 sp021808365	novel Bacteria	novel order	MetaPhlAn
GCA_021808365.1_genomic	metaphlan	order	Bray-Curtis distance	0.5	order	d__Bacteria;p__Pseudomonadota;c__Gammaproteobacteria;o__JAKBBU01;f__JAKBBU01;g__JAKBBU01;s__JAKBBU01 sp021808365	novel Bacteria	novel order	MetaPhlAn
GCA_021808365.1_genomic	metaphlan	family	Bray-Curtis distance	0.5	order	d__Bacteria;p__Pseudomonadota;c__Gammaproteobacteria;o__JAKBBU01;f__JAKBBU01;g__JAKBBU01;s__JAKBBU01 sp021808365	novel Bacteria	novel order	MetaPhlAn
GCA_021808365.1_genomic	metaphlan	genus	Bray-Curtis distance	0.5	order	d__Bacteria;p__Pseudomonadota;c__Gammaproteobacteria;o__JAKBBU01;f__JAKBBU01;g__JAKBBU01;s__JAKBBU01 sp021808365	novel Bacteria	novel order	MetaPhlAn
GCA_021808365.1_genomic	metaphlan	species	Bray-Curtis distance	0.5	order	d__Bacteria;p__Pseudomonadota;c__Gammaproteobacteria;o__JAKBBU01;f__JAKBBU01;g__JAKBBU01;s__JAKBBU01 sp021808365	novel Bacteria	novel order	MetaPhlAn
GCA_021808365.1_genomic	singlem	kingdom	Bray-Curtis distance	0.00965824665676077	order	d__Bacteria;p__Pseudomonadota;c__Gammaproteobacteria;o__JAKBBU01;f__JAKBBU01;g__JAKBBU01;s__JAKBBU01 sp021808365	novel Bacteria	novel order	SingleM
GCA_021808365.1_genomic	singlem	phylum	Bray-Curtis distance	0.0356501667094127	order	d__Bacteria;p__Pseudomonadota;c__Gammaproteobacteria;o__JAKBBU01;f__JAKBBU01;g__JAKBBU01;s__JAKBBU01 sp021808365	novel Bacteria	novel order	SingleM
GCA_021808365.1_genomic	singlem	class	Bray-Curtis distance	0.0431413071557737	order	d__Bacteria;p__Pseudomonadota;c__Gammaproteobacteria;o__JAKBBU01;f__JAKBBU01;g__JAKBBU01;s__JAKBBU01 sp021808365	novel Bacteria	novel order	SingleM
GCA_021808365.1_genomic	singlem	order	Bray-Curtis distance	0.395792241946088	order	d__Bacteria;p__Pseudomonadota;c__Gammaproteobacteria;o__JAKBBU01;f__JAKBBU01;g__JAKBBU01;s__JAKBBU01 sp021808365	novel Bacteria	novel order	SingleM
GCA_021808365.1_genomic	singlem	family	Bray-Curtis distance	0.386924616410941	order	d__Bacteria;p__Pseudomonadota;c__Gammaproteobacteria;o__JAKBBU01;f__JAKBBU01;g__JAKBBU01;s__JAKBBU01 sp021808365	novel Bacteria	novel order	SingleM
GCA_021808365.1_genomic	singlem	genus	Bray-Curtis distance	0.374404356705242	order	d__Bacteria;p__Pseudomonadota;c__Gammaproteobacteria;o__JAKBBU01;f__JAKBBU01;g__JAKBBU01;s__JAKBBU01 sp021808365	novel Bacteria	novel order	SingleM
GCA_021808365.1_genomic	singlem	species	Bray-Curtis distance	0.374404356705242	order	d__Bacteria;p__Pseudomonadota;c__Gammaproteobacteria;o__JAKBBU01;f__JAKBBU01;g__JAKBBU01;s__JAKBBU01 sp021808365	novel Bacteria	novel order	SingleM
GCA_021808365.1_genomic	singlem-regime3	kingdom	Bray-Curtis distance	0.0129639044229791	order	d__Bacteria;p__Pseudomonadota;c__Gammaproteobacteria;o__JAKBBU01;f__JAKBBU01;g__JAKBBU01;s__JAKBBU01 sp021808365	novel Bacteria	novel order	
GCA_021808365.1_genomic	singlem-regime3	phylum	Bray-Curtis distance	0.0249485596707819	order	d__Bacteria;p__Pseudomonadota;c__Gammaproteobacteria;o__JAKBBU01;f__JAKBBU01;g__JAKBBU01;s__JAKBBU01 sp021808365	novel Bacteria	novel order	
GCA_021808365.1_genomic	singlem-regime3	class	Bray-Curtis distance	0.0249485596707819	order	d__Bacteria;p__Pseudomonadota;c__Gammaproteobacteria;o__JAKBBU01;f__JAKBBU01;g__JAKBBU01;s__JAKBBU01 sp021808365	novel Bacteria	novel order	
GCA_021808365.1_genomic	singlem-regime3	order	Bray-Curtis distance	0.349752066115703	order	d__Bacteria;p__Pseudomonadota;c__Gammaproteobacteria;o__JAKBBU01;f__JAKBBU01;g__JAKBBU01;s__JAKBBU01 sp021808365	novel Bacteria	novel order	
GCA_021808365.1_genomic	singlem-regime3	family	Bray-Curtis distance	0.339045698924731	order	d__Bacteria;p__Pseudomonadota;c__Gammaproteobacteria;o__JAKBBU01;f__JAKBBU01;g__JAKBBU01;s__JAKBBU01 sp021808365	novel Bacteria	novel order	
GCA_021808365.1_genomic	singlem-regime3	genus	Bray-Curtis distance	0.339045698924731	order	d__Bacteria;p__Pseudomonadota;c__Gammaproteobacteria;o__JAKBBU01;f__JAKBBU01;g__JAKBBU01;s__JAKBBU01 sp021808365	novel Bacteria	novel order	
GCA_021808365.1_genomic	singlem-regime3	species	Bray-Curtis distance	0.34174624829468	order	d__Bacteria;p__Pseudomonadota;c__Gammaproteobacteria;o__JAKBBU01;f__JAKBBU01;g__JAKBBU01;s__JAKBBU01 sp021808365	novel Bacteria	novel order	
GCA_021810045.1_genomic	sylph	kingdom	Bray-Curtis distance	0.5	genus	d__Archaea;p__Thermoplasmatota;c__Thermoplasmata;o__Thermoplasmatales;f__Thermoplasmataceae;g__JAJZOM01;s__JAJZOM01 sp021810045	novel Archaea	novel genus	sylph
GCA_021810045.1_genomic	sylph	phylum	Bray-Curtis distance	0.5	genus	d__Archaea;p__Thermoplasmatota;c__Thermoplasmata;o__Thermoplasmatales;f__Thermoplasmataceae;g__JAJZOM01;s__JAJZOM01 sp021810045	novel Archaea	novel genus	sylph
GCA_021810045.1_genomic	sylph	class	Bray-Curtis distance	0.5	genus	d__Archaea;p__Thermoplasmatota;c__Thermoplasmata;o__Thermoplasmatales;f__Thermoplasmataceae;g__JAJZOM01;s__JAJZOM01 sp021810045	novel Archaea	novel genus	sylph
GCA_021810045.1_genomic	sylph	order	Bray-Curtis distance	0.5	genus	d__Archaea;p__Thermoplasmatota;c__Thermoplasmata;o__Thermoplasmatales;f__Thermoplasmataceae;g__JAJZOM01;s__JAJZOM01 sp021810045	novel Archaea	novel genus	sylph
GCA_021810045.1_genomic	sylph	family	Bray-Curtis distance	0.5	genus	d__Archaea;p__Thermoplasmatota;c__Thermoplasmata;o__Thermoplasmatales;f__Thermoplasmataceae;g__JAJZOM01;s__JAJZOM01 sp021810045	novel Archaea	novel genus	sylph
GCA_021810045.1_genomic	sylph	genus	Bray-Curtis distance	0.5	genus	d__Archaea;p__Thermoplasmatota;c__Thermoplasmata;o__Thermoplasmatales;f__Thermoplasmataceae;g__JAJZOM01;s__JAJZOM01 sp021810045	novel Archaea	novel genus	sylph
GCA_021810045.1_genomic	sylph	species	Bray-Curtis distance	0.5	genus	d__Archaea;p__Thermoplasmatota;c__Thermoplasmata;o__Thermoplasmatales;f__Thermoplasmataceae;g__JAJZOM01;s__JAJZOM01 sp021810045	novel Archaea	novel genus	sylph
GCA_021810045.1_genomic	metaphlan	kingdom	Bray-Curtis distance	0.5	genus	d__Archaea;p__Thermoplasmatota;c__Thermoplasmata;o__Thermoplasmatales;f__Thermoplasmataceae;g__JAJZOM01;s__JAJZOM01 sp021810045	novel Archaea	novel genus	MetaPhlAn
GCA_021810045.1_genomic	metaphlan	phylum	Bray-Curtis distance	0.5	genus	d__Archaea;p__Thermoplasmatota;c__Thermoplasmata;o__Thermoplasmatales;f__Thermoplasmataceae;g__JAJZOM01;s__JAJZOM01 sp021810045	novel Archaea	novel genus	MetaPhlAn
GCA_021810045.1_genomic	metaphlan	class	Bray-Curtis distance	0.5	genus	d__Archaea;p__Thermoplasmatota;c__Thermoplasmata;o__Thermoplasmatales;f__Thermoplasmataceae;g__JAJZOM01;s__JAJZOM01 sp021810045	novel Archaea	novel genus	MetaPhlAn
GCA_021810045.1_genomic	metaphlan	order	Bray-Curtis distance	0.5	genus	d__Archaea;p__Thermoplasmatota;c__Thermoplasmata;o__Thermoplasmatales;f__Thermoplasmataceae;g__JAJZOM01;s__JAJZOM01 sp021810045	novel Archaea	novel genus	MetaPhlAn
GCA_021810045.1_genomic	metaphlan	family	Bray-Curtis distance	0.5	genus	d__Archaea;p__Thermoplasmatota;c__Thermoplasmata;o__Thermoplasmatales;f__Thermoplasmataceae;g__JAJZOM01;s__JAJZOM01 sp021810045	novel Archaea	novel genus	MetaPhlAn
GCA_021810045.1_genomic	metaphlan	genus	Bray-Curtis distance	0.5	genus	d__Archaea;p__Thermoplasmatota;c__Thermoplasmata;o__Thermoplasmatales;f__Thermoplasmataceae;g__JAJZOM01;s__JAJZOM01 sp021810045	novel Archaea	novel genus	MetaPhlAn
GCA_021810045.1_genomic	metaphlan	species	Bray-Curtis distance	0.5	genus	d__Archaea;p__Thermoplasmatota;c__Thermoplasmata;o__Thermoplasmatales;f__Thermoplasmataceae;g__JAJZOM01;s__JAJZOM01 sp021810045	novel Archaea	novel genus	MetaPhlAn
GCA_021810045.1_genomic	singlem	kingdom	Bray-Curtis distance	0.00492483151892174	genus	d__Archaea;p__Thermoplasmatota;c__Thermoplasmata;o__Thermoplasmatales;f__Thermoplasmataceae;g__JAJZOM01;s__JAJZOM01 sp021810045	novel Archaea	novel genus	SingleM
GCA_021810045.1_genomic	singlem	phylum	Bray-Curtis distance	0.00492483151892174	genus	d__Archaea;p__Thermoplasmatota;c__Thermoplasmata;o__Thermoplasmatales;f__Thermoplasmataceae;g__JAJZOM01;s__JAJZOM01 sp021810045	novel Archaea	novel genus	SingleM
GCA_021810045.1_genomic	singlem	class	Bray-Curtis distance	0.00492483151892174	genus	d__Archaea;p__Thermoplasmatota;c__Thermoplasmata;o__Thermoplasmatales;f__Thermoplasmataceae;g__JAJZOM01;s__JAJZOM01 sp021810045	novel Archaea	novel genus	SingleM
GCA_021810045.1_genomic	singlem	order	Bray-Curtis distance	0.00363353231248379	genus	d__Archaea;p__Thermoplasmatota;c__Thermoplasmata;o__Thermoplasmatales;f__Thermoplasmataceae;g__JAJZOM01;s__JAJZOM01 sp021810045	novel Archaea	novel genus	SingleM
GCA_021810045.1_genomic	singlem	family	Bray-Curtis distance	0.00363353231248379	genus	d__Archaea;p__Thermoplasmatota;c__Thermoplasmata;o__Thermoplasmatales;f__Thermoplasmataceae;g__JAJZOM01;s__JAJZOM01 sp021810045	novel Archaea	novel genus	SingleM
GCA_021810045.1_genomic	singlem	genus	Bray-Curtis distance	0.081404846174789	genus	d__Archaea;p__Thermoplasmatota;c__Thermoplasmata;o__Thermoplasmatales;f__Thermoplasmataceae;g__JAJZOM01;s__JAJZOM01 sp021810045	novel Archaea	novel genus	SingleM
GCA_021810045.1_genomic	singlem	species	Bray-Curtis distance	0.337725381414702	genus	d__Archaea;p__Thermoplasmatota;c__Thermoplasmata;o__Thermoplasmatales;f__Thermoplasmataceae;g__JAJZOM01;s__JAJZOM01 sp021810045	novel Archaea	novel genus	SingleM
GCA_021810045.1_genomic	singlem-regime3	kingdom	Bray-Curtis distance	0.00580514891468958	genus	d__Archaea;p__Thermoplasmatota;c__Thermoplasmata;o__Thermoplasmatales;f__Thermoplasmataceae;g__JAJZOM01;s__JAJZOM01 sp021810045	novel Archaea	novel genus	
GCA_021810045.1_genomic	singlem-regime3	phylum	Bray-Curtis distance	0.00580514891468958	genus	d__Archaea;p__Thermoplasmatota;c__Thermoplasmata;o__Thermoplasmatales;f__Thermoplasmataceae;g__JAJZOM01;s__JAJZOM01 sp021810045	novel Archaea	novel genus	
GCA_021810045.1_genomic	singlem-regime3	class	Bray-Curtis distance	0.00580514891468958	genus	d__Archaea;p__Thermoplasmatota;c__Thermoplasmata;o__Thermoplasmatales;f__Thermoplasmataceae;g__JAJZOM01;s__JAJZOM01 sp021810045	novel Archaea	novel genus	
GCA_021810045.1_genomic	singlem-regime3	order	Bray-Curtis distance	0.00580514891468958	genus	d__Archaea;p__Thermoplasmatota;c__Thermoplasmata;o__Thermoplasmatales;f__Thermoplasmataceae;g__JAJZOM01;s__JAJZOM01 sp021810045	novel Archaea	novel genus	
GCA_021810045.1_genomic	singlem-regime3	family	Bray-Curtis distance	0.00580514891468958	genus	d__Archaea;p__Thermoplasmatota;c__Thermoplasmata;o__Thermoplasmatales;f__Thermoplasmataceae;g__JAJZOM01;s__JAJZOM01 sp021810045	novel Archaea	novel genus	
GCA_021810045.1_genomic	singlem-regime3	genus	Bray-Curtis distance	0.0952252495279203	genus	d__Archaea;p__Thermoplasmatota;c__Thermoplasmata;o__Thermoplasmatales;f__Thermoplasmataceae;g__JAJZOM01;s__JAJZOM01 sp021810045	novel Archaea	novel genus	
GCA_021810045.1_genomic	singlem-regime3	species	Bray-Curtis distance	0.338513513513514	genus	d__Archaea;p__Thermoplasmatota;c__Thermoplasmata;o__Thermoplasmatales;f__Thermoplasmataceae;g__JAJZOM01;s__JAJZOM01 sp021810045	novel Archaea	novel genus	
GCA_021810565.1_genomic	sylph	kingdom	Bray-Curtis distance	0.5	class	d__Bacteria;p__Bacillota_E;c__JAJZIM01;o__JAJZIM01;f__JAJZIM01;g__JAJZIM01;s__JAJZIM01 sp021810565	novel Bacteria	novel class	sylph
GCA_021810565.1_genomic	sylph	phylum	Bray-Curtis distance	0.5	class	d__Bacteria;p__Bacillota_E;c__JAJZIM01;o__JAJZIM01;f__JAJZIM01;g__JAJZIM01;s__JAJZIM01 sp021810565	novel Bacteria	novel class	sylph
GCA_021810565.1_genomic	sylph	class	Bray-Curtis distance	0.5	class	d__Bacteria;p__Bacillota_E;c__JAJZIM01;o__JAJZIM01;f__JAJZIM01;g__JAJZIM01;s__JAJZIM01 sp021810565	novel Bacteria	novel class	sylph
GCA_021810565.1_genomic	sylph	order	Bray-Curtis distance	0.5	class	d__Bacteria;p__Bacillota_E;c__JAJZIM01;o__JAJZIM01;f__JAJZIM01;g__JAJZIM01;s__JAJZIM01 sp021810565	novel Bacteria	novel class	sylph
GCA_021810565.1_genomic	sylph	family	Bray-Curtis distance	0.5	class	d__Bacteria;p__Bacillota_E;c__JAJZIM01;o__JAJZIM01;f__JAJZIM01;g__JAJZIM01;s__JAJZIM01 sp021810565	novel Bacteria	novel class	sylph
GCA_021810565.1_genomic	sylph	genus	Bray-Curtis distance	0.5	class	d__Bacteria;p__Bacillota_E;c__JAJZIM01;o__JAJZIM01;f__JAJZIM01;g__JAJZIM01;s__JAJZIM01 sp021810565	novel Bacteria	novel class	sylph
GCA_021810565.1_genomic	sylph	species	Bray-Curtis distance	0.5	class	d__Bacteria;p__Bacillota_E;c__JAJZIM01;o__JAJZIM01;f__JAJZIM01;g__JAJZIM01;s__JAJZIM01 sp021810565	novel Bacteria	novel class	sylph
GCA_021810565.1_genomic	metaphlan	kingdom	Bray-Curtis distance	0.5	class	d__Bacteria;p__Bacillota_E;c__JAJZIM01;o__JAJZIM01;f__JAJZIM01;g__JAJZIM01;s__JAJZIM01 sp021810565	novel Bacteria	novel class	MetaPhlAn
GCA_021810565.1_genomic	metaphlan	phylum	Bray-Curtis distance	0.5	class	d__Bacteria;p__Bacillota_E;c__JAJZIM01;o__JAJZIM01;f__JAJZIM01;g__JAJZIM01;s__JAJZIM01 sp021810565	novel Bacteria	novel class	MetaPhlAn
GCA_021810565.1_genomic	metaphlan	class	Bray-Curtis distance	0.5	class	d__Bacteria;p__Bacillota_E;c__JAJZIM01;o__JAJZIM01;f__JAJZIM01;g__JAJZIM01;s__JAJZIM01 sp021810565	novel Bacteria	novel class	MetaPhlAn
GCA_021810565.1_genomic	metaphlan	order	Bray-Curtis distance	0.5	class	d__Bacteria;p__Bacillota_E;c__JAJZIM01;o__JAJZIM01;f__JAJZIM01;g__JAJZIM01;s__JAJZIM01 sp021810565	novel Bacteria	novel class	MetaPhlAn
GCA_021810565.1_genomic	metaphlan	family	Bray-Curtis distance	0.5	class	d__Bacteria;p__Bacillota_E;c__JAJZIM01;o__JAJZIM01;f__JAJZIM01;g__JAJZIM01;s__JAJZIM01 sp021810565	novel Bacteria	novel class	MetaPhlAn
GCA_021810565.1_genomic	metaphlan	genus	Bray-Curtis distance	0.5	class	d__Bacteria;p__Bacillota_E;c__JAJZIM01;o__JAJZIM01;f__JAJZIM01;g__JAJZIM01;s__JAJZIM01 sp021810565	novel Bacteria	novel class	MetaPhlAn
GCA_021810565.1_genomic	metaphlan	species	Bray-Curtis distance	1	class	d__Bacteria;p__Bacillota_E;c__JAJZIM01;o__JAJZIM01;f__JAJZIM01;g__JAJZIM01;s__JAJZIM01 sp021810565	novel Bacteria	novel class	MetaPhlAn
GCA_021810565.1_genomic	singlem	kingdom	Bray-Curtis distance	0.0331294597349643	class	d__Bacteria;p__Bacillota_E;c__JAJZIM01;o__JAJZIM01;f__JAJZIM01;g__JAJZIM01;s__JAJZIM01 sp021810565	novel Bacteria	novel class	SingleM
GCA_021810565.1_genomic	singlem	phylum	Bray-Curtis distance	0.292838874680307	class	d__Bacteria;p__Bacillota_E;c__JAJZIM01;o__JAJZIM01;f__JAJZIM01;g__JAJZIM01;s__JAJZIM01 sp021810565	novel Bacteria	novel class	SingleM
GCA_021810565.1_genomic	singlem	class	Bray-Curtis distance	0.384719405003381	class	d__Bacteria;p__Bacillota_E;c__JAJZIM01;o__JAJZIM01;f__JAJZIM01;g__JAJZIM01;s__JAJZIM01 sp021810565	novel Bacteria	novel class	SingleM
GCA_021810565.1_genomic	singlem	order	Bray-Curtis distance	0.366295264623955	class	d__Bacteria;p__Bacillota_E;c__JAJZIM01;o__JAJZIM01;f__JAJZIM01;g__JAJZIM01;s__JAJZIM01 sp021810565	novel Bacteria	novel class	SingleM
GCA_021810565.1_genomic	singlem	family	Bray-Curtis distance	0.366295264623955	class	d__Bacteria;p__Bacillota_E;c__JAJZIM01;o__JAJZIM01;f__JAJZIM01;g__JAJZIM01;s__JAJZIM01 sp021810565	novel Bacteria	novel class	SingleM
GCA_021810565.1_genomic	singlem	genus	Bray-Curtis distance	0.366295264623955	class	d__Bacteria;p__Bacillota_E;c__JAJZIM01;o__JAJZIM01;f__JAJZIM01;g__JAJZIM01;s__JAJZIM01 sp021810565	novel Bacteria	novel class	SingleM
GCA_021810565.1_genomic	singlem	species	Bray-Curtis distance	0.366295264623955	class	d__Bacteria;p__Bacillota_E;c__JAJZIM01;o__JAJZIM01;f__JAJZIM01;g__JAJZIM01;s__JAJZIM01 sp021810565	novel Bacteria	novel class	SingleM
GCA_021810565.1_genomic	singlem-regime3	kingdom	Bray-Curtis distance	0.0474525474525474	class	d__Bacteria;p__Bacillota_E;c__JAJZIM01;o__JAJZIM01;f__JAJZIM01;g__JAJZIM01;s__JAJZIM01 sp021810565	novel Bacteria	novel class	
GCA_021810565.1_genomic	singlem-regime3	phylum	Bray-Curtis distance	0.362847741549506	class	d__Bacteria;p__Bacillota_E;c__JAJZIM01;o__JAJZIM01;f__JAJZIM01;g__JAJZIM01;s__JAJZIM01 sp021810565	novel Bacteria	novel class	
GCA_021810565.1_genomic	singlem-regime3	class	Bray-Curtis distance	0.394789579158317	class	d__Bacteria;p__Bacillota_E;c__JAJZIM01;o__JAJZIM01;f__JAJZIM01;g__JAJZIM01;s__JAJZIM01 sp021810565	novel Bacteria	novel class	
GCA_021810565.1_genomic	singlem-regime3	order	Bray-Curtis distance	0.376891334250344	class	d__Bacteria;p__Bacillota_E;c__JAJZIM01;o__JAJZIM01;f__JAJZIM01;g__JAJZIM01;s__JAJZIM01 sp021810565	novel Bacteria	novel class	
GCA_021810565.1_genomic	singlem-regime3	family	Bray-Curtis distance	0.376891334250344	class	d__Bacteria;p__Bacillota_E;c__JAJZIM01;o__JAJZIM01;f__JAJZIM01;g__JAJZIM01;s__JAJZIM01 sp021810565	novel Bacteria	novel class	
GCA_021810565.1_genomic	singlem-regime3	genus	Bray-Curtis distance	0.376891334250344	class	d__Bacteria;p__Bacillota_E;c__JAJZIM01;o__JAJZIM01;f__JAJZIM01;g__JAJZIM01;s__JAJZIM01 sp021810565	novel Bacteria	novel class	
GCA_021810565.1_genomic	singlem-regime3	species	Bray-Curtis distance	0.416342412451362	class	d__Bacteria;p__Bacillota_E;c__JAJZIM01;o__JAJZIM01;f__JAJZIM01;g__JAJZIM01;s__JAJZIM01 sp021810565	novel Bacteria	novel class	
GCA_021811325.1_genomic	sylph	kingdom	Bray-Curtis distance	0.5	class	d__Bacteria;p__Bacillota_E;c__JAJYWN01;o__JAJYWN01;f__JAJZPE01;g__JAJZPE01;s__JAJZPE01 sp021811325	novel Bacteria	novel class	sylph
GCA_021811325.1_genomic	sylph	phylum	Bray-Curtis distance	0.5	class	d__Bacteria;p__Bacillota_E;c__JAJYWN01;o__JAJYWN01;f__JAJZPE01;g__JAJZPE01;s__JAJZPE01 sp021811325	novel Bacteria	novel class	sylph
GCA_021811325.1_genomic	sylph	class	Bray-Curtis distance	0.5	class	d__Bacteria;p__Bacillota_E;c__JAJYWN01;o__JAJYWN01;f__JAJZPE01;g__JAJZPE01;s__JAJZPE01 sp021811325	novel Bacteria	novel class	sylph
GCA_021811325.1_genomic	sylph	order	Bray-Curtis distance	0.5	class	d__Bacteria;p__Bacillota_E;c__JAJYWN01;o__JAJYWN01;f__JAJZPE01;g__JAJZPE01;s__JAJZPE01 sp021811325	novel Bacteria	novel class	sylph
GCA_021811325.1_genomic	sylph	family	Bray-Curtis distance	0.5	class	d__Bacteria;p__Bacillota_E;c__JAJYWN01;o__JAJYWN01;f__JAJZPE01;g__JAJZPE01;s__JAJZPE01 sp021811325	novel Bacteria	novel class	sylph
GCA_021811325.1_genomic	sylph	genus	Bray-Curtis distance	0.5	class	d__Bacteria;p__Bacillota_E;c__JAJYWN01;o__JAJYWN01;f__JAJZPE01;g__JAJZPE01;s__JAJZPE01 sp021811325	novel Bacteria	novel class	sylph
GCA_021811325.1_genomic	sylph	species	Bray-Curtis distance	0.5	class	d__Bacteria;p__Bacillota_E;c__JAJYWN01;o__JAJYWN01;f__JAJZPE01;g__JAJZPE01;s__JAJZPE01 sp021811325	novel Bacteria	novel class	sylph
GCA_021811325.1_genomic	metaphlan	kingdom	Bray-Curtis distance	0.5	class	d__Bacteria;p__Bacillota_E;c__JAJYWN01;o__JAJYWN01;f__JAJZPE01;g__JAJZPE01;s__JAJZPE01 sp021811325	novel Bacteria	novel class	MetaPhlAn
GCA_021811325.1_genomic	metaphlan	phylum	Bray-Curtis distance	0.5	class	d__Bacteria;p__Bacillota_E;c__JAJYWN01;o__JAJYWN01;f__JAJZPE01;g__JAJZPE01;s__JAJZPE01 sp021811325	novel Bacteria	novel class	MetaPhlAn
GCA_021811325.1_genomic	metaphlan	class	Bray-Curtis distance	0.5	class	d__Bacteria;p__Bacillota_E;c__JAJYWN01;o__JAJYWN01;f__JAJZPE01;g__JAJZPE01;s__JAJZPE01 sp021811325	novel Bacteria	novel class	MetaPhlAn
GCA_021811325.1_genomic	metaphlan	order	Bray-Curtis distance	0.5	class	d__Bacteria;p__Bacillota_E;c__JAJYWN01;o__JAJYWN01;f__JAJZPE01;g__JAJZPE01;s__JAJZPE01 sp021811325	novel Bacteria	novel class	MetaPhlAn
GCA_021811325.1_genomic	metaphlan	family	Bray-Curtis distance	0.5	class	d__Bacteria;p__Bacillota_E;c__JAJYWN01;o__JAJYWN01;f__JAJZPE01;g__JAJZPE01;s__JAJZPE01 sp021811325	novel Bacteria	novel class	MetaPhlAn
GCA_021811325.1_genomic	metaphlan	genus	Bray-Curtis distance	0.5	class	d__Bacteria;p__Bacillota_E;c__JAJYWN01;o__JAJYWN01;f__JAJZPE01;g__JAJZPE01;s__JAJZPE01 sp021811325	novel Bacteria	novel class	MetaPhlAn
GCA_021811325.1_genomic	metaphlan	species	Bray-Curtis distance	0.5	class	d__Bacteria;p__Bacillota_E;c__JAJYWN01;o__JAJYWN01;f__JAJZPE01;g__JAJZPE01;s__JAJZPE01 sp021811325	novel Bacteria	novel class	MetaPhlAn
GCA_021811325.1_genomic	singlem	kingdom	Bray-Curtis distance	0.00677370797792275	class	d__Bacteria;p__Bacillota_E;c__JAJYWN01;o__JAJYWN01;f__JAJZPE01;g__JAJZPE01;s__JAJZPE01 sp021811325	novel Bacteria	novel class	SingleM
GCA_021811325.1_genomic	singlem	phylum	Bray-Curtis distance	0.320508842693143	class	d__Bacteria;p__Bacillota_E;c__JAJYWN01;o__JAJYWN01;f__JAJZPE01;g__JAJZPE01;s__JAJZPE01 sp021811325	novel Bacteria	novel class	SingleM
GCA_021811325.1_genomic	singlem	class	Bray-Curtis distance	0.324252491694352	class	d__Bacteria;p__Bacillota_E;c__JAJYWN01;o__JAJYWN01;f__JAJZPE01;g__JAJZPE01;s__JAJZPE01 sp021811325	novel Bacteria	novel class	SingleM
GCA_021811325.1_genomic	singlem	order	Bray-Curtis distance	0.341635812857624	class	d__Bacteria;p__Bacillota_E;c__JAJYWN01;o__JAJYWN01;f__JAJZPE01;g__JAJZPE01;s__JAJZPE01 sp021811325	novel Bacteria	novel class	SingleM
GCA_021811325.1_genomic	singlem	family	Bray-Curtis distance	0.348900169204738	class	d__Bacteria;p__Bacillota_E;c__JAJYWN01;o__JAJYWN01;f__JAJZPE01;g__JAJZPE01;s__JAJZPE01 sp021811325	novel Bacteria	novel class	SingleM
GCA_021811325.1_genomic	singlem	genus	Bray-Curtis distance	0.348900169204738	class	d__Bacteria;p__Bacillota_E;c__JAJYWN01;o__JAJYWN01;f__JAJZPE01;g__JAJZPE01;s__JAJZPE01 sp021811325	novel Bacteria	novel class	SingleM
GCA_021811325.1_genomic	singlem	species	Bray-Curtis distance	0.348900169204738	class	d__Bacteria;p__Bacillota_E;c__JAJYWN01;o__JAJYWN01;f__JAJZPE01;g__JAJZPE01;s__JAJZPE01 sp021811325	novel Bacteria	novel class	SingleM
GCA_021811325.1_genomic	singlem-regime3	kingdom	Bray-Curtis distance	0.0188726723704076	class	d__Bacteria;p__Bacillota_E;c__JAJYWN01;o__JAJYWN01;f__JAJZPE01;g__JAJZPE01;s__JAJZPE01 sp021811325	novel Bacteria	novel class	
GCA_021811325.1_genomic	singlem-regime3	phylum	Bray-Curtis distance	0.3790625	class	d__Bacteria;p__Bacillota_E;c__JAJYWN01;o__JAJYWN01;f__JAJZPE01;g__JAJZPE01;s__JAJZPE01 sp021811325	novel Bacteria	novel class	
GCA_021811325.1_genomic	singlem-regime3	class	Bray-Curtis distance	0.351501305483029	class	d__Bacteria;p__Bacillota_E;c__JAJYWN01;o__JAJYWN01;f__JAJZPE01;g__JAJZPE01;s__JAJZPE01 sp021811325	novel Bacteria	novel class	
GCA_021811325.1_genomic	singlem-regime3	order	Bray-Curtis distance	0.341616964877402	class	d__Bacteria;p__Bacillota_E;c__JAJYWN01;o__JAJYWN01;f__JAJZPE01;g__JAJZPE01;s__JAJZPE01 sp021811325	novel Bacteria	novel class	
GCA_021811325.1_genomic	singlem-regime3	family	Bray-Curtis distance	0.341616964877402	class	d__Bacteria;p__Bacillota_E;c__JAJYWN01;o__JAJYWN01;f__JAJZPE01;g__JAJZPE01;s__JAJZPE01 sp021811325	novel Bacteria	novel class	
GCA_021811325.1_genomic	singlem-regime3	genus	Bray-Curtis distance	0.341616964877402	class	d__Bacteria;p__Bacillota_E;c__JAJYWN01;o__JAJYWN01;f__JAJZPE01;g__JAJZPE01;s__JAJZPE01 sp021811325	novel Bacteria	novel class	
GCA_021811325.1_genomic	singlem-regime3	species	Bray-Curtis distance	0.336696939118735	class	d__Bacteria;p__Bacillota_E;c__JAJYWN01;o__JAJYWN01;f__JAJZPE01;g__JAJZPE01;s__JAJZPE01 sp021811325	novel Bacteria	novel class	
GCA_021811925.1_genomic	sylph	kingdom	Bray-Curtis distance	0.5	order	d__Archaea;p__Thermoplasmatota;c__Thermoplasmata;o__Sysuiplasmatales;f__Sysuiplasmataceae;g__JAJZXY01;s__JAJZXY01 sp021811925	novel Archaea	novel order	sylph
GCA_021811925.1_genomic	sylph	phylum	Bray-Curtis distance	0.5	order	d__Archaea;p__Thermoplasmatota;c__Thermoplasmata;o__Sysuiplasmatales;f__Sysuiplasmataceae;g__JAJZXY01;s__JAJZXY01 sp021811925	novel Archaea	novel order	sylph
GCA_021811925.1_genomic	sylph	class	Bray-Curtis distance	0.5	order	d__Archaea;p__Thermoplasmatota;c__Thermoplasmata;o__Sysuiplasmatales;f__Sysuiplasmataceae;g__JAJZXY01;s__JAJZXY01 sp021811925	novel Archaea	novel order	sylph
GCA_021811925.1_genomic	sylph	order	Bray-Curtis distance	0.5	order	d__Archaea;p__Thermoplasmatota;c__Thermoplasmata;o__Sysuiplasmatales;f__Sysuiplasmataceae;g__JAJZXY01;s__JAJZXY01 sp021811925	novel Archaea	novel order	sylph
GCA_021811925.1_genomic	sylph	family	Bray-Curtis distance	0.5	order	d__Archaea;p__Thermoplasmatota;c__Thermoplasmata;o__Sysuiplasmatales;f__Sysuiplasmataceae;g__JAJZXY01;s__JAJZXY01 sp021811925	novel Archaea	novel order	sylph
GCA_021811925.1_genomic	sylph	genus	Bray-Curtis distance	0.5	order	d__Archaea;p__Thermoplasmatota;c__Thermoplasmata;o__Sysuiplasmatales;f__Sysuiplasmataceae;g__JAJZXY01;s__JAJZXY01 sp021811925	novel Archaea	novel order	sylph
GCA_021811925.1_genomic	sylph	species	Bray-Curtis distance	0.5	order	d__Archaea;p__Thermoplasmatota;c__Thermoplasmata;o__Sysuiplasmatales;f__Sysuiplasmataceae;g__JAJZXY01;s__JAJZXY01 sp021811925	novel Archaea	novel order	sylph
GCA_021811925.1_genomic	metaphlan	kingdom	Bray-Curtis distance	0.5	order	d__Archaea;p__Thermoplasmatota;c__Thermoplasmata;o__Sysuiplasmatales;f__Sysuiplasmataceae;g__JAJZXY01;s__JAJZXY01 sp021811925	novel Archaea	novel order	MetaPhlAn
GCA_021811925.1_genomic	metaphlan	phylum	Bray-Curtis distance	0.5	order	d__Archaea;p__Thermoplasmatota;c__Thermoplasmata;o__Sysuiplasmatales;f__Sysuiplasmataceae;g__JAJZXY01;s__JAJZXY01 sp021811925	novel Archaea	novel order	MetaPhlAn
GCA_021811925.1_genomic	metaphlan	class	Bray-Curtis distance	0.5	order	d__Archaea;p__Thermoplasmatota;c__Thermoplasmata;o__Sysuiplasmatales;f__Sysuiplasmataceae;g__JAJZXY01;s__JAJZXY01 sp021811925	novel Archaea	novel order	MetaPhlAn
GCA_021811925.1_genomic	metaphlan	order	Bray-Curtis distance	0.5	order	d__Archaea;p__Thermoplasmatota;c__Thermoplasmata;o__Sysuiplasmatales;f__Sysuiplasmataceae;g__JAJZXY01;s__JAJZXY01 sp021811925	novel Archaea	novel order	MetaPhlAn
GCA_021811925.1_genomic	metaphlan	family	Bray-Curtis distance	0.5	order	d__Archaea;p__Thermoplasmatota;c__Thermoplasmata;o__Sysuiplasmatales;f__Sysuiplasmataceae;g__JAJZXY01;s__JAJZXY01 sp021811925	novel Archaea	novel order	MetaPhlAn
GCA_021811925.1_genomic	metaphlan	genus	Bray-Curtis distance	0.5	order	d__Archaea;p__Thermoplasmatota;c__Thermoplasmata;o__Sysuiplasmatales;f__Sysuiplasmataceae;g__JAJZXY01;s__JAJZXY01 sp021811925	novel Archaea	novel order	MetaPhlAn
GCA_021811925.1_genomic	metaphlan	species	Bray-Curtis distance	1	order	d__Archaea;p__Thermoplasmatota;c__Thermoplasmata;o__Sysuiplasmatales;f__Sysuiplasmataceae;g__JAJZXY01;s__JAJZXY01 sp021811925	novel Archaea	novel order	MetaPhlAn
GCA_021811925.1_genomic	singlem	kingdom	Bray-Curtis distance	0.0395939086294416	order	d__Archaea;p__Thermoplasmatota;c__Thermoplasmata;o__Sysuiplasmatales;f__Sysuiplasmataceae;g__JAJZXY01;s__JAJZXY01 sp021811925	novel Archaea	novel order	SingleM
GCA_021811925.1_genomic	singlem	phylum	Bray-Curtis distance	0.0594930160372478	order	d__Archaea;p__Thermoplasmatota;c__Thermoplasmata;o__Sysuiplasmatales;f__Sysuiplasmataceae;g__JAJZXY01;s__JAJZXY01 sp021811925	novel Archaea	novel order	SingleM
GCA_021811925.1_genomic	singlem	class	Bray-Curtis distance	0.0773277222514466	order	d__Archaea;p__Thermoplasmatota;c__Thermoplasmata;o__Sysuiplasmatales;f__Sysuiplasmataceae;g__JAJZXY01;s__JAJZXY01 sp021811925	novel Archaea	novel order	SingleM
GCA_021811925.1_genomic	singlem	order	Bray-Curtis distance	0.303864168618267	order	d__Archaea;p__Thermoplasmatota;c__Thermoplasmata;o__Sysuiplasmatales;f__Sysuiplasmataceae;g__JAJZXY01;s__JAJZXY01 sp021811925	novel Archaea	novel order	SingleM
GCA_021811925.1_genomic	singlem	family	Bray-Curtis distance	0.371008939974457	order	d__Archaea;p__Thermoplasmatota;c__Thermoplasmata;o__Sysuiplasmatales;f__Sysuiplasmataceae;g__JAJZXY01;s__JAJZXY01 sp021811925	novel Archaea	novel order	SingleM
GCA_021811925.1_genomic	singlem	genus	Bray-Curtis distance	0.371008939974457	order	d__Archaea;p__Thermoplasmatota;c__Thermoplasmata;o__Sysuiplasmatales;f__Sysuiplasmataceae;g__JAJZXY01;s__JAJZXY01 sp021811925	novel Archaea	novel order	SingleM
GCA_021811925.1_genomic	singlem	species	Bray-Curtis distance	0.349190617773373	order	d__Archaea;p__Thermoplasmatota;c__Thermoplasmata;o__Sysuiplasmatales;f__Sysuiplasmataceae;g__JAJZXY01;s__JAJZXY01 sp021811925	novel Archaea	novel order	SingleM
GCA_021811925.1_genomic	singlem-regime3	kingdom	Bray-Curtis distance	0.0199231877100336	order	d__Archaea;p__Thermoplasmatota;c__Thermoplasmata;o__Sysuiplasmatales;f__Sysuiplasmataceae;g__JAJZXY01;s__JAJZXY01 sp021811925	novel Archaea	novel order	
GCA_021811925.1_genomic	singlem-regime3	phylum	Bray-Curtis distance	0.0638457686529795	order	d__Archaea;p__Thermoplasmatota;c__Thermoplasmata;o__Sysuiplasmatales;f__Sysuiplasmataceae;g__JAJZXY01;s__JAJZXY01 sp021811925	novel Archaea	novel order	
GCA_021811925.1_genomic	singlem-regime3	class	Bray-Curtis distance	0.0638457686529795	order	d__Archaea;p__Thermoplasmatota;c__Thermoplasmata;o__Sysuiplasmatales;f__Sysuiplasmataceae;g__JAJZXY01;s__JAJZXY01 sp021811925	novel Archaea	novel order	
GCA_021811925.1_genomic	singlem-regime3	order	Bray-Curtis distance	0.185032894736842	order	d__Archaea;p__Thermoplasmatota;c__Thermoplasmata;o__Sysuiplasmatales;f__Sysuiplasmataceae;g__JAJZXY01;s__JAJZXY01 sp021811925	novel Archaea	novel order	
GCA_021811925.1_genomic	singlem-regime3	family	Bray-Curtis distance	0.349672182329067	order	d__Archaea;p__Thermoplasmatota;c__Thermoplasmata;o__Sysuiplasmatales;f__Sysuiplasmataceae;g__JAJZXY01;s__JAJZXY01 sp021811925	novel Archaea	novel order	
GCA_021811925.1_genomic	singlem-regime3	genus	Bray-Curtis distance	0.349672182329067	order	d__Archaea;p__Thermoplasmatota;c__Thermoplasmata;o__Sysuiplasmatales;f__Sysuiplasmataceae;g__JAJZXY01;s__JAJZXY01 sp021811925	novel Archaea	novel order	
GCA_021811925.1_genomic	singlem-regime3	species	Bray-Curtis distance	0.355678490074845	order	d__Archaea;p__Thermoplasmatota;c__Thermoplasmata;o__Sysuiplasmatales;f__Sysuiplasmataceae;g__JAJZXY01;s__JAJZXY01 sp021811925	novel Archaea	novel order	
GCA_021811935.1_genomic	sylph	kingdom	Bray-Curtis distance	0.5	genus	d__Archaea;p__Thermoproteota;c__Nitrososphaeria;o__Conexivisphaerales;f__DTJL01;g__JAKAPW01;s__JAKAPW01 sp021811935	novel Archaea	novel genus	sylph
GCA_021811935.1_genomic	sylph	phylum	Bray-Curtis distance	0.5	genus	d__Archaea;p__Thermoproteota;c__Nitrososphaeria;o__Conexivisphaerales;f__DTJL01;g__JAKAPW01;s__JAKAPW01 sp021811935	novel Archaea	novel genus	sylph
GCA_021811935.1_genomic	sylph	class	Bray-Curtis distance	0.5	genus	d__Archaea;p__Thermoproteota;c__Nitrososphaeria;o__Conexivisphaerales;f__DTJL01;g__JAKAPW01;s__JAKAPW01 sp021811935	novel Archaea	novel genus	sylph
GCA_021811935.1_genomic	sylph	order	Bray-Curtis distance	0.5	genus	d__Archaea;p__Thermoproteota;c__Nitrososphaeria;o__Conexivisphaerales;f__DTJL01;g__JAKAPW01;s__JAKAPW01 sp021811935	novel Archaea	novel genus	sylph
GCA_021811935.1_genomic	sylph	family	Bray-Curtis distance	0.5	genus	d__Archaea;p__Thermoproteota;c__Nitrososphaeria;o__Conexivisphaerales;f__DTJL01;g__JAKAPW01;s__JAKAPW01 sp021811935	novel Archaea	novel genus	sylph
GCA_021811935.1_genomic	sylph	genus	Bray-Curtis distance	0.5	genus	d__Archaea;p__Thermoproteota;c__Nitrososphaeria;o__Conexivisphaerales;f__DTJL01;g__JAKAPW01;s__JAKAPW01 sp021811935	novel Archaea	novel genus	sylph
GCA_021811935.1_genomic	sylph	species	Bray-Curtis distance	0.5	genus	d__Archaea;p__Thermoproteota;c__Nitrososphaeria;o__Conexivisphaerales;f__DTJL01;g__JAKAPW01;s__JAKAPW01 sp021811935	novel Archaea	novel genus	sylph
GCA_021811935.1_genomic	metaphlan	kingdom	Bray-Curtis distance	0.5	genus	d__Archaea;p__Thermoproteota;c__Nitrososphaeria;o__Conexivisphaerales;f__DTJL01;g__JAKAPW01;s__JAKAPW01 sp021811935	novel Archaea	novel genus	MetaPhlAn
GCA_021811935.1_genomic	metaphlan	phylum	Bray-Curtis distance	0.5	genus	d__Archaea;p__Thermoproteota;c__Nitrososphaeria;o__Conexivisphaerales;f__DTJL01;g__JAKAPW01;s__JAKAPW01 sp021811935	novel Archaea	novel genus	MetaPhlAn
GCA_021811935.1_genomic	metaphlan	class	Bray-Curtis distance	0.5	genus	d__Archaea;p__Thermoproteota;c__Nitrososphaeria;o__Conexivisphaerales;f__DTJL01;g__JAKAPW01;s__JAKAPW01 sp021811935	novel Archaea	novel genus	MetaPhlAn
GCA_021811935.1_genomic	metaphlan	order	Bray-Curtis distance	0.5	genus	d__Archaea;p__Thermoproteota;c__Nitrososphaeria;o__Conexivisphaerales;f__DTJL01;g__JAKAPW01;s__JAKAPW01 sp021811935	novel Archaea	novel genus	MetaPhlAn
GCA_021811935.1_genomic	metaphlan	family	Bray-Curtis distance	0.5	genus	d__Archaea;p__Thermoproteota;c__Nitrososphaeria;o__Conexivisphaerales;f__DTJL01;g__JAKAPW01;s__JAKAPW01 sp021811935	novel Archaea	novel genus	MetaPhlAn
GCA_021811935.1_genomic	metaphlan	genus	Bray-Curtis distance	0.5	genus	d__Archaea;p__Thermoproteota;c__Nitrososphaeria;o__Conexivisphaerales;f__DTJL01;g__JAKAPW01;s__JAKAPW01 sp021811935	novel Archaea	novel genus	MetaPhlAn
GCA_021811935.1_genomic	metaphlan	species	Bray-Curtis distance	0.5	genus	d__Archaea;p__Thermoproteota;c__Nitrososphaeria;o__Conexivisphaerales;f__DTJL01;g__JAKAPW01;s__JAKAPW01 sp021811935	novel Archaea	novel genus	MetaPhlAn
GCA_021811935.1_genomic	singlem	kingdom	Bray-Curtis distance	0.0240963855421686	genus	d__Archaea;p__Thermoproteota;c__Nitrososphaeria;o__Conexivisphaerales;f__DTJL01;g__JAKAPW01;s__JAKAPW01 sp021811935	novel Archaea	novel genus	SingleM
GCA_021811935.1_genomic	singlem	phylum	Bray-Curtis distance	0.0255004112969564	genus	d__Archaea;p__Thermoproteota;c__Nitrososphaeria;o__Conexivisphaerales;f__DTJL01;g__JAKAPW01;s__JAKAPW01 sp021811935	novel Archaea	novel genus	SingleM
GCA_021811935.1_genomic	singlem	class	Bray-Curtis distance	0.0212062792619112	genus	d__Archaea;p__Thermoproteota;c__Nitrososphaeria;o__Conexivisphaerales;f__DTJL01;g__JAKAPW01;s__JAKAPW01 sp021811935	novel Archaea	novel genus	SingleM
GCA_021811935.1_genomic	singlem	order	Bray-Curtis distance	0.106990014265335	genus	d__Archaea;p__Thermoproteota;c__Nitrososphaeria;o__Conexivisphaerales;f__DTJL01;g__JAKAPW01;s__JAKAPW01 sp021811935	novel Archaea	novel genus	SingleM
GCA_021811935.1_genomic	singlem	family	Bray-Curtis distance	0.162129461584997	genus	d__Archaea;p__Thermoproteota;c__Nitrososphaeria;o__Conexivisphaerales;f__DTJL01;g__JAKAPW01;s__JAKAPW01 sp021811935	novel Archaea	novel genus	SingleM
GCA_021811935.1_genomic	singlem	genus	Bray-Curtis distance	0.471882640586797	genus	d__Archaea;p__Thermoproteota;c__Nitrososphaeria;o__Conexivisphaerales;f__DTJL01;g__JAKAPW01;s__JAKAPW01 sp021811935	novel Archaea	novel genus	SingleM
GCA_021811935.1_genomic	singlem	species	Bray-Curtis distance	0.357620817843866	genus	d__Archaea;p__Thermoproteota;c__Nitrososphaeria;o__Conexivisphaerales;f__DTJL01;g__JAKAPW01;s__JAKAPW01 sp021811935	novel Archaea	novel genus	SingleM
GCA_021811935.1_genomic	singlem-regime3	kingdom	Bray-Curtis distance	0.0307017543859649	genus	d__Archaea;p__Thermoproteota;c__Nitrososphaeria;o__Conexivisphaerales;f__DTJL01;g__JAKAPW01;s__JAKAPW01 sp021811935	novel Archaea	novel genus	
GCA_021811935.1_genomic	singlem-regime3	phylum	Bray-Curtis distance	0.0307017543859649	genus	d__Archaea;p__Thermoproteota;c__Nitrososphaeria;o__Conexivisphaerales;f__DTJL01;g__JAKAPW01;s__JAKAPW01 sp021811935	novel Archaea	novel genus	
GCA_021811935.1_genomic	singlem-regime3	class	Bray-Curtis distance	0.0158415841584159	genus	d__Archaea;p__Thermoproteota;c__Nitrososphaeria;o__Conexivisphaerales;f__DTJL01;g__JAKAPW01;s__JAKAPW01 sp021811935	novel Archaea	novel genus	
GCA_021811935.1_genomic	singlem-regime3	order	Bray-Curtis distance	0.19009900990099	genus	d__Archaea;p__Thermoproteota;c__Nitrososphaeria;o__Conexivisphaerales;f__DTJL01;g__JAKAPW01;s__JAKAPW01 sp021811935	novel Archaea	novel genus	
GCA_021811935.1_genomic	singlem-regime3	family	Bray-Curtis distance	0.223188405797101	genus	d__Archaea;p__Thermoproteota;c__Nitrososphaeria;o__Conexivisphaerales;f__DTJL01;g__JAKAPW01;s__JAKAPW01 sp021811935	novel Archaea	novel genus	
GCA_021811935.1_genomic	singlem-regime3	genus	Bray-Curtis distance	0.48653692348707	genus	d__Archaea;p__Thermoproteota;c__Nitrososphaeria;o__Conexivisphaerales;f__DTJL01;g__JAKAPW01;s__JAKAPW01 sp021811935	novel Archaea	novel genus	
GCA_021811935.1_genomic	singlem-regime3	species	Bray-Curtis distance	0.361194029850746	genus	d__Archaea;p__Thermoproteota;c__Nitrososphaeria;o__Conexivisphaerales;f__DTJL01;g__JAKAPW01;s__JAKAPW01 sp021811935	novel Archaea	novel genus	
GCA_021813385.1_genomic	sylph	kingdom	Bray-Curtis distance	0.5	order	d__Archaea;p__Micrarchaeota;c__Micrarchaeia;o__JAKAKT01;f__JAKAKT01;g__JAKAKT01;s__JAKAKT01 sp021813385	novel Archaea	novel order	sylph
GCA_021813385.1_genomic	sylph	phylum	Bray-Curtis distance	0.5	order	d__Archaea;p__Micrarchaeota;c__Micrarchaeia;o__JAKAKT01;f__JAKAKT01;g__JAKAKT01;s__JAKAKT01 sp021813385	novel Archaea	novel order	sylph
GCA_021813385.1_genomic	sylph	class	Bray-Curtis distance	0.5	order	d__Archaea;p__Micrarchaeota;c__Micrarchaeia;o__JAKAKT01;f__JAKAKT01;g__JAKAKT01;s__JAKAKT01 sp021813385	novel Archaea	novel order	sylph
GCA_021813385.1_genomic	sylph	order	Bray-Curtis distance	0.5	order	d__Archaea;p__Micrarchaeota;c__Micrarchaeia;o__JAKAKT01;f__JAKAKT01;g__JAKAKT01;s__JAKAKT01 sp021813385	novel Archaea	novel order	sylph
GCA_021813385.1_genomic	sylph	family	Bray-Curtis distance	0.5	order	d__Archaea;p__Micrarchaeota;c__Micrarchaeia;o__JAKAKT01;f__JAKAKT01;g__JAKAKT01;s__JAKAKT01 sp021813385	novel Archaea	novel order	sylph
GCA_021813385.1_genomic	sylph	genus	Bray-Curtis distance	0.5	order	d__Archaea;p__Micrarchaeota;c__Micrarchaeia;o__JAKAKT01;f__JAKAKT01;g__JAKAKT01;s__JAKAKT01 sp021813385	novel Archaea	novel order	sylph
GCA_021813385.1_genomic	sylph	species	Bray-Curtis distance	0.5	order	d__Archaea;p__Micrarchaeota;c__Micrarchaeia;o__JAKAKT01;f__JAKAKT01;g__JAKAKT01;s__JAKAKT01 sp021813385	novel Archaea	novel order	sylph
GCA_021813385.1_genomic	metaphlan	kingdom	Bray-Curtis distance	0.5	order	d__Archaea;p__Micrarchaeota;c__Micrarchaeia;o__JAKAKT01;f__JAKAKT01;g__JAKAKT01;s__JAKAKT01 sp021813385	novel Archaea	novel order	MetaPhlAn
GCA_021813385.1_genomic	metaphlan	phylum	Bray-Curtis distance	0.5	order	d__Archaea;p__Micrarchaeota;c__Micrarchaeia;o__JAKAKT01;f__JAKAKT01;g__JAKAKT01;s__JAKAKT01 sp021813385	novel Archaea	novel order	MetaPhlAn
GCA_021813385.1_genomic	metaphlan	class	Bray-Curtis distance	0.5	order	d__Archaea;p__Micrarchaeota;c__Micrarchaeia;o__JAKAKT01;f__JAKAKT01;g__JAKAKT01;s__JAKAKT01 sp021813385	novel Archaea	novel order	MetaPhlAn
GCA_021813385.1_genomic	metaphlan	order	Bray-Curtis distance	0.5	order	d__Archaea;p__Micrarchaeota;c__Micrarchaeia;o__JAKAKT01;f__JAKAKT01;g__JAKAKT01;s__JAKAKT01 sp021813385	novel Archaea	novel order	MetaPhlAn
GCA_021813385.1_genomic	metaphlan	family	Bray-Curtis distance	0.5	order	d__Archaea;p__Micrarchaeota;c__Micrarchaeia;o__JAKAKT01;f__JAKAKT01;g__JAKAKT01;s__JAKAKT01 sp021813385	novel Archaea	novel order	MetaPhlAn
GCA_021813385.1_genomic	metaphlan	genus	Bray-Curtis distance	0.5	order	d__Archaea;p__Micrarchaeota;c__Micrarchaeia;o__JAKAKT01;f__JAKAKT01;g__JAKAKT01;s__JAKAKT01 sp021813385	novel Archaea	novel order	MetaPhlAn
GCA_021813385.1_genomic	metaphlan	species	Bray-Curtis distance	0.5	order	d__Archaea;p__Micrarchaeota;c__Micrarchaeia;o__JAKAKT01;f__JAKAKT01;g__JAKAKT01;s__JAKAKT01 sp021813385	novel Archaea	novel order	MetaPhlAn
GCA_021813385.1_genomic	singlem	kingdom	Bray-Curtis distance	0.190895179801071	order	d__Archaea;p__Micrarchaeota;c__Micrarchaeia;o__JAKAKT01;f__JAKAKT01;g__JAKAKT01;s__JAKAKT01 sp021813385	novel Archaea	novel order	SingleM
GCA_021813385.1_genomic	singlem	phylum	Bray-Curtis distance	0.170741324921136	order	d__Archaea;p__Micrarchaeota;c__Micrarchaeia;o__JAKAKT01;f__JAKAKT01;g__JAKAKT01;s__JAKAKT01 sp021813385	novel Archaea	novel order	SingleM
GCA_021813385.1_genomic	singlem	class	Bray-Curtis distance	0.170741324921136	order	d__Archaea;p__Micrarchaeota;c__Micrarchaeia;o__JAKAKT01;f__JAKAKT01;g__JAKAKT01;s__JAKAKT01 sp021813385	novel Archaea	novel order	SingleM
GCA_021813385.1_genomic	singlem	order	Bray-Curtis distance	0.553016453382084	order	d__Archaea;p__Micrarchaeota;c__Micrarchaeia;o__JAKAKT01;f__JAKAKT01;g__JAKAKT01;s__JAKAKT01 sp021813385	novel Archaea	novel order	SingleM
GCA_021813385.1_genomic	singlem	family	Bray-Curtis distance	0.512219451371571	order	d__Archaea;p__Micrarchaeota;c__Micrarchaeia;o__JAKAKT01;f__JAKAKT01;g__JAKAKT01;s__JAKAKT01 sp021813385	novel Archaea	novel order	SingleM
GCA_021813385.1_genomic	singlem	genus	Bray-Curtis distance	0.581273014203051	order	d__Archaea;p__Micrarchaeota;c__Micrarchaeia;o__JAKAKT01;f__JAKAKT01;g__JAKAKT01;s__JAKAKT01 sp021813385	novel Archaea	novel order	SingleM
GCA_021813385.1_genomic	singlem	species	Bray-Curtis distance	0.533137829912024	order	d__Archaea;p__Micrarchaeota;c__Micrarchaeia;o__JAKAKT01;f__JAKAKT01;g__JAKAKT01;s__JAKAKT01 sp021813385	novel Archaea	novel order	SingleM
GCA_021813385.1_genomic	singlem-regime3	kingdom	Bray-Curtis distance	0.0391014975041597	order	d__Archaea;p__Micrarchaeota;c__Micrarchaeia;o__JAKAKT01;f__JAKAKT01;g__JAKAKT01;s__JAKAKT01 sp021813385	novel Archaea	novel order	
GCA_021813385.1_genomic	singlem-regime3	phylum	Bray-Curtis distance	0.0424978317432784	order	d__Archaea;p__Micrarchaeota;c__Micrarchaeia;o__JAKAKT01;f__JAKAKT01;g__JAKAKT01;s__JAKAKT01 sp021813385	novel Archaea	novel order	
GCA_021813385.1_genomic	singlem-regime3	class	Bray-Curtis distance	0.0424978317432784	order	d__Archaea;p__Micrarchaeota;c__Micrarchaeia;o__JAKAKT01;f__JAKAKT01;g__JAKAKT01;s__JAKAKT01 sp021813385	novel Archaea	novel order	
GCA_021813385.1_genomic	singlem-regime3	order	Bray-Curtis distance	0.406852248394004	order	d__Archaea;p__Micrarchaeota;c__Micrarchaeia;o__JAKAKT01;f__JAKAKT01;g__JAKAKT01;s__JAKAKT01 sp021813385	novel Archaea	novel order	
GCA_021813385.1_genomic	singlem-regime3	family	Bray-Curtis distance	0.406852248394004	order	d__Archaea;p__Micrarchaeota;c__Micrarchaeia;o__JAKAKT01;f__JAKAKT01;g__JAKAKT01;s__JAKAKT01 sp021813385	novel Archaea	novel order	
GCA_021813385.1_genomic	singlem-regime3	genus	Bray-Curtis distance	0.39053905390539	order	d__Archaea;p__Micrarchaeota;c__Micrarchaeia;o__JAKAKT01;f__JAKAKT01;g__JAKAKT01;s__JAKAKT01 sp021813385	novel Archaea	novel order	
GCA_021813385.1_genomic	singlem-regime3	species	Bray-Curtis distance	0.369020501138952	order	d__Archaea;p__Micrarchaeota;c__Micrarchaeia;o__JAKAKT01;f__JAKAKT01;g__JAKAKT01;s__JAKAKT01 sp021813385	novel Archaea	novel order	
GCA_021817225.1_genomic	sylph	kingdom	Bray-Curtis distance	0.5	order	d__Archaea;p__Thermoplasmatota;c__Thermoplasmata;o__Sysuiplasmatales;f__Sysuiplasmataceae;g__JAJZXY01;s__JAJZXY01 sp021817225	novel Archaea	novel order	sylph
GCA_021817225.1_genomic	sylph	phylum	Bray-Curtis distance	0.5	order	d__Archaea;p__Thermoplasmatota;c__Thermoplasmata;o__Sysuiplasmatales;f__Sysuiplasmataceae;g__JAJZXY01;s__JAJZXY01 sp021817225	novel Archaea	novel order	sylph
GCA_021817225.1_genomic	sylph	class	Bray-Curtis distance	0.5	order	d__Archaea;p__Thermoplasmatota;c__Thermoplasmata;o__Sysuiplasmatales;f__Sysuiplasmataceae;g__JAJZXY01;s__JAJZXY01 sp021817225	novel Archaea	novel order	sylph
GCA_021817225.1_genomic	sylph	order	Bray-Curtis distance	0.5	order	d__Archaea;p__Thermoplasmatota;c__Thermoplasmata;o__Sysuiplasmatales;f__Sysuiplasmataceae;g__JAJZXY01;s__JAJZXY01 sp021817225	novel Archaea	novel order	sylph
GCA_021817225.1_genomic	sylph	family	Bray-Curtis distance	0.5	order	d__Archaea;p__Thermoplasmatota;c__Thermoplasmata;o__Sysuiplasmatales;f__Sysuiplasmataceae;g__JAJZXY01;s__JAJZXY01 sp021817225	novel Archaea	novel order	sylph
GCA_021817225.1_genomic	sylph	genus	Bray-Curtis distance	0.5	order	d__Archaea;p__Thermoplasmatota;c__Thermoplasmata;o__Sysuiplasmatales;f__Sysuiplasmataceae;g__JAJZXY01;s__JAJZXY01 sp021817225	novel Archaea	novel order	sylph
GCA_021817225.1_genomic	sylph	species	Bray-Curtis distance	0.5	order	d__Archaea;p__Thermoplasmatota;c__Thermoplasmata;o__Sysuiplasmatales;f__Sysuiplasmataceae;g__JAJZXY01;s__JAJZXY01 sp021817225	novel Archaea	novel order	sylph
GCA_021817225.1_genomic	metaphlan	kingdom	Bray-Curtis distance	0.5	order	d__Archaea;p__Thermoplasmatota;c__Thermoplasmata;o__Sysuiplasmatales;f__Sysuiplasmataceae;g__JAJZXY01;s__JAJZXY01 sp021817225	novel Archaea	novel order	MetaPhlAn
GCA_021817225.1_genomic	metaphlan	phylum	Bray-Curtis distance	0.5	order	d__Archaea;p__Thermoplasmatota;c__Thermoplasmata;o__Sysuiplasmatales;f__Sysuiplasmataceae;g__JAJZXY01;s__JAJZXY01 sp021817225	novel Archaea	novel order	MetaPhlAn
GCA_021817225.1_genomic	metaphlan	class	Bray-Curtis distance	0.5	order	d__Archaea;p__Thermoplasmatota;c__Thermoplasmata;o__Sysuiplasmatales;f__Sysuiplasmataceae;g__JAJZXY01;s__JAJZXY01 sp021817225	novel Archaea	novel order	MetaPhlAn
GCA_021817225.1_genomic	metaphlan	order	Bray-Curtis distance	0.5	order	d__Archaea;p__Thermoplasmatota;c__Thermoplasmata;o__Sysuiplasmatales;f__Sysuiplasmataceae;g__JAJZXY01;s__JAJZXY01 sp021817225	novel Archaea	novel order	MetaPhlAn
GCA_021817225.1_genomic	metaphlan	family	Bray-Curtis distance	0.5	order	d__Archaea;p__Thermoplasmatota;c__Thermoplasmata;o__Sysuiplasmatales;f__Sysuiplasmataceae;g__JAJZXY01;s__JAJZXY01 sp021817225	novel Archaea	novel order	MetaPhlAn
GCA_021817225.1_genomic	metaphlan	genus	Bray-Curtis distance	0.5	order	d__Archaea;p__Thermoplasmatota;c__Thermoplasmata;o__Sysuiplasmatales;f__Sysuiplasmataceae;g__JAJZXY01;s__JAJZXY01 sp021817225	novel Archaea	novel order	MetaPhlAn
GCA_021817225.1_genomic	metaphlan	species	Bray-Curtis distance	1	order	d__Archaea;p__Thermoplasmatota;c__Thermoplasmata;o__Sysuiplasmatales;f__Sysuiplasmataceae;g__JAJZXY01;s__JAJZXY01 sp021817225	novel Archaea	novel order	MetaPhlAn
GCA_021817225.1_genomic	singlem	kingdom	Bray-Curtis distance	0.0586172344689378	order	d__Archaea;p__Thermoplasmatota;c__Thermoplasmata;o__Sysuiplasmatales;f__Sysuiplasmataceae;g__JAJZXY01;s__JAJZXY01 sp021817225	novel Archaea	novel order	SingleM
GCA_021817225.1_genomic	singlem	phylum	Bray-Curtis distance	0.0538344337227018	order	d__Archaea;p__Thermoplasmatota;c__Thermoplasmata;o__Sysuiplasmatales;f__Sysuiplasmataceae;g__JAJZXY01;s__JAJZXY01 sp021817225	novel Archaea	novel order	SingleM
GCA_021817225.1_genomic	singlem	class	Bray-Curtis distance	0.0375745011661052	order	d__Archaea;p__Thermoplasmatota;c__Thermoplasmata;o__Sysuiplasmatales;f__Sysuiplasmataceae;g__JAJZXY01;s__JAJZXY01 sp021817225	novel Archaea	novel order	SingleM
GCA_021817225.1_genomic	singlem	order	Bray-Curtis distance	0.249044398706263	order	d__Archaea;p__Thermoplasmatota;c__Thermoplasmata;o__Sysuiplasmatales;f__Sysuiplasmataceae;g__JAJZXY01;s__JAJZXY01 sp021817225	novel Archaea	novel order	SingleM
GCA_021817225.1_genomic	singlem	family	Bray-Curtis distance	0.448829002245749	order	d__Archaea;p__Thermoplasmatota;c__Thermoplasmata;o__Sysuiplasmatales;f__Sysuiplasmataceae;g__JAJZXY01;s__JAJZXY01 sp021817225	novel Archaea	novel order	SingleM
GCA_021817225.1_genomic	singlem	genus	Bray-Curtis distance	0.428475711892797	order	d__Archaea;p__Thermoplasmatota;c__Thermoplasmata;o__Sysuiplasmatales;f__Sysuiplasmataceae;g__JAJZXY01;s__JAJZXY01 sp021817225	novel Archaea	novel order	SingleM
GCA_021817225.1_genomic	singlem	species	Bray-Curtis distance	0.401193401193401	order	d__Archaea;p__Thermoplasmatota;c__Thermoplasmata;o__Sysuiplasmatales;f__Sysuiplasmataceae;g__JAJZXY01;s__JAJZXY01 sp021817225	novel Archaea	novel order	SingleM
GCA_021817225.1_genomic	singlem-regime3	kingdom	Bray-Curtis distance	0.119543650793651	order	d__Archaea;p__Thermoplasmatota;c__Thermoplasmata;o__Sysuiplasmatales;f__Sysuiplasmataceae;g__JAJZXY01;s__JAJZXY01 sp021817225	novel Archaea	novel order	
GCA_021817225.1_genomic	singlem-regime3	phylum	Bray-Curtis distance	0.119543650793651	order	d__Archaea;p__Thermoplasmatota;c__Thermoplasmata;o__Sysuiplasmatales;f__Sysuiplasmataceae;g__JAJZXY01;s__JAJZXY01 sp021817225	novel Archaea	novel order	
GCA_021817225.1_genomic	singlem-regime3	class	Bray-Curtis distance	0.0831611570247935	order	d__Archaea;p__Thermoplasmatota;c__Thermoplasmata;o__Sysuiplasmatales;f__Sysuiplasmataceae;g__JAJZXY01;s__JAJZXY01 sp021817225	novel Archaea	novel order	
GCA_021817225.1_genomic	singlem-regime3	order	Bray-Curtis distance	0.37243735763098	order	d__Archaea;p__Thermoplasmatota;c__Thermoplasmata;o__Sysuiplasmatales;f__Sysuiplasmataceae;g__JAJZXY01;s__JAJZXY01 sp021817225	novel Archaea	novel order	
GCA_021817225.1_genomic	singlem-regime3	family	Bray-Curtis distance	0.529014430457476	order	d__Archaea;p__Thermoplasmatota;c__Thermoplasmata;o__Sysuiplasmatales;f__Sysuiplasmataceae;g__JAJZXY01;s__JAJZXY01 sp021817225	novel Archaea	novel order	
GCA_021817225.1_genomic	singlem-regime3	genus	Bray-Curtis distance	0.47501711156742	order	d__Archaea;p__Thermoplasmatota;c__Thermoplasmata;o__Sysuiplasmatales;f__Sysuiplasmataceae;g__JAJZXY01;s__JAJZXY01 sp021817225	novel Archaea	novel order	
GCA_021817225.1_genomic	singlem-regime3	species	Bray-Curtis distance	0.505039193729003	order	d__Archaea;p__Thermoplasmatota;c__Thermoplasmata;o__Sysuiplasmatales;f__Sysuiplasmataceae;g__JAJZXY01;s__JAJZXY01 sp021817225	novel Archaea	novel order	
GCA_021820245.1_genomic	sylph	kingdom	Bray-Curtis distance	0.5	genus	d__Archaea;p__Thermoplasmatota;c__Thermoplasmata;o__Thermoplasmatales;f__Thermoplasmataceae;g__JAJZOT01;s__JAJZOT01 sp021820245	novel Archaea	novel genus	sylph
GCA_021820245.1_genomic	sylph	phylum	Bray-Curtis distance	0.5	genus	d__Archaea;p__Thermoplasmatota;c__Thermoplasmata;o__Thermoplasmatales;f__Thermoplasmataceae;g__JAJZOT01;s__JAJZOT01 sp021820245	novel Archaea	novel genus	sylph
GCA_021820245.1_genomic	sylph	class	Bray-Curtis distance	0.5	genus	d__Archaea;p__Thermoplasmatota;c__Thermoplasmata;o__Thermoplasmatales;f__Thermoplasmataceae;g__JAJZOT01;s__JAJZOT01 sp021820245	novel Archaea	novel genus	sylph
GCA_021820245.1_genomic	sylph	order	Bray-Curtis distance	0.5	genus	d__Archaea;p__Thermoplasmatota;c__Thermoplasmata;o__Thermoplasmatales;f__Thermoplasmataceae;g__JAJZOT01;s__JAJZOT01 sp021820245	novel Archaea	novel genus	sylph
GCA_021820245.1_genomic	sylph	family	Bray-Curtis distance	0.5	genus	d__Archaea;p__Thermoplasmatota;c__Thermoplasmata;o__Thermoplasmatales;f__Thermoplasmataceae;g__JAJZOT01;s__JAJZOT01 sp021820245	novel Archaea	novel genus	sylph
GCA_021820245.1_genomic	sylph	genus	Bray-Curtis distance	0.5	genus	d__Archaea;p__Thermoplasmatota;c__Thermoplasmata;o__Thermoplasmatales;f__Thermoplasmataceae;g__JAJZOT01;s__JAJZOT01 sp021820245	novel Archaea	novel genus	sylph
GCA_021820245.1_genomic	sylph	species	Bray-Curtis distance	0.5	genus	d__Archaea;p__Thermoplasmatota;c__Thermoplasmata;o__Thermoplasmatales;f__Thermoplasmataceae;g__JAJZOT01;s__JAJZOT01 sp021820245	novel Archaea	novel genus	sylph
GCA_021820245.1_genomic	metaphlan	kingdom	Bray-Curtis distance	0.5	genus	d__Archaea;p__Thermoplasmatota;c__Thermoplasmata;o__Thermoplasmatales;f__Thermoplasmataceae;g__JAJZOT01;s__JAJZOT01 sp021820245	novel Archaea	novel genus	MetaPhlAn
GCA_021820245.1_genomic	metaphlan	phylum	Bray-Curtis distance	0.5	genus	d__Archaea;p__Thermoplasmatota;c__Thermoplasmata;o__Thermoplasmatales;f__Thermoplasmataceae;g__JAJZOT01;s__JAJZOT01 sp021820245	novel Archaea	novel genus	MetaPhlAn
GCA_021820245.1_genomic	metaphlan	class	Bray-Curtis distance	0.5	genus	d__Archaea;p__Thermoplasmatota;c__Thermoplasmata;o__Thermoplasmatales;f__Thermoplasmataceae;g__JAJZOT01;s__JAJZOT01 sp021820245	novel Archaea	novel genus	MetaPhlAn
GCA_021820245.1_genomic	metaphlan	order	Bray-Curtis distance	0.5	genus	d__Archaea;p__Thermoplasmatota;c__Thermoplasmata;o__Thermoplasmatales;f__Thermoplasmataceae;g__JAJZOT01;s__JAJZOT01 sp021820245	novel Archaea	novel genus	MetaPhlAn
GCA_021820245.1_genomic	metaphlan	family	Bray-Curtis distance	0.5	genus	d__Archaea;p__Thermoplasmatota;c__Thermoplasmata;o__Thermoplasmatales;f__Thermoplasmataceae;g__JAJZOT01;s__JAJZOT01 sp021820245	novel Archaea	novel genus	MetaPhlAn
GCA_021820245.1_genomic	metaphlan	genus	Bray-Curtis distance	0.5	genus	d__Archaea;p__Thermoplasmatota;c__Thermoplasmata;o__Thermoplasmatales;f__Thermoplasmataceae;g__JAJZOT01;s__JAJZOT01 sp021820245	novel Archaea	novel genus	MetaPhlAn
GCA_021820245.1_genomic	metaphlan	species	Bray-Curtis distance	0.5	genus	d__Archaea;p__Thermoplasmatota;c__Thermoplasmata;o__Thermoplasmatales;f__Thermoplasmataceae;g__JAJZOT01;s__JAJZOT01 sp021820245	novel Archaea	novel genus	MetaPhlAn
GCA_021820245.1_genomic	singlem	kingdom	Bray-Curtis distance	0.0376884422110552	genus	d__Archaea;p__Thermoplasmatota;c__Thermoplasmata;o__Thermoplasmatales;f__Thermoplasmataceae;g__JAJZOT01;s__JAJZOT01 sp021820245	novel Archaea	novel genus	SingleM
GCA_021820245.1_genomic	singlem	phylum	Bray-Curtis distance	0.0322506334945865	genus	d__Archaea;p__Thermoplasmatota;c__Thermoplasmata;o__Thermoplasmatales;f__Thermoplasmataceae;g__JAJZOT01;s__JAJZOT01 sp021820245	novel Archaea	novel genus	SingleM
GCA_021820245.1_genomic	singlem	class	Bray-Curtis distance	0.0322506334945865	genus	d__Archaea;p__Thermoplasmatota;c__Thermoplasmata;o__Thermoplasmatales;f__Thermoplasmataceae;g__JAJZOT01;s__JAJZOT01 sp021820245	novel Archaea	novel genus	SingleM
GCA_021820245.1_genomic	singlem	order	Bray-Curtis distance	0.0309111880046136	genus	d__Archaea;p__Thermoplasmatota;c__Thermoplasmata;o__Thermoplasmatales;f__Thermoplasmataceae;g__JAJZOT01;s__JAJZOT01 sp021820245	novel Archaea	novel genus	SingleM
GCA_021820245.1_genomic	singlem	family	Bray-Curtis distance	0.0309111880046136	genus	d__Archaea;p__Thermoplasmatota;c__Thermoplasmata;o__Thermoplasmatales;f__Thermoplasmataceae;g__JAJZOT01;s__JAJZOT01 sp021820245	novel Archaea	novel genus	SingleM
GCA_021820245.1_genomic	singlem	genus	Bray-Curtis distance	0.47970002585984	genus	d__Archaea;p__Thermoplasmatota;c__Thermoplasmata;o__Thermoplasmatales;f__Thermoplasmataceae;g__JAJZOT01;s__JAJZOT01 sp021820245	novel Archaea	novel genus	SingleM
GCA_021820245.1_genomic	singlem	species	Bray-Curtis distance	0.370266040688576	genus	d__Archaea;p__Thermoplasmatota;c__Thermoplasmata;o__Thermoplasmatales;f__Thermoplasmataceae;g__JAJZOT01;s__JAJZOT01 sp021820245	novel Archaea	novel genus	SingleM
GCA_021820245.1_genomic	singlem-regime3	kingdom	Bray-Curtis distance	0.0640686922060766	genus	d__Archaea;p__Thermoplasmatota;c__Thermoplasmata;o__Thermoplasmatales;f__Thermoplasmataceae;g__JAJZOT01;s__JAJZOT01 sp021820245	novel Archaea	novel genus	
GCA_021820245.1_genomic	singlem-regime3	phylum	Bray-Curtis distance	0.0640686922060766	genus	d__Archaea;p__Thermoplasmatota;c__Thermoplasmata;o__Thermoplasmatales;f__Thermoplasmataceae;g__JAJZOT01;s__JAJZOT01 sp021820245	novel Archaea	novel genus	
GCA_021820245.1_genomic	singlem-regime3	class	Bray-Curtis distance	0.0640686922060766	genus	d__Archaea;p__Thermoplasmatota;c__Thermoplasmata;o__Thermoplasmatales;f__Thermoplasmataceae;g__JAJZOT01;s__JAJZOT01 sp021820245	novel Archaea	novel genus	
GCA_021820245.1_genomic	singlem-regime3	order	Bray-Curtis distance	0.0640686922060766	genus	d__Archaea;p__Thermoplasmatota;c__Thermoplasmata;o__Thermoplasmatales;f__Thermoplasmataceae;g__JAJZOT01;s__JAJZOT01 sp021820245	novel Archaea	novel genus	
GCA_021820245.1_genomic	singlem-regime3	family	Bray-Curtis distance	0.0640686922060766	genus	d__Archaea;p__Thermoplasmatota;c__Thermoplasmata;o__Thermoplasmatales;f__Thermoplasmataceae;g__JAJZOT01;s__JAJZOT01 sp021820245	novel Archaea	novel genus	
GCA_021820245.1_genomic	singlem-regime3	genus	Bray-Curtis distance	0.520581113801453	genus	d__Archaea;p__Thermoplasmatota;c__Thermoplasmata;o__Thermoplasmatales;f__Thermoplasmataceae;g__JAJZOT01;s__JAJZOT01 sp021820245	novel Archaea	novel genus	
GCA_021820245.1_genomic	singlem-regime3	species	Bray-Curtis distance	0.392824287028519	genus	d__Archaea;p__Thermoplasmatota;c__Thermoplasmata;o__Thermoplasmatales;f__Thermoplasmataceae;g__JAJZOT01;s__JAJZOT01 sp021820245	novel Archaea	novel genus	
GCA_021820665.1_genomic	sylph	kingdom	Bray-Curtis distance	0.5	genus	d__Bacteria;p__Actinomycetota;c__Acidimicrobiia;o__Acidimicrobiales;f__RAAP-2;g__JAKADK01;s__JAKADK01 sp021820665	novel Bacteria	novel genus	sylph
GCA_021820665.1_genomic	sylph	phylum	Bray-Curtis distance	0.5	genus	d__Bacteria;p__Actinomycetota;c__Acidimicrobiia;o__Acidimicrobiales;f__RAAP-2;g__JAKADK01;s__JAKADK01 sp021820665	novel Bacteria	novel genus	sylph
GCA_021820665.1_genomic	sylph	class	Bray-Curtis distance	0.5	genus	d__Bacteria;p__Actinomycetota;c__Acidimicrobiia;o__Acidimicrobiales;f__RAAP-2;g__JAKADK01;s__JAKADK01 sp021820665	novel Bacteria	novel genus	sylph
GCA_021820665.1_genomic	sylph	order	Bray-Curtis distance	0.5	genus	d__Bacteria;p__Actinomycetota;c__Acidimicrobiia;o__Acidimicrobiales;f__RAAP-2;g__JAKADK01;s__JAKADK01 sp021820665	novel Bacteria	novel genus	sylph
GCA_021820665.1_genomic	sylph	family	Bray-Curtis distance	0.5	genus	d__Bacteria;p__Actinomycetota;c__Acidimicrobiia;o__Acidimicrobiales;f__RAAP-2;g__JAKADK01;s__JAKADK01 sp021820665	novel Bacteria	novel genus	sylph
GCA_021820665.1_genomic	sylph	genus	Bray-Curtis distance	0.5	genus	d__Bacteria;p__Actinomycetota;c__Acidimicrobiia;o__Acidimicrobiales;f__RAAP-2;g__JAKADK01;s__JAKADK01 sp021820665	novel Bacteria	novel genus	sylph
GCA_021820665.1_genomic	sylph	species	Bray-Curtis distance	0.5	genus	d__Bacteria;p__Actinomycetota;c__Acidimicrobiia;o__Acidimicrobiales;f__RAAP-2;g__JAKADK01;s__JAKADK01 sp021820665	novel Bacteria	novel genus	sylph
GCA_021820665.1_genomic	metaphlan	kingdom	Bray-Curtis distance	0.5	genus	d__Bacteria;p__Actinomycetota;c__Acidimicrobiia;o__Acidimicrobiales;f__RAAP-2;g__JAKADK01;s__JAKADK01 sp021820665	novel Bacteria	novel genus	MetaPhlAn
GCA_021820665.1_genomic	metaphlan	phylum	Bray-Curtis distance	0.5	genus	d__Bacteria;p__Actinomycetota;c__Acidimicrobiia;o__Acidimicrobiales;f__RAAP-2;g__JAKADK01;s__JAKADK01 sp021820665	novel Bacteria	novel genus	MetaPhlAn
GCA_021820665.1_genomic	metaphlan	class	Bray-Curtis distance	0.5	genus	d__Bacteria;p__Actinomycetota;c__Acidimicrobiia;o__Acidimicrobiales;f__RAAP-2;g__JAKADK01;s__JAKADK01 sp021820665	novel Bacteria	novel genus	MetaPhlAn
GCA_021820665.1_genomic	metaphlan	order	Bray-Curtis distance	0.5	genus	d__Bacteria;p__Actinomycetota;c__Acidimicrobiia;o__Acidimicrobiales;f__RAAP-2;g__JAKADK01;s__JAKADK01 sp021820665	novel Bacteria	novel genus	MetaPhlAn
GCA_021820665.1_genomic	metaphlan	family	Bray-Curtis distance	0.5	genus	d__Bacteria;p__Actinomycetota;c__Acidimicrobiia;o__Acidimicrobiales;f__RAAP-2;g__JAKADK01;s__JAKADK01 sp021820665	novel Bacteria	novel genus	MetaPhlAn
GCA_021820665.1_genomic	metaphlan	genus	Bray-Curtis distance	0.5	genus	d__Bacteria;p__Actinomycetota;c__Acidimicrobiia;o__Acidimicrobiales;f__RAAP-2;g__JAKADK01;s__JAKADK01 sp021820665	novel Bacteria	novel genus	MetaPhlAn
GCA_021820665.1_genomic	metaphlan	species	Bray-Curtis distance	0.5	genus	d__Bacteria;p__Actinomycetota;c__Acidimicrobiia;o__Acidimicrobiales;f__RAAP-2;g__JAKADK01;s__JAKADK01 sp021820665	novel Bacteria	novel genus	MetaPhlAn
GCA_021820665.1_genomic	singlem	kingdom	Bray-Curtis distance	0.00153846153846153	genus	d__Bacteria;p__Actinomycetota;c__Acidimicrobiia;o__Acidimicrobiales;f__RAAP-2;g__JAKADK01;s__JAKADK01 sp021820665	novel Bacteria	novel genus	SingleM
GCA_021820665.1_genomic	singlem	phylum	Bray-Curtis distance	0.00153846153846153	genus	d__Bacteria;p__Actinomycetota;c__Acidimicrobiia;o__Acidimicrobiales;f__RAAP-2;g__JAKADK01;s__JAKADK01 sp021820665	novel Bacteria	novel genus	SingleM
GCA_021820665.1_genomic	singlem	class	Bray-Curtis distance	0.00153846153846153	genus	d__Bacteria;p__Actinomycetota;c__Acidimicrobiia;o__Acidimicrobiales;f__RAAP-2;g__JAKADK01;s__JAKADK01 sp021820665	novel Bacteria	novel genus	SingleM
GCA_021820665.1_genomic	singlem	order	Bray-Curtis distance	0.00153846153846153	genus	d__Bacteria;p__Actinomycetota;c__Acidimicrobiia;o__Acidimicrobiales;f__RAAP-2;g__JAKADK01;s__JAKADK01 sp021820665	novel Bacteria	novel genus	SingleM
GCA_021820665.1_genomic	singlem	family	Bray-Curtis distance	0.0220125786163521	genus	d__Bacteria;p__Actinomycetota;c__Acidimicrobiia;o__Acidimicrobiales;f__RAAP-2;g__JAKADK01;s__JAKADK01 sp021820665	novel Bacteria	novel genus	SingleM
GCA_021820665.1_genomic	singlem	genus	Bray-Curtis distance	0.47979662831148	genus	d__Bacteria;p__Actinomycetota;c__Acidimicrobiia;o__Acidimicrobiales;f__RAAP-2;g__JAKADK01;s__JAKADK01 sp021820665	novel Bacteria	novel genus	SingleM
GCA_021820665.1_genomic	singlem	species	Bray-Curtis distance	0.334702258726899	genus	d__Bacteria;p__Actinomycetota;c__Acidimicrobiia;o__Acidimicrobiales;f__RAAP-2;g__JAKADK01;s__JAKADK01 sp021820665	novel Bacteria	novel genus	SingleM
GCA_021820665.1_genomic	singlem-regime3	kingdom	Bray-Curtis distance	0.0100463678516229	genus	d__Bacteria;p__Actinomycetota;c__Acidimicrobiia;o__Acidimicrobiales;f__RAAP-2;g__JAKADK01;s__JAKADK01 sp021820665	novel Bacteria	novel genus	
GCA_021820665.1_genomic	singlem-regime3	phylum	Bray-Curtis distance	0.0100463678516229	genus	d__Bacteria;p__Actinomycetota;c__Acidimicrobiia;o__Acidimicrobiales;f__RAAP-2;g__JAKADK01;s__JAKADK01 sp021820665	novel Bacteria	novel genus	
GCA_021820665.1_genomic	singlem-regime3	class	Bray-Curtis distance	0.0100463678516229	genus	d__Bacteria;p__Actinomycetota;c__Acidimicrobiia;o__Acidimicrobiales;f__RAAP-2;g__JAKADK01;s__JAKADK01 sp021820665	novel Bacteria	novel genus	
GCA_021820665.1_genomic	singlem-regime3	order	Bray-Curtis distance	0.0100463678516229	genus	d__Bacteria;p__Actinomycetota;c__Acidimicrobiia;o__Acidimicrobiales;f__RAAP-2;g__JAKADK01;s__JAKADK01 sp021820665	novel Bacteria	novel genus	
GCA_021820665.1_genomic	singlem-regime3	family	Bray-Curtis distance	0.0663584443840087	genus	d__Bacteria;p__Actinomycetota;c__Acidimicrobiia;o__Acidimicrobiales;f__RAAP-2;g__JAKADK01;s__JAKADK01 sp021820665	novel Bacteria	novel genus	
GCA_021820665.1_genomic	singlem-regime3	genus	Bray-Curtis distance	0.472124014141964	genus	d__Bacteria;p__Actinomycetota;c__Acidimicrobiia;o__Acidimicrobiales;f__RAAP-2;g__JAKADK01;s__JAKADK01 sp021820665	novel Bacteria	novel genus	
GCA_021820665.1_genomic	singlem-regime3	species	Bray-Curtis distance	0.337768679631525	genus	d__Bacteria;p__Actinomycetota;c__Acidimicrobiia;o__Acidimicrobiales;f__RAAP-2;g__JAKADK01;s__JAKADK01 sp021820665	novel Bacteria	novel genus	
GCA_021845645.1_genomic	sylph	kingdom	Bray-Curtis distance	0.5	class	d__Bacteria;p__Bacillota_E;c__JAJZYS01;o__JAJZYS01;f__JAJYTV01;g__JAJZQO01;s__JAJZQO01 sp021845645	novel Bacteria	novel class	sylph
GCA_021845645.1_genomic	sylph	phylum	Bray-Curtis distance	0.5	class	d__Bacteria;p__Bacillota_E;c__JAJZYS01;o__JAJZYS01;f__JAJYTV01;g__JAJZQO01;s__JAJZQO01 sp021845645	novel Bacteria	novel class	sylph
GCA_021845645.1_genomic	sylph	class	Bray-Curtis distance	0.5	class	d__Bacteria;p__Bacillota_E;c__JAJZYS01;o__JAJZYS01;f__JAJYTV01;g__JAJZQO01;s__JAJZQO01 sp021845645	novel Bacteria	novel class	sylph
GCA_021845645.1_genomic	sylph	order	Bray-Curtis distance	0.5	class	d__Bacteria;p__Bacillota_E;c__JAJZYS01;o__JAJZYS01;f__JAJYTV01;g__JAJZQO01;s__JAJZQO01 sp021845645	novel Bacteria	novel class	sylph
GCA_021845645.1_genomic	sylph	family	Bray-Curtis distance	0.5	class	d__Bacteria;p__Bacillota_E;c__JAJZYS01;o__JAJZYS01;f__JAJYTV01;g__JAJZQO01;s__JAJZQO01 sp021845645	novel Bacteria	novel class	sylph
GCA_021845645.1_genomic	sylph	genus	Bray-Curtis distance	0.5	class	d__Bacteria;p__Bacillota_E;c__JAJZYS01;o__JAJZYS01;f__JAJYTV01;g__JAJZQO01;s__JAJZQO01 sp021845645	novel Bacteria	novel class	sylph
GCA_021845645.1_genomic	sylph	species	Bray-Curtis distance	0.5	class	d__Bacteria;p__Bacillota_E;c__JAJZYS01;o__JAJZYS01;f__JAJYTV01;g__JAJZQO01;s__JAJZQO01 sp021845645	novel Bacteria	novel class	sylph
GCA_021845645.1_genomic	metaphlan	kingdom	Bray-Curtis distance	0.5	class	d__Bacteria;p__Bacillota_E;c__JAJZYS01;o__JAJZYS01;f__JAJYTV01;g__JAJZQO01;s__JAJZQO01 sp021845645	novel Bacteria	novel class	MetaPhlAn
GCA_021845645.1_genomic	metaphlan	phylum	Bray-Curtis distance	0.5	class	d__Bacteria;p__Bacillota_E;c__JAJZYS01;o__JAJZYS01;f__JAJYTV01;g__JAJZQO01;s__JAJZQO01 sp021845645	novel Bacteria	novel class	MetaPhlAn
GCA_021845645.1_genomic	metaphlan	class	Bray-Curtis distance	0.5	class	d__Bacteria;p__Bacillota_E;c__JAJZYS01;o__JAJZYS01;f__JAJYTV01;g__JAJZQO01;s__JAJZQO01 sp021845645	novel Bacteria	novel class	MetaPhlAn
GCA_021845645.1_genomic	metaphlan	order	Bray-Curtis distance	0.5	class	d__Bacteria;p__Bacillota_E;c__JAJZYS01;o__JAJZYS01;f__JAJYTV01;g__JAJZQO01;s__JAJZQO01 sp021845645	novel Bacteria	novel class	MetaPhlAn
GCA_021845645.1_genomic	metaphlan	family	Bray-Curtis distance	0.5	class	d__Bacteria;p__Bacillota_E;c__JAJZYS01;o__JAJZYS01;f__JAJYTV01;g__JAJZQO01;s__JAJZQO01 sp021845645	novel Bacteria	novel class	MetaPhlAn
GCA_021845645.1_genomic	metaphlan	genus	Bray-Curtis distance	0.5	class	d__Bacteria;p__Bacillota_E;c__JAJZYS01;o__JAJZYS01;f__JAJYTV01;g__JAJZQO01;s__JAJZQO01 sp021845645	novel Bacteria	novel class	MetaPhlAn
GCA_021845645.1_genomic	metaphlan	species	Bray-Curtis distance	0.5	class	d__Bacteria;p__Bacillota_E;c__JAJZYS01;o__JAJZYS01;f__JAJYTV01;g__JAJZQO01;s__JAJZQO01 sp021845645	novel Bacteria	novel class	MetaPhlAn
GCA_021845645.1_genomic	singlem	kingdom	Bray-Curtis distance	0.00280183392766173	class	d__Bacteria;p__Bacillota_E;c__JAJZYS01;o__JAJZYS01;f__JAJYTV01;g__JAJZQO01;s__JAJZQO01 sp021845645	novel Bacteria	novel class	SingleM
GCA_021845645.1_genomic	singlem	phylum	Bray-Curtis distance	0.289326765188834	class	d__Bacteria;p__Bacillota_E;c__JAJZYS01;o__JAJZYS01;f__JAJYTV01;g__JAJZQO01;s__JAJZQO01 sp021845645	novel Bacteria	novel class	SingleM
GCA_021845645.1_genomic	singlem	class	Bray-Curtis distance	0.355195029340697	class	d__Bacteria;p__Bacillota_E;c__JAJZYS01;o__JAJZYS01;f__JAJYTV01;g__JAJZQO01;s__JAJZQO01 sp021845645	novel Bacteria	novel class	SingleM
GCA_021845645.1_genomic	singlem	order	Bray-Curtis distance	0.355195029340697	class	d__Bacteria;p__Bacillota_E;c__JAJZYS01;o__JAJZYS01;f__JAJYTV01;g__JAJZQO01;s__JAJZQO01 sp021845645	novel Bacteria	novel class	SingleM
GCA_021845645.1_genomic	singlem	family	Bray-Curtis distance	0.357538035961273	class	d__Bacteria;p__Bacillota_E;c__JAJZYS01;o__JAJZYS01;f__JAJYTV01;g__JAJZQO01;s__JAJZQO01 sp021845645	novel Bacteria	novel class	SingleM
GCA_021845645.1_genomic	singlem	genus	Bray-Curtis distance	0.357538035961273	class	d__Bacteria;p__Bacillota_E;c__JAJZYS01;o__JAJZYS01;f__JAJYTV01;g__JAJZQO01;s__JAJZQO01 sp021845645	novel Bacteria	novel class	SingleM
GCA_021845645.1_genomic	singlem	species	Bray-Curtis distance	0.357538035961273	class	d__Bacteria;p__Bacillota_E;c__JAJZYS01;o__JAJZYS01;f__JAJYTV01;g__JAJZQO01;s__JAJZQO01 sp021845645	novel Bacteria	novel class	SingleM
GCA_021845645.1_genomic	singlem-regime3	kingdom	Bray-Curtis distance	0.0169890224777836	class	d__Bacteria;p__Bacillota_E;c__JAJZYS01;o__JAJZYS01;f__JAJYTV01;g__JAJZQO01;s__JAJZQO01 sp021845645	novel Bacteria	novel class	
GCA_021845645.1_genomic	singlem-regime3	phylum	Bray-Curtis distance	0.43327615780446	class	d__Bacteria;p__Bacillota_E;c__JAJZYS01;o__JAJZYS01;f__JAJYTV01;g__JAJZQO01;s__JAJZQO01 sp021845645	novel Bacteria	novel class	
GCA_021845645.1_genomic	singlem-regime3	class	Bray-Curtis distance	0.424390243902439	class	d__Bacteria;p__Bacillota_E;c__JAJZYS01;o__JAJZYS01;f__JAJYTV01;g__JAJZQO01;s__JAJZQO01 sp021845645	novel Bacteria	novel class	
GCA_021845645.1_genomic	singlem-regime3	order	Bray-Curtis distance	0.396860167944505	class	d__Bacteria;p__Bacillota_E;c__JAJZYS01;o__JAJZYS01;f__JAJYTV01;g__JAJZQO01;s__JAJZQO01 sp021845645	novel Bacteria	novel class	
GCA_021845645.1_genomic	singlem-regime3	family	Bray-Curtis distance	0.396860167944505	class	d__Bacteria;p__Bacillota_E;c__JAJZYS01;o__JAJZYS01;f__JAJYTV01;g__JAJZQO01;s__JAJZQO01 sp021845645	novel Bacteria	novel class	
GCA_021845645.1_genomic	singlem-regime3	genus	Bray-Curtis distance	0.396860167944505	class	d__Bacteria;p__Bacillota_E;c__JAJZYS01;o__JAJZYS01;f__JAJYTV01;g__JAJZQO01;s__JAJZQO01 sp021845645	novel Bacteria	novel class	
GCA_021845645.1_genomic	singlem-regime3	species	Bray-Curtis distance	0.396860167944505	class	d__Bacteria;p__Bacillota_E;c__JAJZYS01;o__JAJZYS01;f__JAJYTV01;g__JAJZQO01;s__JAJZQO01 sp021845645	novel Bacteria	novel class	
GCA_021848885.1_genomic	sylph	kingdom	Bray-Curtis distance	0.5	order	d__Bacteria;p__Actinomycetota;c__Actinomycetia;o__JAJZTN01;f__JAJZTN01;g__JAJZTN01;s__JAJZTN01 sp021848885	novel Bacteria	novel order	sylph
GCA_021848885.1_genomic	sylph	phylum	Bray-Curtis distance	0.5	order	d__Bacteria;p__Actinomycetota;c__Actinomycetia;o__JAJZTN01;f__JAJZTN01;g__JAJZTN01;s__JAJZTN01 sp021848885	novel Bacteria	novel order	sylph
GCA_021848885.1_genomic	sylph	class	Bray-Curtis distance	0.5	order	d__Bacteria;p__Actinomycetota;c__Actinomycetia;o__JAJZTN01;f__JAJZTN01;g__JAJZTN01;s__JAJZTN01 sp021848885	novel Bacteria	novel order	sylph
GCA_021848885.1_genomic	sylph	order	Bray-Curtis distance	0.5	order	d__Bacteria;p__Actinomycetota;c__Actinomycetia;o__JAJZTN01;f__JAJZTN01;g__JAJZTN01;s__JAJZTN01 sp021848885	novel Bacteria	novel order	sylph
GCA_021848885.1_genomic	sylph	family	Bray-Curtis distance	0.5	order	d__Bacteria;p__Actinomycetota;c__Actinomycetia;o__JAJZTN01;f__JAJZTN01;g__JAJZTN01;s__JAJZTN01 sp021848885	novel Bacteria	novel order	sylph
GCA_021848885.1_genomic	sylph	genus	Bray-Curtis distance	0.5	order	d__Bacteria;p__Actinomycetota;c__Actinomycetia;o__JAJZTN01;f__JAJZTN01;g__JAJZTN01;s__JAJZTN01 sp021848885	novel Bacteria	novel order	sylph
GCA_021848885.1_genomic	sylph	species	Bray-Curtis distance	0.5	order	d__Bacteria;p__Actinomycetota;c__Actinomycetia;o__JAJZTN01;f__JAJZTN01;g__JAJZTN01;s__JAJZTN01 sp021848885	novel Bacteria	novel order	sylph
GCA_021848885.1_genomic	metaphlan	kingdom	Bray-Curtis distance	0.5	order	d__Bacteria;p__Actinomycetota;c__Actinomycetia;o__JAJZTN01;f__JAJZTN01;g__JAJZTN01;s__JAJZTN01 sp021848885	novel Bacteria	novel order	MetaPhlAn
GCA_021848885.1_genomic	metaphlan	phylum	Bray-Curtis distance	0.5	order	d__Bacteria;p__Actinomycetota;c__Actinomycetia;o__JAJZTN01;f__JAJZTN01;g__JAJZTN01;s__JAJZTN01 sp021848885	novel Bacteria	novel order	MetaPhlAn
GCA_021848885.1_genomic	metaphlan	class	Bray-Curtis distance	0.5	order	d__Bacteria;p__Actinomycetota;c__Actinomycetia;o__JAJZTN01;f__JAJZTN01;g__JAJZTN01;s__JAJZTN01 sp021848885	novel Bacteria	novel order	MetaPhlAn
GCA_021848885.1_genomic	metaphlan	order	Bray-Curtis distance	0.5	order	d__Bacteria;p__Actinomycetota;c__Actinomycetia;o__JAJZTN01;f__JAJZTN01;g__JAJZTN01;s__JAJZTN01 sp021848885	novel Bacteria	novel order	MetaPhlAn
GCA_021848885.1_genomic	metaphlan	family	Bray-Curtis distance	0.5	order	d__Bacteria;p__Actinomycetota;c__Actinomycetia;o__JAJZTN01;f__JAJZTN01;g__JAJZTN01;s__JAJZTN01 sp021848885	novel Bacteria	novel order	MetaPhlAn
GCA_021848885.1_genomic	metaphlan	genus	Bray-Curtis distance	0.5	order	d__Bacteria;p__Actinomycetota;c__Actinomycetia;o__JAJZTN01;f__JAJZTN01;g__JAJZTN01;s__JAJZTN01 sp021848885	novel Bacteria	novel order	MetaPhlAn
GCA_021848885.1_genomic	metaphlan	species	Bray-Curtis distance	0.5	order	d__Bacteria;p__Actinomycetota;c__Actinomycetia;o__JAJZTN01;f__JAJZTN01;g__JAJZTN01;s__JAJZTN01 sp021848885	novel Bacteria	novel order	MetaPhlAn
GCA_021848885.1_genomic	singlem	kingdom	Bray-Curtis distance	0.0102040816326531	order	d__Bacteria;p__Actinomycetota;c__Actinomycetia;o__JAJZTN01;f__JAJZTN01;g__JAJZTN01;s__JAJZTN01 sp021848885	novel Bacteria	novel order	SingleM
GCA_021848885.1_genomic	singlem	phylum	Bray-Curtis distance	0.0117526826775678	order	d__Bacteria;p__Actinomycetota;c__Actinomycetia;o__JAJZTN01;f__JAJZTN01;g__JAJZTN01;s__JAJZTN01 sp021848885	novel Bacteria	novel order	SingleM
GCA_021848885.1_genomic	singlem	class	Bray-Curtis distance	0.017733230531997	order	d__Bacteria;p__Actinomycetota;c__Actinomycetia;o__JAJZTN01;f__JAJZTN01;g__JAJZTN01;s__JAJZTN01 sp021848885	novel Bacteria	novel order	SingleM
GCA_021848885.1_genomic	singlem	order	Bray-Curtis distance	0.382482671707624	order	d__Bacteria;p__Actinomycetota;c__Actinomycetia;o__JAJZTN01;f__JAJZTN01;g__JAJZTN01;s__JAJZTN01 sp021848885	novel Bacteria	novel order	SingleM
GCA_021848885.1_genomic	singlem	family	Bray-Curtis distance	0.368963296844817	order	d__Bacteria;p__Actinomycetota;c__Actinomycetia;o__JAJZTN01;f__JAJZTN01;g__JAJZTN01;s__JAJZTN01 sp021848885	novel Bacteria	novel order	SingleM
GCA_021848885.1_genomic	singlem	genus	Bray-Curtis distance	0.350563286944997	order	d__Bacteria;p__Actinomycetota;c__Actinomycetia;o__JAJZTN01;f__JAJZTN01;g__JAJZTN01;s__JAJZTN01 sp021848885	novel Bacteria	novel order	SingleM
GCA_021848885.1_genomic	singlem	species	Bray-Curtis distance	0.337837837837838	order	d__Bacteria;p__Actinomycetota;c__Actinomycetia;o__JAJZTN01;f__JAJZTN01;g__JAJZTN01;s__JAJZTN01 sp021848885	novel Bacteria	novel order	SingleM
GCA_021848885.1_genomic	singlem-regime3	kingdom	Bray-Curtis distance	0.0966532025389498	order	d__Bacteria;p__Actinomycetota;c__Actinomycetia;o__JAJZTN01;f__JAJZTN01;g__JAJZTN01;s__JAJZTN01 sp021848885	novel Bacteria	novel order	
GCA_021848885.1_genomic	singlem-regime3	phylum	Bray-Curtis distance	0.0966532025389498	order	d__Bacteria;p__Actinomycetota;c__Actinomycetia;o__JAJZTN01;f__JAJZTN01;g__JAJZTN01;s__JAJZTN01 sp021848885	novel Bacteria	novel order	
GCA_021848885.1_genomic	singlem-regime3	class	Bray-Curtis distance	0.0966532025389498	order	d__Bacteria;p__Actinomycetota;c__Actinomycetia;o__JAJZTN01;f__JAJZTN01;g__JAJZTN01;s__JAJZTN01 sp021848885	novel Bacteria	novel order	
GCA_021848885.1_genomic	singlem-regime3	order	Bray-Curtis distance	0.404262633207288	order	d__Bacteria;p__Actinomycetota;c__Actinomycetia;o__JAJZTN01;f__JAJZTN01;g__JAJZTN01;s__JAJZTN01 sp021848885	novel Bacteria	novel order	
GCA_021848885.1_genomic	singlem-regime3	family	Bray-Curtis distance	0.373689916877485	order	d__Bacteria;p__Actinomycetota;c__Actinomycetia;o__JAJZTN01;f__JAJZTN01;g__JAJZTN01;s__JAJZTN01 sp021848885	novel Bacteria	novel order	
GCA_021848885.1_genomic	singlem-regime3	genus	Bray-Curtis distance	0.373689916877485	order	d__Bacteria;p__Actinomycetota;c__Actinomycetia;o__JAJZTN01;f__JAJZTN01;g__JAJZTN01;s__JAJZTN01 sp021848885	novel Bacteria	novel order	
GCA_021848885.1_genomic	singlem-regime3	species	Bray-Curtis distance	0.363569592361366	order	d__Bacteria;p__Actinomycetota;c__Actinomycetia;o__JAJZTN01;f__JAJZTN01;g__JAJZTN01;s__JAJZTN01 sp021848885	novel Bacteria	novel order	
GCA_022072165.1_genomic	sylph	kingdom	Bray-Curtis distance	0.5	class	d__Bacteria;p__4484-113;c__JAJVIF01;o__JAJVIF01;f__JAJVIF01;g__JAJVIF01;s__JAJVIF01 sp022072165	novel Bacteria	novel class	sylph
GCA_022072165.1_genomic	sylph	phylum	Bray-Curtis distance	0.5	class	d__Bacteria;p__4484-113;c__JAJVIF01;o__JAJVIF01;f__JAJVIF01;g__JAJVIF01;s__JAJVIF01 sp022072165	novel Bacteria	novel class	sylph
GCA_022072165.1_genomic	sylph	class	Bray-Curtis distance	0.5	class	d__Bacteria;p__4484-113;c__JAJVIF01;o__JAJVIF01;f__JAJVIF01;g__JAJVIF01;s__JAJVIF01 sp022072165	novel Bacteria	novel class	sylph
GCA_022072165.1_genomic	sylph	order	Bray-Curtis distance	0.5	class	d__Bacteria;p__4484-113;c__JAJVIF01;o__JAJVIF01;f__JAJVIF01;g__JAJVIF01;s__JAJVIF01 sp022072165	novel Bacteria	novel class	sylph
GCA_022072165.1_genomic	sylph	family	Bray-Curtis distance	0.5	class	d__Bacteria;p__4484-113;c__JAJVIF01;o__JAJVIF01;f__JAJVIF01;g__JAJVIF01;s__JAJVIF01 sp022072165	novel Bacteria	novel class	sylph
GCA_022072165.1_genomic	sylph	genus	Bray-Curtis distance	0.5	class	d__Bacteria;p__4484-113;c__JAJVIF01;o__JAJVIF01;f__JAJVIF01;g__JAJVIF01;s__JAJVIF01 sp022072165	novel Bacteria	novel class	sylph
GCA_022072165.1_genomic	sylph	species	Bray-Curtis distance	0.5	class	d__Bacteria;p__4484-113;c__JAJVIF01;o__JAJVIF01;f__JAJVIF01;g__JAJVIF01;s__JAJVIF01 sp022072165	novel Bacteria	novel class	sylph
GCA_022072165.1_genomic	metaphlan	kingdom	Bray-Curtis distance	0.5	class	d__Bacteria;p__4484-113;c__JAJVIF01;o__JAJVIF01;f__JAJVIF01;g__JAJVIF01;s__JAJVIF01 sp022072165	novel Bacteria	novel class	MetaPhlAn
GCA_022072165.1_genomic	metaphlan	phylum	Bray-Curtis distance	0.5	class	d__Bacteria;p__4484-113;c__JAJVIF01;o__JAJVIF01;f__JAJVIF01;g__JAJVIF01;s__JAJVIF01 sp022072165	novel Bacteria	novel class	MetaPhlAn
GCA_022072165.1_genomic	metaphlan	class	Bray-Curtis distance	0.5	class	d__Bacteria;p__4484-113;c__JAJVIF01;o__JAJVIF01;f__JAJVIF01;g__JAJVIF01;s__JAJVIF01 sp022072165	novel Bacteria	novel class	MetaPhlAn
GCA_022072165.1_genomic	metaphlan	order	Bray-Curtis distance	0.5	class	d__Bacteria;p__4484-113;c__JAJVIF01;o__JAJVIF01;f__JAJVIF01;g__JAJVIF01;s__JAJVIF01 sp022072165	novel Bacteria	novel class	MetaPhlAn
GCA_022072165.1_genomic	metaphlan	family	Bray-Curtis distance	0.5	class	d__Bacteria;p__4484-113;c__JAJVIF01;o__JAJVIF01;f__JAJVIF01;g__JAJVIF01;s__JAJVIF01 sp022072165	novel Bacteria	novel class	MetaPhlAn
GCA_022072165.1_genomic	metaphlan	genus	Bray-Curtis distance	0.5	class	d__Bacteria;p__4484-113;c__JAJVIF01;o__JAJVIF01;f__JAJVIF01;g__JAJVIF01;s__JAJVIF01 sp022072165	novel Bacteria	novel class	MetaPhlAn
GCA_022072165.1_genomic	metaphlan	species	Bray-Curtis distance	0.5	class	d__Bacteria;p__4484-113;c__JAJVIF01;o__JAJVIF01;f__JAJVIF01;g__JAJVIF01;s__JAJVIF01 sp022072165	novel Bacteria	novel class	MetaPhlAn
GCA_022072165.1_genomic	singlem	kingdom	Bray-Curtis distance	0.0239477503628447	class	d__Bacteria;p__4484-113;c__JAJVIF01;o__JAJVIF01;f__JAJVIF01;g__JAJVIF01;s__JAJVIF01 sp022072165	novel Bacteria	novel class	SingleM
GCA_022072165.1_genomic	singlem	phylum	Bray-Curtis distance	0.336436597110754	class	d__Bacteria;p__4484-113;c__JAJVIF01;o__JAJVIF01;f__JAJVIF01;g__JAJVIF01;s__JAJVIF01 sp022072165	novel Bacteria	novel class	SingleM
GCA_022072165.1_genomic	singlem	class	Bray-Curtis distance	0.335369774919614	class	d__Bacteria;p__4484-113;c__JAJVIF01;o__JAJVIF01;f__JAJVIF01;g__JAJVIF01;s__JAJVIF01 sp022072165	novel Bacteria	novel class	SingleM
GCA_022072165.1_genomic	singlem	order	Bray-Curtis distance	0.335369774919614	class	d__Bacteria;p__4484-113;c__JAJVIF01;o__JAJVIF01;f__JAJVIF01;g__JAJVIF01;s__JAJVIF01 sp022072165	novel Bacteria	novel class	SingleM
GCA_022072165.1_genomic	singlem	family	Bray-Curtis distance	0.335369774919614	class	d__Bacteria;p__4484-113;c__JAJVIF01;o__JAJVIF01;f__JAJVIF01;g__JAJVIF01;s__JAJVIF01 sp022072165	novel Bacteria	novel class	SingleM
GCA_022072165.1_genomic	singlem	genus	Bray-Curtis distance	0.335369774919614	class	d__Bacteria;p__4484-113;c__JAJVIF01;o__JAJVIF01;f__JAJVIF01;g__JAJVIF01;s__JAJVIF01 sp022072165	novel Bacteria	novel class	SingleM
GCA_022072165.1_genomic	singlem	species	Bray-Curtis distance	0.335369774919614	class	d__Bacteria;p__4484-113;c__JAJVIF01;o__JAJVIF01;f__JAJVIF01;g__JAJVIF01;s__JAJVIF01 sp022072165	novel Bacteria	novel class	SingleM
GCA_022072165.1_genomic	singlem-regime3	kingdom	Bray-Curtis distance	0.0188284518828452	class	d__Bacteria;p__4484-113;c__JAJVIF01;o__JAJVIF01;f__JAJVIF01;g__JAJVIF01;s__JAJVIF01 sp022072165	novel Bacteria	novel class	
GCA_022072165.1_genomic	singlem-regime3	phylum	Bray-Curtis distance	0.341597796143251	class	d__Bacteria;p__4484-113;c__JAJVIF01;o__JAJVIF01;f__JAJVIF01;g__JAJVIF01;s__JAJVIF01 sp022072165	novel Bacteria	novel class	
GCA_022072165.1_genomic	singlem-regime3	class	Bray-Curtis distance	0.341597796143251	class	d__Bacteria;p__4484-113;c__JAJVIF01;o__JAJVIF01;f__JAJVIF01;g__JAJVIF01;s__JAJVIF01 sp022072165	novel Bacteria	novel class	
GCA_022072165.1_genomic	singlem-regime3	order	Bray-Curtis distance	0.341597796143251	class	d__Bacteria;p__4484-113;c__JAJVIF01;o__JAJVIF01;f__JAJVIF01;g__JAJVIF01;s__JAJVIF01 sp022072165	novel Bacteria	novel class	
GCA_022072165.1_genomic	singlem-regime3	family	Bray-Curtis distance	0.341597796143251	class	d__Bacteria;p__4484-113;c__JAJVIF01;o__JAJVIF01;f__JAJVIF01;g__JAJVIF01;s__JAJVIF01 sp022072165	novel Bacteria	novel class	
GCA_022072165.1_genomic	singlem-regime3	genus	Bray-Curtis distance	0.341597796143251	class	d__Bacteria;p__4484-113;c__JAJVIF01;o__JAJVIF01;f__JAJVIF01;g__JAJVIF01;s__JAJVIF01 sp022072165	novel Bacteria	novel class	
GCA_022072165.1_genomic	singlem-regime3	species	Bray-Curtis distance	0.341597796143251	class	d__Bacteria;p__4484-113;c__JAJVIF01;o__JAJVIF01;f__JAJVIF01;g__JAJVIF01;s__JAJVIF01 sp022072165	novel Bacteria	novel class	
GCA_022562795.1_genomic	sylph	kingdom	Bray-Curtis distance	0.5	phylum	d__Bacteria;p__JADFOP01;c__JADFOP01;o__JADFOP01;f__JADFOP01;g__JADFOP01;s__JADFOP01 sp022562795	novel Bacteria	novel phylum	sylph
GCA_022562795.1_genomic	sylph	phylum	Bray-Curtis distance	0.5	phylum	d__Bacteria;p__JADFOP01;c__JADFOP01;o__JADFOP01;f__JADFOP01;g__JADFOP01;s__JADFOP01 sp022562795	novel Bacteria	novel phylum	sylph
GCA_022562795.1_genomic	sylph	class	Bray-Curtis distance	0.5	phylum	d__Bacteria;p__JADFOP01;c__JADFOP01;o__JADFOP01;f__JADFOP01;g__JADFOP01;s__JADFOP01 sp022562795	novel Bacteria	novel phylum	sylph
GCA_022562795.1_genomic	sylph	order	Bray-Curtis distance	0.5	phylum	d__Bacteria;p__JADFOP01;c__JADFOP01;o__JADFOP01;f__JADFOP01;g__JADFOP01;s__JADFOP01 sp022562795	novel Bacteria	novel phylum	sylph
GCA_022562795.1_genomic	sylph	family	Bray-Curtis distance	0.5	phylum	d__Bacteria;p__JADFOP01;c__JADFOP01;o__JADFOP01;f__JADFOP01;g__JADFOP01;s__JADFOP01 sp022562795	novel Bacteria	novel phylum	sylph
GCA_022562795.1_genomic	sylph	genus	Bray-Curtis distance	0.5	phylum	d__Bacteria;p__JADFOP01;c__JADFOP01;o__JADFOP01;f__JADFOP01;g__JADFOP01;s__JADFOP01 sp022562795	novel Bacteria	novel phylum	sylph
GCA_022562795.1_genomic	sylph	species	Bray-Curtis distance	0.5	phylum	d__Bacteria;p__JADFOP01;c__JADFOP01;o__JADFOP01;f__JADFOP01;g__JADFOP01;s__JADFOP01 sp022562795	novel Bacteria	novel phylum	sylph
GCA_022562795.1_genomic	metaphlan	kingdom	Bray-Curtis distance	0.5	phylum	d__Bacteria;p__JADFOP01;c__JADFOP01;o__JADFOP01;f__JADFOP01;g__JADFOP01;s__JADFOP01 sp022562795	novel Bacteria	novel phylum	MetaPhlAn
GCA_022562795.1_genomic	metaphlan	phylum	Bray-Curtis distance	0.5	phylum	d__Bacteria;p__JADFOP01;c__JADFOP01;o__JADFOP01;f__JADFOP01;g__JADFOP01;s__JADFOP01 sp022562795	novel Bacteria	novel phylum	MetaPhlAn
GCA_022562795.1_genomic	metaphlan	class	Bray-Curtis distance	0.5	phylum	d__Bacteria;p__JADFOP01;c__JADFOP01;o__JADFOP01;f__JADFOP01;g__JADFOP01;s__JADFOP01 sp022562795	novel Bacteria	novel phylum	MetaPhlAn
GCA_022562795.1_genomic	metaphlan	order	Bray-Curtis distance	0.5	phylum	d__Bacteria;p__JADFOP01;c__JADFOP01;o__JADFOP01;f__JADFOP01;g__JADFOP01;s__JADFOP01 sp022562795	novel Bacteria	novel phylum	MetaPhlAn
GCA_022562795.1_genomic	metaphlan	family	Bray-Curtis distance	0.5	phylum	d__Bacteria;p__JADFOP01;c__JADFOP01;o__JADFOP01;f__JADFOP01;g__JADFOP01;s__JADFOP01 sp022562795	novel Bacteria	novel phylum	MetaPhlAn
GCA_022562795.1_genomic	metaphlan	genus	Bray-Curtis distance	0.5	phylum	d__Bacteria;p__JADFOP01;c__JADFOP01;o__JADFOP01;f__JADFOP01;g__JADFOP01;s__JADFOP01 sp022562795	novel Bacteria	novel phylum	MetaPhlAn
GCA_022562795.1_genomic	metaphlan	species	Bray-Curtis distance	0.5	phylum	d__Bacteria;p__JADFOP01;c__JADFOP01;o__JADFOP01;f__JADFOP01;g__JADFOP01;s__JADFOP01 sp022562795	novel Bacteria	novel phylum	MetaPhlAn
GCA_022562795.1_genomic	singlem	kingdom	Bray-Curtis distance	0.0272466539196941	phylum	d__Bacteria;p__JADFOP01;c__JADFOP01;o__JADFOP01;f__JADFOP01;g__JADFOP01;s__JADFOP01 sp022562795	novel Bacteria	novel phylum	SingleM
GCA_022562795.1_genomic	singlem	phylum	Bray-Curtis distance	0.411875	phylum	d__Bacteria;p__JADFOP01;c__JADFOP01;o__JADFOP01;f__JADFOP01;g__JADFOP01;s__JADFOP01 sp022562795	novel Bacteria	novel phylum	SingleM
GCA_022562795.1_genomic	singlem	class	Bray-Curtis distance	0.39652870493992	phylum	d__Bacteria;p__JADFOP01;c__JADFOP01;o__JADFOP01;f__JADFOP01;g__JADFOP01;s__JADFOP01 sp022562795	novel Bacteria	novel phylum	SingleM
GCA_022562795.1_genomic	singlem	order	Bray-Curtis distance	0.39652870493992	phylum	d__Bacteria;p__JADFOP01;c__JADFOP01;o__JADFOP01;f__JADFOP01;g__JADFOP01;s__JADFOP01 sp022562795	novel Bacteria	novel phylum	SingleM
GCA_022562795.1_genomic	singlem	family	Bray-Curtis distance	0.39652870493992	phylum	d__Bacteria;p__JADFOP01;c__JADFOP01;o__JADFOP01;f__JADFOP01;g__JADFOP01;s__JADFOP01 sp022562795	novel Bacteria	novel phylum	SingleM
GCA_022562795.1_genomic	singlem	genus	Bray-Curtis distance	0.39652870493992	phylum	d__Bacteria;p__JADFOP01;c__JADFOP01;o__JADFOP01;f__JADFOP01;g__JADFOP01;s__JADFOP01 sp022562795	novel Bacteria	novel phylum	SingleM
GCA_022562795.1_genomic	singlem	species	Bray-Curtis distance	0.39652870493992	phylum	d__Bacteria;p__JADFOP01;c__JADFOP01;o__JADFOP01;f__JADFOP01;g__JADFOP01;s__JADFOP01 sp022562795	novel Bacteria	novel phylum	SingleM
GCA_022562795.1_genomic	singlem-regime3	kingdom	Bray-Curtis distance	0.00292682926829272	phylum	d__Bacteria;p__JADFOP01;c__JADFOP01;o__JADFOP01;f__JADFOP01;g__JADFOP01;s__JADFOP01 sp022562795	novel Bacteria	novel phylum	
GCA_022562795.1_genomic	singlem-regime3	phylum	Bray-Curtis distance	0.353015873015873	phylum	d__Bacteria;p__JADFOP01;c__JADFOP01;o__JADFOP01;f__JADFOP01;g__JADFOP01;s__JADFOP01 sp022562795	novel Bacteria	novel phylum	
GCA_022562795.1_genomic	singlem-regime3	class	Bray-Curtis distance	0.365756162558295	phylum	d__Bacteria;p__JADFOP01;c__JADFOP01;o__JADFOP01;f__JADFOP01;g__JADFOP01;s__JADFOP01 sp022562795	novel Bacteria	novel phylum	
GCA_022562795.1_genomic	singlem-regime3	order	Bray-Curtis distance	0.365756162558295	phylum	d__Bacteria;p__JADFOP01;c__JADFOP01;o__JADFOP01;f__JADFOP01;g__JADFOP01;s__JADFOP01 sp022562795	novel Bacteria	novel phylum	
GCA_022562795.1_genomic	singlem-regime3	family	Bray-Curtis distance	0.365756162558295	phylum	d__Bacteria;p__JADFOP01;c__JADFOP01;o__JADFOP01;f__JADFOP01;g__JADFOP01;s__JADFOP01 sp022562795	novel Bacteria	novel phylum	
GCA_022562795.1_genomic	singlem-regime3	genus	Bray-Curtis distance	0.365756162558295	phylum	d__Bacteria;p__JADFOP01;c__JADFOP01;o__JADFOP01;f__JADFOP01;g__JADFOP01;s__JADFOP01 sp022562795	novel Bacteria	novel phylum	
GCA_022562795.1_genomic	singlem-regime3	species	Bray-Curtis distance	0.365756162558295	phylum	d__Bacteria;p__JADFOP01;c__JADFOP01;o__JADFOP01;f__JADFOP01;g__JADFOP01;s__JADFOP01 sp022562795	novel Bacteria	novel phylum	
GCA_022615805.1_genomic	sylph	kingdom	Bray-Curtis distance	0.5	class	d__Archaea;p__Thermoplasmatota;c__JAKEGO01;o__JAKEGO01;f__JAKEGO01;g__JAKEGO01;s__JAKEGO01 sp022615805	novel Archaea	novel class	sylph
GCA_022615805.1_genomic	sylph	phylum	Bray-Curtis distance	0.5	class	d__Archaea;p__Thermoplasmatota;c__JAKEGO01;o__JAKEGO01;f__JAKEGO01;g__JAKEGO01;s__JAKEGO01 sp022615805	novel Archaea	novel class	sylph
GCA_022615805.1_genomic	sylph	class	Bray-Curtis distance	0.5	class	d__Archaea;p__Thermoplasmatota;c__JAKEGO01;o__JAKEGO01;f__JAKEGO01;g__JAKEGO01;s__JAKEGO01 sp022615805	novel Archaea	novel class	sylph
GCA_022615805.1_genomic	sylph	order	Bray-Curtis distance	0.5	class	d__Archaea;p__Thermoplasmatota;c__JAKEGO01;o__JAKEGO01;f__JAKEGO01;g__JAKEGO01;s__JAKEGO01 sp022615805	novel Archaea	novel class	sylph
GCA_022615805.1_genomic	sylph	family	Bray-Curtis distance	0.5	class	d__Archaea;p__Thermoplasmatota;c__JAKEGO01;o__JAKEGO01;f__JAKEGO01;g__JAKEGO01;s__JAKEGO01 sp022615805	novel Archaea	novel class	sylph
GCA_022615805.1_genomic	sylph	genus	Bray-Curtis distance	0.5	class	d__Archaea;p__Thermoplasmatota;c__JAKEGO01;o__JAKEGO01;f__JAKEGO01;g__JAKEGO01;s__JAKEGO01 sp022615805	novel Archaea	novel class	sylph
GCA_022615805.1_genomic	sylph	species	Bray-Curtis distance	0.5	class	d__Archaea;p__Thermoplasmatota;c__JAKEGO01;o__JAKEGO01;f__JAKEGO01;g__JAKEGO01;s__JAKEGO01 sp022615805	novel Archaea	novel class	sylph
GCA_022615805.1_genomic	metaphlan	kingdom	Bray-Curtis distance	0.5	class	d__Archaea;p__Thermoplasmatota;c__JAKEGO01;o__JAKEGO01;f__JAKEGO01;g__JAKEGO01;s__JAKEGO01 sp022615805	novel Archaea	novel class	MetaPhlAn
GCA_022615805.1_genomic	metaphlan	phylum	Bray-Curtis distance	0.5	class	d__Archaea;p__Thermoplasmatota;c__JAKEGO01;o__JAKEGO01;f__JAKEGO01;g__JAKEGO01;s__JAKEGO01 sp022615805	novel Archaea	novel class	MetaPhlAn
GCA_022615805.1_genomic	metaphlan	class	Bray-Curtis distance	0.5	class	d__Archaea;p__Thermoplasmatota;c__JAKEGO01;o__JAKEGO01;f__JAKEGO01;g__JAKEGO01;s__JAKEGO01 sp022615805	novel Archaea	novel class	MetaPhlAn
GCA_022615805.1_genomic	metaphlan	order	Bray-Curtis distance	0.5	class	d__Archaea;p__Thermoplasmatota;c__JAKEGO01;o__JAKEGO01;f__JAKEGO01;g__JAKEGO01;s__JAKEGO01 sp022615805	novel Archaea	novel class	MetaPhlAn
GCA_022615805.1_genomic	metaphlan	family	Bray-Curtis distance	0.5	class	d__Archaea;p__Thermoplasmatota;c__JAKEGO01;o__JAKEGO01;f__JAKEGO01;g__JAKEGO01;s__JAKEGO01 sp022615805	novel Archaea	novel class	MetaPhlAn
GCA_022615805.1_genomic	metaphlan	genus	Bray-Curtis distance	0.5	class	d__Archaea;p__Thermoplasmatota;c__JAKEGO01;o__JAKEGO01;f__JAKEGO01;g__JAKEGO01;s__JAKEGO01 sp022615805	novel Archaea	novel class	MetaPhlAn
GCA_022615805.1_genomic	metaphlan	species	Bray-Curtis distance	0.5	class	d__Archaea;p__Thermoplasmatota;c__JAKEGO01;o__JAKEGO01;f__JAKEGO01;g__JAKEGO01;s__JAKEGO01 sp022615805	novel Archaea	novel class	MetaPhlAn
GCA_022615805.1_genomic	singlem	kingdom	Bray-Curtis distance	0.125633598841419	class	d__Archaea;p__Thermoplasmatota;c__JAKEGO01;o__JAKEGO01;f__JAKEGO01;g__JAKEGO01;s__JAKEGO01 sp022615805	novel Archaea	novel class	SingleM
GCA_022615805.1_genomic	singlem	phylum	Bray-Curtis distance	0.0883352208380521	class	d__Archaea;p__Thermoplasmatota;c__JAKEGO01;o__JAKEGO01;f__JAKEGO01;g__JAKEGO01;s__JAKEGO01 sp022615805	novel Archaea	novel class	SingleM
GCA_022615805.1_genomic	singlem	class	Bray-Curtis distance	0.588375796178344	class	d__Archaea;p__Thermoplasmatota;c__JAKEGO01;o__JAKEGO01;f__JAKEGO01;g__JAKEGO01;s__JAKEGO01 sp022615805	novel Archaea	novel class	SingleM
GCA_022615805.1_genomic	singlem	order	Bray-Curtis distance	0.505263157894737	class	d__Archaea;p__Thermoplasmatota;c__JAKEGO01;o__JAKEGO01;f__JAKEGO01;g__JAKEGO01;s__JAKEGO01 sp022615805	novel Archaea	novel class	SingleM
GCA_022615805.1_genomic	singlem	family	Bray-Curtis distance	0.472718001019888	class	d__Archaea;p__Thermoplasmatota;c__JAKEGO01;o__JAKEGO01;f__JAKEGO01;g__JAKEGO01;s__JAKEGO01 sp022615805	novel Archaea	novel class	SingleM
GCA_022615805.1_genomic	singlem	genus	Bray-Curtis distance	0.455216016859853	class	d__Archaea;p__Thermoplasmatota;c__JAKEGO01;o__JAKEGO01;f__JAKEGO01;g__JAKEGO01;s__JAKEGO01 sp022615805	novel Archaea	novel class	SingleM
GCA_022615805.1_genomic	singlem	species	Bray-Curtis distance	0.455216016859853	class	d__Archaea;p__Thermoplasmatota;c__JAKEGO01;o__JAKEGO01;f__JAKEGO01;g__JAKEGO01;s__JAKEGO01 sp022615805	novel Archaea	novel class	SingleM
GCA_022615805.1_genomic	singlem-regime3	kingdom	Bray-Curtis distance	0.0462532299741602	class	d__Archaea;p__Thermoplasmatota;c__JAKEGO01;o__JAKEGO01;f__JAKEGO01;g__JAKEGO01;s__JAKEGO01 sp022615805	novel Archaea	novel class	
GCA_022615805.1_genomic	singlem-regime3	phylum	Bray-Curtis distance	0.13905409232512	class	d__Archaea;p__Thermoplasmatota;c__JAKEGO01;o__JAKEGO01;f__JAKEGO01;g__JAKEGO01;s__JAKEGO01 sp022615805	novel Archaea	novel class	
GCA_022615805.1_genomic	singlem-regime3	class	Bray-Curtis distance	0.491751085383502	class	d__Archaea;p__Thermoplasmatota;c__JAKEGO01;o__JAKEGO01;f__JAKEGO01;g__JAKEGO01;s__JAKEGO01 sp022615805	novel Archaea	novel class	
GCA_022615805.1_genomic	singlem-regime3	order	Bray-Curtis distance	0.426892950391645	class	d__Archaea;p__Thermoplasmatota;c__JAKEGO01;o__JAKEGO01;f__JAKEGO01;g__JAKEGO01;s__JAKEGO01 sp022615805	novel Archaea	novel class	
GCA_022615805.1_genomic	singlem-regime3	family	Bray-Curtis distance	0.39965811965812	class	d__Archaea;p__Thermoplasmatota;c__JAKEGO01;o__JAKEGO01;f__JAKEGO01;g__JAKEGO01;s__JAKEGO01 sp022615805	novel Archaea	novel class	
GCA_022615805.1_genomic	singlem-regime3	genus	Bray-Curtis distance	0.375755421258443	class	d__Archaea;p__Thermoplasmatota;c__JAKEGO01;o__JAKEGO01;f__JAKEGO01;g__JAKEGO01;s__JAKEGO01 sp022615805	novel Archaea	novel class	
GCA_022615805.1_genomic	singlem-regime3	species	Bray-Curtis distance	0.375755421258443	class	d__Archaea;p__Thermoplasmatota;c__JAKEGO01;o__JAKEGO01;f__JAKEGO01;g__JAKEGO01;s__JAKEGO01 sp022615805	novel Archaea	novel class	
GCA_022651005.1_genomic	sylph	kingdom	Bray-Curtis distance	0.5	genus	d__Bacteria;p__Actinomycetota;c__Actinomycetia;o__Actinomycetales;f__Bifidobacteriaceae;g__JALCQC01;s__JALCQC01 sp022651005	novel Bacteria	novel genus	sylph
GCA_022651005.1_genomic	sylph	phylum	Bray-Curtis distance	0.5	genus	d__Bacteria;p__Actinomycetota;c__Actinomycetia;o__Actinomycetales;f__Bifidobacteriaceae;g__JALCQC01;s__JALCQC01 sp022651005	novel Bacteria	novel genus	sylph
GCA_022651005.1_genomic	sylph	class	Bray-Curtis distance	0.5	genus	d__Bacteria;p__Actinomycetota;c__Actinomycetia;o__Actinomycetales;f__Bifidobacteriaceae;g__JALCQC01;s__JALCQC01 sp022651005	novel Bacteria	novel genus	sylph
GCA_022651005.1_genomic	sylph	order	Bray-Curtis distance	0.5	genus	d__Bacteria;p__Actinomycetota;c__Actinomycetia;o__Actinomycetales;f__Bifidobacteriaceae;g__JALCQC01;s__JALCQC01 sp022651005	novel Bacteria	novel genus	sylph
GCA_022651005.1_genomic	sylph	family	Bray-Curtis distance	0.5	genus	d__Bacteria;p__Actinomycetota;c__Actinomycetia;o__Actinomycetales;f__Bifidobacteriaceae;g__JALCQC01;s__JALCQC01 sp022651005	novel Bacteria	novel genus	sylph
GCA_022651005.1_genomic	sylph	genus	Bray-Curtis distance	0.5	genus	d__Bacteria;p__Actinomycetota;c__Actinomycetia;o__Actinomycetales;f__Bifidobacteriaceae;g__JALCQC01;s__JALCQC01 sp022651005	novel Bacteria	novel genus	sylph
GCA_022651005.1_genomic	sylph	species	Bray-Curtis distance	0.5	genus	d__Bacteria;p__Actinomycetota;c__Actinomycetia;o__Actinomycetales;f__Bifidobacteriaceae;g__JALCQC01;s__JALCQC01 sp022651005	novel Bacteria	novel genus	sylph
GCA_022651005.1_genomic	metaphlan	kingdom	Bray-Curtis distance	0.5	genus	d__Bacteria;p__Actinomycetota;c__Actinomycetia;o__Actinomycetales;f__Bifidobacteriaceae;g__JALCQC01;s__JALCQC01 sp022651005	novel Bacteria	novel genus	MetaPhlAn
GCA_022651005.1_genomic	metaphlan	phylum	Bray-Curtis distance	0.5	genus	d__Bacteria;p__Actinomycetota;c__Actinomycetia;o__Actinomycetales;f__Bifidobacteriaceae;g__JALCQC01;s__JALCQC01 sp022651005	novel Bacteria	novel genus	MetaPhlAn
GCA_022651005.1_genomic	metaphlan	class	Bray-Curtis distance	0.5	genus	d__Bacteria;p__Actinomycetota;c__Actinomycetia;o__Actinomycetales;f__Bifidobacteriaceae;g__JALCQC01;s__JALCQC01 sp022651005	novel Bacteria	novel genus	MetaPhlAn
GCA_022651005.1_genomic	metaphlan	order	Bray-Curtis distance	0.5	genus	d__Bacteria;p__Actinomycetota;c__Actinomycetia;o__Actinomycetales;f__Bifidobacteriaceae;g__JALCQC01;s__JALCQC01 sp022651005	novel Bacteria	novel genus	MetaPhlAn
GCA_022651005.1_genomic	metaphlan	family	Bray-Curtis distance	0.5	genus	d__Bacteria;p__Actinomycetota;c__Actinomycetia;o__Actinomycetales;f__Bifidobacteriaceae;g__JALCQC01;s__JALCQC01 sp022651005	novel Bacteria	novel genus	MetaPhlAn
GCA_022651005.1_genomic	metaphlan	genus	Bray-Curtis distance	0.5	genus	d__Bacteria;p__Actinomycetota;c__Actinomycetia;o__Actinomycetales;f__Bifidobacteriaceae;g__JALCQC01;s__JALCQC01 sp022651005	novel Bacteria	novel genus	MetaPhlAn
GCA_022651005.1_genomic	metaphlan	species	Bray-Curtis distance	1	genus	d__Bacteria;p__Actinomycetota;c__Actinomycetia;o__Actinomycetales;f__Bifidobacteriaceae;g__JALCQC01;s__JALCQC01 sp022651005	novel Bacteria	novel genus	MetaPhlAn
GCA_022651005.1_genomic	singlem	kingdom	Bray-Curtis distance	0.000534188034188077	genus	d__Bacteria;p__Actinomycetota;c__Actinomycetia;o__Actinomycetales;f__Bifidobacteriaceae;g__JALCQC01;s__JALCQC01 sp022651005	novel Bacteria	novel genus	SingleM
GCA_022651005.1_genomic	singlem	phylum	Bray-Curtis distance	0.00160513643659706	genus	d__Bacteria;p__Actinomycetota;c__Actinomycetia;o__Actinomycetales;f__Bifidobacteriaceae;g__JALCQC01;s__JALCQC01 sp022651005	novel Bacteria	novel genus	SingleM
GCA_022651005.1_genomic	singlem	class	Bray-Curtis distance	0.00160513643659706	genus	d__Bacteria;p__Actinomycetota;c__Actinomycetia;o__Actinomycetales;f__Bifidobacteriaceae;g__JALCQC01;s__JALCQC01 sp022651005	novel Bacteria	novel genus	SingleM
GCA_022651005.1_genomic	singlem	order	Bray-Curtis distance	0.00321543408360126	genus	d__Bacteria;p__Actinomycetota;c__Actinomycetia;o__Actinomycetales;f__Bifidobacteriaceae;g__JALCQC01;s__JALCQC01 sp022651005	novel Bacteria	novel genus	SingleM
GCA_022651005.1_genomic	singlem	family	Bray-Curtis distance	0.00321543408360126	genus	d__Bacteria;p__Actinomycetota;c__Actinomycetia;o__Actinomycetales;f__Bifidobacteriaceae;g__JALCQC01;s__JALCQC01 sp022651005	novel Bacteria	novel genus	SingleM
GCA_022651005.1_genomic	singlem	genus	Bray-Curtis distance	0.450161717142017	genus	d__Bacteria;p__Actinomycetota;c__Actinomycetia;o__Actinomycetales;f__Bifidobacteriaceae;g__JALCQC01;s__JALCQC01 sp022651005	novel Bacteria	novel genus	SingleM
GCA_022651005.1_genomic	singlem	species	Bray-Curtis distance	0.333808336302102	genus	d__Bacteria;p__Actinomycetota;c__Actinomycetia;o__Actinomycetales;f__Bifidobacteriaceae;g__JALCQC01;s__JALCQC01 sp022651005	novel Bacteria	novel genus	SingleM
GCA_022651005.1_genomic	singlem-regime3	kingdom	Bray-Curtis distance	0.0110987791342952	genus	d__Bacteria;p__Actinomycetota;c__Actinomycetia;o__Actinomycetales;f__Bifidobacteriaceae;g__JALCQC01;s__JALCQC01 sp022651005	novel Bacteria	novel genus	
GCA_022651005.1_genomic	singlem-regime3	phylum	Bray-Curtis distance	0.0110987791342952	genus	d__Bacteria;p__Actinomycetota;c__Actinomycetia;o__Actinomycetales;f__Bifidobacteriaceae;g__JALCQC01;s__JALCQC01 sp022651005	novel Bacteria	novel genus	
GCA_022651005.1_genomic	singlem-regime3	class	Bray-Curtis distance	0.0110987791342952	genus	d__Bacteria;p__Actinomycetota;c__Actinomycetia;o__Actinomycetales;f__Bifidobacteriaceae;g__JALCQC01;s__JALCQC01 sp022651005	novel Bacteria	novel genus	
GCA_022651005.1_genomic	singlem-regime3	order	Bray-Curtis distance	0.0110987791342952	genus	d__Bacteria;p__Actinomycetota;c__Actinomycetia;o__Actinomycetales;f__Bifidobacteriaceae;g__JALCQC01;s__JALCQC01 sp022651005	novel Bacteria	novel genus	
GCA_022651005.1_genomic	singlem-regime3	family	Bray-Curtis distance	0.0110987791342952	genus	d__Bacteria;p__Actinomycetota;c__Actinomycetia;o__Actinomycetales;f__Bifidobacteriaceae;g__JALCQC01;s__JALCQC01 sp022651005	novel Bacteria	novel genus	
GCA_022651005.1_genomic	singlem-regime3	genus	Bray-Curtis distance	0.392857142857143	genus	d__Bacteria;p__Actinomycetota;c__Actinomycetia;o__Actinomycetales;f__Bifidobacteriaceae;g__JALCQC01;s__JALCQC01 sp022651005	novel Bacteria	novel genus	
GCA_022651005.1_genomic	singlem-regime3	species	Bray-Curtis distance	0.371907118385992	genus	d__Bacteria;p__Actinomycetota;c__Actinomycetia;o__Actinomycetales;f__Bifidobacteriaceae;g__JALCQC01;s__JALCQC01 sp022651005	novel Bacteria	novel genus	
GCA_022655215.1_genomic	sylph	kingdom	Bray-Curtis distance	0.5	genus	d__Bacteria;p__Actinomycetota;c__Coriobacteriia;o__Coriobacteriales;f__Atopobiaceae;g__JALCUE01;s__JALCUE01 sp022655215	novel Bacteria	novel genus	sylph
GCA_022655215.1_genomic	sylph	phylum	Bray-Curtis distance	0.5	genus	d__Bacteria;p__Actinomycetota;c__Coriobacteriia;o__Coriobacteriales;f__Atopobiaceae;g__JALCUE01;s__JALCUE01 sp022655215	novel Bacteria	novel genus	sylph
GCA_022655215.1_genomic	sylph	class	Bray-Curtis distance	0.5	genus	d__Bacteria;p__Actinomycetota;c__Coriobacteriia;o__Coriobacteriales;f__Atopobiaceae;g__JALCUE01;s__JALCUE01 sp022655215	novel Bacteria	novel genus	sylph
GCA_022655215.1_genomic	sylph	order	Bray-Curtis distance	0.5	genus	d__Bacteria;p__Actinomycetota;c__Coriobacteriia;o__Coriobacteriales;f__Atopobiaceae;g__JALCUE01;s__JALCUE01 sp022655215	novel Bacteria	novel genus	sylph
GCA_022655215.1_genomic	sylph	family	Bray-Curtis distance	0.5	genus	d__Bacteria;p__Actinomycetota;c__Coriobacteriia;o__Coriobacteriales;f__Atopobiaceae;g__JALCUE01;s__JALCUE01 sp022655215	novel Bacteria	novel genus	sylph
GCA_022655215.1_genomic	sylph	genus	Bray-Curtis distance	0.5	genus	d__Bacteria;p__Actinomycetota;c__Coriobacteriia;o__Coriobacteriales;f__Atopobiaceae;g__JALCUE01;s__JALCUE01 sp022655215	novel Bacteria	novel genus	sylph
GCA_022655215.1_genomic	sylph	species	Bray-Curtis distance	0.5	genus	d__Bacteria;p__Actinomycetota;c__Coriobacteriia;o__Coriobacteriales;f__Atopobiaceae;g__JALCUE01;s__JALCUE01 sp022655215	novel Bacteria	novel genus	sylph
GCA_022655215.1_genomic	metaphlan	kingdom	Bray-Curtis distance	0.5	genus	d__Bacteria;p__Actinomycetota;c__Coriobacteriia;o__Coriobacteriales;f__Atopobiaceae;g__JALCUE01;s__JALCUE01 sp022655215	novel Bacteria	novel genus	MetaPhlAn
GCA_022655215.1_genomic	metaphlan	phylum	Bray-Curtis distance	0.5	genus	d__Bacteria;p__Actinomycetota;c__Coriobacteriia;o__Coriobacteriales;f__Atopobiaceae;g__JALCUE01;s__JALCUE01 sp022655215	novel Bacteria	novel genus	MetaPhlAn
GCA_022655215.1_genomic	metaphlan	class	Bray-Curtis distance	0.5	genus	d__Bacteria;p__Actinomycetota;c__Coriobacteriia;o__Coriobacteriales;f__Atopobiaceae;g__JALCUE01;s__JALCUE01 sp022655215	novel Bacteria	novel genus	MetaPhlAn
GCA_022655215.1_genomic	metaphlan	order	Bray-Curtis distance	0.5	genus	d__Bacteria;p__Actinomycetota;c__Coriobacteriia;o__Coriobacteriales;f__Atopobiaceae;g__JALCUE01;s__JALCUE01 sp022655215	novel Bacteria	novel genus	MetaPhlAn
GCA_022655215.1_genomic	metaphlan	family	Bray-Curtis distance	0.5	genus	d__Bacteria;p__Actinomycetota;c__Coriobacteriia;o__Coriobacteriales;f__Atopobiaceae;g__JALCUE01;s__JALCUE01 sp022655215	novel Bacteria	novel genus	MetaPhlAn
GCA_022655215.1_genomic	metaphlan	genus	Bray-Curtis distance	0.5	genus	d__Bacteria;p__Actinomycetota;c__Coriobacteriia;o__Coriobacteriales;f__Atopobiaceae;g__JALCUE01;s__JALCUE01 sp022655215	novel Bacteria	novel genus	MetaPhlAn
GCA_022655215.1_genomic	metaphlan	species	Bray-Curtis distance	0.5	genus	d__Bacteria;p__Actinomycetota;c__Coriobacteriia;o__Coriobacteriales;f__Atopobiaceae;g__JALCUE01;s__JALCUE01 sp022655215	novel Bacteria	novel genus	MetaPhlAn
GCA_022655215.1_genomic	singlem	kingdom	Bray-Curtis distance	0.0124190064794817	genus	d__Bacteria;p__Actinomycetota;c__Coriobacteriia;o__Coriobacteriales;f__Atopobiaceae;g__JALCUE01;s__JALCUE01 sp022655215	novel Bacteria	novel genus	SingleM
GCA_022655215.1_genomic	singlem	phylum	Bray-Curtis distance	0.0195758564437194	genus	d__Bacteria;p__Actinomycetota;c__Coriobacteriia;o__Coriobacteriales;f__Atopobiaceae;g__JALCUE01;s__JALCUE01 sp022655215	novel Bacteria	novel genus	SingleM
GCA_022655215.1_genomic	singlem	class	Bray-Curtis distance	0.0195758564437194	genus	d__Bacteria;p__Actinomycetota;c__Coriobacteriia;o__Coriobacteriales;f__Atopobiaceae;g__JALCUE01;s__JALCUE01 sp022655215	novel Bacteria	novel genus	SingleM
GCA_022655215.1_genomic	singlem	order	Bray-Curtis distance	0.0195758564437194	genus	d__Bacteria;p__Actinomycetota;c__Coriobacteriia;o__Coriobacteriales;f__Atopobiaceae;g__JALCUE01;s__JALCUE01 sp022655215	novel Bacteria	novel genus	SingleM
GCA_022655215.1_genomic	singlem	family	Bray-Curtis distance	0.0375350140056022	genus	d__Bacteria;p__Actinomycetota;c__Coriobacteriia;o__Coriobacteriales;f__Atopobiaceae;g__JALCUE01;s__JALCUE01 sp022655215	novel Bacteria	novel genus	SingleM
GCA_022655215.1_genomic	singlem	genus	Bray-Curtis distance	0.415528157280906	genus	d__Bacteria;p__Actinomycetota;c__Coriobacteriia;o__Coriobacteriales;f__Atopobiaceae;g__JALCUE01;s__JALCUE01 sp022655215	novel Bacteria	novel genus	SingleM
GCA_022655215.1_genomic	singlem	species	Bray-Curtis distance	0.357273726639795	genus	d__Bacteria;p__Actinomycetota;c__Coriobacteriia;o__Coriobacteriales;f__Atopobiaceae;g__JALCUE01;s__JALCUE01 sp022655215	novel Bacteria	novel genus	SingleM
GCA_022655215.1_genomic	singlem-regime3	kingdom	Bray-Curtis distance	0.0698224852071006	genus	d__Bacteria;p__Actinomycetota;c__Coriobacteriia;o__Coriobacteriales;f__Atopobiaceae;g__JALCUE01;s__JALCUE01 sp022655215	novel Bacteria	novel genus	
GCA_022655215.1_genomic	singlem-regime3	phylum	Bray-Curtis distance	0.111247695144438	genus	d__Bacteria;p__Actinomycetota;c__Coriobacteriia;o__Coriobacteriales;f__Atopobiaceae;g__JALCUE01;s__JALCUE01 sp022655215	novel Bacteria	novel genus	
GCA_022655215.1_genomic	singlem-regime3	class	Bray-Curtis distance	0.111247695144438	genus	d__Bacteria;p__Actinomycetota;c__Coriobacteriia;o__Coriobacteriales;f__Atopobiaceae;g__JALCUE01;s__JALCUE01 sp022655215	novel Bacteria	novel genus	
GCA_022655215.1_genomic	singlem-regime3	order	Bray-Curtis distance	0.111247695144438	genus	d__Bacteria;p__Actinomycetota;c__Coriobacteriia;o__Coriobacteriales;f__Atopobiaceae;g__JALCUE01;s__JALCUE01 sp022655215	novel Bacteria	novel genus	
GCA_022655215.1_genomic	singlem-regime3	family	Bray-Curtis distance	0.111247695144438	genus	d__Bacteria;p__Actinomycetota;c__Coriobacteriia;o__Coriobacteriales;f__Atopobiaceae;g__JALCUE01;s__JALCUE01 sp022655215	novel Bacteria	novel genus	
GCA_022655215.1_genomic	singlem-regime3	genus	Bray-Curtis distance	0.419842087195331	genus	d__Bacteria;p__Actinomycetota;c__Coriobacteriia;o__Coriobacteriales;f__Atopobiaceae;g__JALCUE01;s__JALCUE01 sp022655215	novel Bacteria	novel genus	
GCA_022655215.1_genomic	singlem-regime3	species	Bray-Curtis distance	0.362985299660761	genus	d__Bacteria;p__Actinomycetota;c__Coriobacteriia;o__Coriobacteriales;f__Atopobiaceae;g__JALCUE01;s__JALCUE01 sp022655215	novel Bacteria	novel genus	
GCA_022678445.1_genomic	sylph	kingdom	Bray-Curtis distance	0.5	species	d__Archaea;p__Thermoproteota;c__Thermoprotei_A;o__Sulfolobales;f__Sulfolobaceae;g__Aramenus;s__Aramenus sp022678445	novel Archaea	novel species	sylph
GCA_022678445.1_genomic	sylph	phylum	Bray-Curtis distance	0.5	species	d__Archaea;p__Thermoproteota;c__Thermoprotei_A;o__Sulfolobales;f__Sulfolobaceae;g__Aramenus;s__Aramenus sp022678445	novel Archaea	novel species	sylph
GCA_022678445.1_genomic	sylph	class	Bray-Curtis distance	0.5	species	d__Archaea;p__Thermoproteota;c__Thermoprotei_A;o__Sulfolobales;f__Sulfolobaceae;g__Aramenus;s__Aramenus sp022678445	novel Archaea	novel species	sylph
GCA_022678445.1_genomic	sylph	order	Bray-Curtis distance	0.5	species	d__Archaea;p__Thermoproteota;c__Thermoprotei_A;o__Sulfolobales;f__Sulfolobaceae;g__Aramenus;s__Aramenus sp022678445	novel Archaea	novel species	sylph
GCA_022678445.1_genomic	sylph	family	Bray-Curtis distance	0.5	species	d__Archaea;p__Thermoproteota;c__Thermoprotei_A;o__Sulfolobales;f__Sulfolobaceae;g__Aramenus;s__Aramenus sp022678445	novel Archaea	novel species	sylph
GCA_022678445.1_genomic	sylph	genus	Bray-Curtis distance	0.5	species	d__Archaea;p__Thermoproteota;c__Thermoprotei_A;o__Sulfolobales;f__Sulfolobaceae;g__Aramenus;s__Aramenus sp022678445	novel Archaea	novel species	sylph
GCA_022678445.1_genomic	sylph	species	Bray-Curtis distance	0.5	species	d__Archaea;p__Thermoproteota;c__Thermoprotei_A;o__Sulfolobales;f__Sulfolobaceae;g__Aramenus;s__Aramenus sp022678445	novel Archaea	novel species	sylph
GCA_022678445.1_genomic	metaphlan	kingdom	Bray-Curtis distance	0.5	species	d__Archaea;p__Thermoproteota;c__Thermoprotei_A;o__Sulfolobales;f__Sulfolobaceae;g__Aramenus;s__Aramenus sp022678445	novel Archaea	novel species	MetaPhlAn
GCA_022678445.1_genomic	metaphlan	phylum	Bray-Curtis distance	0.5	species	d__Archaea;p__Thermoproteota;c__Thermoprotei_A;o__Sulfolobales;f__Sulfolobaceae;g__Aramenus;s__Aramenus sp022678445	novel Archaea	novel species	MetaPhlAn
GCA_022678445.1_genomic	metaphlan	class	Bray-Curtis distance	0.5	species	d__Archaea;p__Thermoproteota;c__Thermoprotei_A;o__Sulfolobales;f__Sulfolobaceae;g__Aramenus;s__Aramenus sp022678445	novel Archaea	novel species	MetaPhlAn
GCA_022678445.1_genomic	metaphlan	order	Bray-Curtis distance	0.5	species	d__Archaea;p__Thermoproteota;c__Thermoprotei_A;o__Sulfolobales;f__Sulfolobaceae;g__Aramenus;s__Aramenus sp022678445	novel Archaea	novel species	MetaPhlAn
GCA_022678445.1_genomic	metaphlan	family	Bray-Curtis distance	0.5	species	d__Archaea;p__Thermoproteota;c__Thermoprotei_A;o__Sulfolobales;f__Sulfolobaceae;g__Aramenus;s__Aramenus sp022678445	novel Archaea	novel species	MetaPhlAn
GCA_022678445.1_genomic	metaphlan	genus	Bray-Curtis distance	0.5	species	d__Archaea;p__Thermoproteota;c__Thermoprotei_A;o__Sulfolobales;f__Sulfolobaceae;g__Aramenus;s__Aramenus sp022678445	novel Archaea	novel species	MetaPhlAn
GCA_022678445.1_genomic	metaphlan	species	Bray-Curtis distance	0.5	species	d__Archaea;p__Thermoproteota;c__Thermoprotei_A;o__Sulfolobales;f__Sulfolobaceae;g__Aramenus;s__Aramenus sp022678445	novel Archaea	novel species	MetaPhlAn
GCA_022678445.1_genomic	singlem	kingdom	Bray-Curtis distance	0.025065963060686	species	d__Archaea;p__Thermoproteota;c__Thermoprotei_A;o__Sulfolobales;f__Sulfolobaceae;g__Aramenus;s__Aramenus sp022678445	novel Archaea	novel species	SingleM
GCA_022678445.1_genomic	singlem	phylum	Bray-Curtis distance	0.0236954206602769	species	d__Archaea;p__Thermoproteota;c__Thermoprotei_A;o__Sulfolobales;f__Sulfolobaceae;g__Aramenus;s__Aramenus sp022678445	novel Archaea	novel species	SingleM
GCA_022678445.1_genomic	singlem	class	Bray-Curtis distance	0.0195187165775401	species	d__Archaea;p__Thermoproteota;c__Thermoprotei_A;o__Sulfolobales;f__Sulfolobaceae;g__Aramenus;s__Aramenus sp022678445	novel Archaea	novel species	SingleM
GCA_022678445.1_genomic	singlem	order	Bray-Curtis distance	0.0225261464199517	species	d__Archaea;p__Thermoproteota;c__Thermoprotei_A;o__Sulfolobales;f__Sulfolobaceae;g__Aramenus;s__Aramenus sp022678445	novel Archaea	novel species	SingleM
GCA_022678445.1_genomic	singlem	family	Bray-Curtis distance	0.0225261464199517	species	d__Archaea;p__Thermoproteota;c__Thermoprotei_A;o__Sulfolobales;f__Sulfolobaceae;g__Aramenus;s__Aramenus sp022678445	novel Archaea	novel species	SingleM
GCA_022678445.1_genomic	singlem	genus	Bray-Curtis distance	0.0225261464199517	species	d__Archaea;p__Thermoproteota;c__Thermoprotei_A;o__Sulfolobales;f__Sulfolobaceae;g__Aramenus;s__Aramenus sp022678445	novel Archaea	novel species	SingleM
GCA_022678445.1_genomic	singlem	species	Bray-Curtis distance	0.440537084398977	species	d__Archaea;p__Thermoproteota;c__Thermoprotei_A;o__Sulfolobales;f__Sulfolobaceae;g__Aramenus;s__Aramenus sp022678445	novel Archaea	novel species	SingleM
GCA_022678445.1_genomic	singlem-regime3	kingdom	Bray-Curtis distance	0.0760183591508892	species	d__Archaea;p__Thermoproteota;c__Thermoprotei_A;o__Sulfolobales;f__Sulfolobaceae;g__Aramenus;s__Aramenus sp022678445	novel Archaea	novel species	
GCA_022678445.1_genomic	singlem-regime3	phylum	Bray-Curtis distance	0.0760183591508892	species	d__Archaea;p__Thermoproteota;c__Thermoprotei_A;o__Sulfolobales;f__Sulfolobaceae;g__Aramenus;s__Aramenus sp022678445	novel Archaea	novel species	
GCA_022678445.1_genomic	singlem-regime3	class	Bray-Curtis distance	0.0760183591508892	species	d__Archaea;p__Thermoproteota;c__Thermoprotei_A;o__Sulfolobales;f__Sulfolobaceae;g__Aramenus;s__Aramenus sp022678445	novel Archaea	novel species	
GCA_022678445.1_genomic	singlem-regime3	order	Bray-Curtis distance	0.0760183591508892	species	d__Archaea;p__Thermoproteota;c__Thermoprotei_A;o__Sulfolobales;f__Sulfolobaceae;g__Aramenus;s__Aramenus sp022678445	novel Archaea	novel species	
GCA_022678445.1_genomic	singlem-regime3	family	Bray-Curtis distance	0.0760183591508892	species	d__Archaea;p__Thermoproteota;c__Thermoprotei_A;o__Sulfolobales;f__Sulfolobaceae;g__Aramenus;s__Aramenus sp022678445	novel Archaea	novel species	
GCA_022678445.1_genomic	singlem-regime3	genus	Bray-Curtis distance	0.0760183591508892	species	d__Archaea;p__Thermoproteota;c__Thermoprotei_A;o__Sulfolobales;f__Sulfolobaceae;g__Aramenus;s__Aramenus sp022678445	novel Archaea	novel species	
GCA_022678445.1_genomic	singlem-regime3	species	Bray-Curtis distance	0.375044818931517	species	d__Archaea;p__Thermoproteota;c__Thermoprotei_A;o__Sulfolobales;f__Sulfolobaceae;g__Aramenus;s__Aramenus sp022678445	novel Archaea	novel species	
GCA_022763185.1_genomic	sylph	kingdom	Bray-Curtis distance	0.5	class	d__Bacteria;p__Bdellovibrionota;c__JALEGL01;o__JALEGL01;f__JALEGL01;g__JALEGL01;s__JALEGL01 sp022763185	novel Bacteria	novel class	sylph
GCA_022763185.1_genomic	sylph	phylum	Bray-Curtis distance	0.5	class	d__Bacteria;p__Bdellovibrionota;c__JALEGL01;o__JALEGL01;f__JALEGL01;g__JALEGL01;s__JALEGL01 sp022763185	novel Bacteria	novel class	sylph
GCA_022763185.1_genomic	sylph	class	Bray-Curtis distance	0.5	class	d__Bacteria;p__Bdellovibrionota;c__JALEGL01;o__JALEGL01;f__JALEGL01;g__JALEGL01;s__JALEGL01 sp022763185	novel Bacteria	novel class	sylph
GCA_022763185.1_genomic	sylph	order	Bray-Curtis distance	0.5	class	d__Bacteria;p__Bdellovibrionota;c__JALEGL01;o__JALEGL01;f__JALEGL01;g__JALEGL01;s__JALEGL01 sp022763185	novel Bacteria	novel class	sylph
GCA_022763185.1_genomic	sylph	family	Bray-Curtis distance	0.5	class	d__Bacteria;p__Bdellovibrionota;c__JALEGL01;o__JALEGL01;f__JALEGL01;g__JALEGL01;s__JALEGL01 sp022763185	novel Bacteria	novel class	sylph
GCA_022763185.1_genomic	sylph	genus	Bray-Curtis distance	0.5	class	d__Bacteria;p__Bdellovibrionota;c__JALEGL01;o__JALEGL01;f__JALEGL01;g__JALEGL01;s__JALEGL01 sp022763185	novel Bacteria	novel class	sylph
GCA_022763185.1_genomic	sylph	species	Bray-Curtis distance	0.5	class	d__Bacteria;p__Bdellovibrionota;c__JALEGL01;o__JALEGL01;f__JALEGL01;g__JALEGL01;s__JALEGL01 sp022763185	novel Bacteria	novel class	sylph
GCA_022763185.1_genomic	metaphlan	kingdom	Bray-Curtis distance	0.5	class	d__Bacteria;p__Bdellovibrionota;c__JALEGL01;o__JALEGL01;f__JALEGL01;g__JALEGL01;s__JALEGL01 sp022763185	novel Bacteria	novel class	MetaPhlAn
GCA_022763185.1_genomic	metaphlan	phylum	Bray-Curtis distance	0.5	class	d__Bacteria;p__Bdellovibrionota;c__JALEGL01;o__JALEGL01;f__JALEGL01;g__JALEGL01;s__JALEGL01 sp022763185	novel Bacteria	novel class	MetaPhlAn
GCA_022763185.1_genomic	metaphlan	class	Bray-Curtis distance	0.5	class	d__Bacteria;p__Bdellovibrionota;c__JALEGL01;o__JALEGL01;f__JALEGL01;g__JALEGL01;s__JALEGL01 sp022763185	novel Bacteria	novel class	MetaPhlAn
GCA_022763185.1_genomic	metaphlan	order	Bray-Curtis distance	0.5	class	d__Bacteria;p__Bdellovibrionota;c__JALEGL01;o__JALEGL01;f__JALEGL01;g__JALEGL01;s__JALEGL01 sp022763185	novel Bacteria	novel class	MetaPhlAn
GCA_022763185.1_genomic	metaphlan	family	Bray-Curtis distance	0.5	class	d__Bacteria;p__Bdellovibrionota;c__JALEGL01;o__JALEGL01;f__JALEGL01;g__JALEGL01;s__JALEGL01 sp022763185	novel Bacteria	novel class	MetaPhlAn
GCA_022763185.1_genomic	metaphlan	genus	Bray-Curtis distance	0.5	class	d__Bacteria;p__Bdellovibrionota;c__JALEGL01;o__JALEGL01;f__JALEGL01;g__JALEGL01;s__JALEGL01 sp022763185	novel Bacteria	novel class	MetaPhlAn
GCA_022763185.1_genomic	metaphlan	species	Bray-Curtis distance	0.5	class	d__Bacteria;p__Bdellovibrionota;c__JALEGL01;o__JALEGL01;f__JALEGL01;g__JALEGL01;s__JALEGL01 sp022763185	novel Bacteria	novel class	MetaPhlAn
GCA_022763185.1_genomic	singlem	kingdom	Bray-Curtis distance	0.0207070707070707	class	d__Bacteria;p__Bdellovibrionota;c__JALEGL01;o__JALEGL01;f__JALEGL01;g__JALEGL01;s__JALEGL01 sp022763185	novel Bacteria	novel class	SingleM
GCA_022763185.1_genomic	singlem	phylum	Bray-Curtis distance	0.340219926691103	class	d__Bacteria;p__Bdellovibrionota;c__JALEGL01;o__JALEGL01;f__JALEGL01;g__JALEGL01;s__JALEGL01 sp022763185	novel Bacteria	novel class	SingleM
GCA_022763185.1_genomic	singlem	class	Bray-Curtis distance	0.340219926691103	class	d__Bacteria;p__Bdellovibrionota;c__JALEGL01;o__JALEGL01;f__JALEGL01;g__JALEGL01;s__JALEGL01 sp022763185	novel Bacteria	novel class	SingleM
GCA_022763185.1_genomic	singlem	order	Bray-Curtis distance	0.340219926691103	class	d__Bacteria;p__Bdellovibrionota;c__JALEGL01;o__JALEGL01;f__JALEGL01;g__JALEGL01;s__JALEGL01 sp022763185	novel Bacteria	novel class	SingleM
GCA_022763185.1_genomic	singlem	family	Bray-Curtis distance	0.340219926691103	class	d__Bacteria;p__Bdellovibrionota;c__JALEGL01;o__JALEGL01;f__JALEGL01;g__JALEGL01;s__JALEGL01 sp022763185	novel Bacteria	novel class	SingleM
GCA_022763185.1_genomic	singlem	genus	Bray-Curtis distance	0.340219926691103	class	d__Bacteria;p__Bdellovibrionota;c__JALEGL01;o__JALEGL01;f__JALEGL01;g__JALEGL01;s__JALEGL01 sp022763185	novel Bacteria	novel class	SingleM
GCA_022763185.1_genomic	singlem	species	Bray-Curtis distance	0.340219926691103	class	d__Bacteria;p__Bdellovibrionota;c__JALEGL01;o__JALEGL01;f__JALEGL01;g__JALEGL01;s__JALEGL01 sp022763185	novel Bacteria	novel class	SingleM
GCA_022763185.1_genomic	singlem-regime3	kingdom	Bray-Curtis distance	0.0456777996070727	class	d__Bacteria;p__Bdellovibrionota;c__JALEGL01;o__JALEGL01;f__JALEGL01;g__JALEGL01;s__JALEGL01 sp022763185	novel Bacteria	novel class	
GCA_022763185.1_genomic	singlem-regime3	phylum	Bray-Curtis distance	0.370828182941904	class	d__Bacteria;p__Bdellovibrionota;c__JALEGL01;o__JALEGL01;f__JALEGL01;g__JALEGL01;s__JALEGL01 sp022763185	novel Bacteria	novel class	
GCA_022763185.1_genomic	singlem-regime3	class	Bray-Curtis distance	0.353034636161424	class	d__Bacteria;p__Bdellovibrionota;c__JALEGL01;o__JALEGL01;f__JALEGL01;g__JALEGL01;s__JALEGL01 sp022763185	novel Bacteria	novel class	
GCA_022763185.1_genomic	singlem-regime3	order	Bray-Curtis distance	0.353034636161424	class	d__Bacteria;p__Bdellovibrionota;c__JALEGL01;o__JALEGL01;f__JALEGL01;g__JALEGL01;s__JALEGL01 sp022763185	novel Bacteria	novel class	
GCA_022763185.1_genomic	singlem-regime3	family	Bray-Curtis distance	0.353034636161424	class	d__Bacteria;p__Bdellovibrionota;c__JALEGL01;o__JALEGL01;f__JALEGL01;g__JALEGL01;s__JALEGL01 sp022763185	novel Bacteria	novel class	
GCA_022763185.1_genomic	singlem-regime3	genus	Bray-Curtis distance	0.353034636161424	class	d__Bacteria;p__Bdellovibrionota;c__JALEGL01;o__JALEGL01;f__JALEGL01;g__JALEGL01;s__JALEGL01 sp022763185	novel Bacteria	novel class	
GCA_022763185.1_genomic	singlem-regime3	species	Bray-Curtis distance	0.353034636161424	class	d__Bacteria;p__Bdellovibrionota;c__JALEGL01;o__JALEGL01;f__JALEGL01;g__JALEGL01;s__JALEGL01 sp022763185	novel Bacteria	novel class	
GCA_022813675.1_genomic	sylph	kingdom	Bray-Curtis distance	0.5	family	d__Bacteria;p__Deferribacterota;c__Deferribacteres;o__Deferribacterales;f__Deferrivibrionaceae;g__Deferrivibrio;s__Deferrivibrio sp022813675	novel Bacteria	novel family	sylph
GCA_022813675.1_genomic	sylph	phylum	Bray-Curtis distance	0.5	family	d__Bacteria;p__Deferribacterota;c__Deferribacteres;o__Deferribacterales;f__Deferrivibrionaceae;g__Deferrivibrio;s__Deferrivibrio sp022813675	novel Bacteria	novel family	sylph
GCA_022813675.1_genomic	sylph	class	Bray-Curtis distance	0.5	family	d__Bacteria;p__Deferribacterota;c__Deferribacteres;o__Deferribacterales;f__Deferrivibrionaceae;g__Deferrivibrio;s__Deferrivibrio sp022813675	novel Bacteria	novel family	sylph
GCA_022813675.1_genomic	sylph	order	Bray-Curtis distance	0.5	family	d__Bacteria;p__Deferribacterota;c__Deferribacteres;o__Deferribacterales;f__Deferrivibrionaceae;g__Deferrivibrio;s__Deferrivibrio sp022813675	novel Bacteria	novel family	sylph
GCA_022813675.1_genomic	sylph	family	Bray-Curtis distance	0.5	family	d__Bacteria;p__Deferribacterota;c__Deferribacteres;o__Deferribacterales;f__Deferrivibrionaceae;g__Deferrivibrio;s__Deferrivibrio sp022813675	novel Bacteria	novel family	sylph
GCA_022813675.1_genomic	sylph	genus	Bray-Curtis distance	0.5	family	d__Bacteria;p__Deferribacterota;c__Deferribacteres;o__Deferribacterales;f__Deferrivibrionaceae;g__Deferrivibrio;s__Deferrivibrio sp022813675	novel Bacteria	novel family	sylph
GCA_022813675.1_genomic	sylph	species	Bray-Curtis distance	0.5	family	d__Bacteria;p__Deferribacterota;c__Deferribacteres;o__Deferribacterales;f__Deferrivibrionaceae;g__Deferrivibrio;s__Deferrivibrio sp022813675	novel Bacteria	novel family	sylph
GCA_022813675.1_genomic	metaphlan	kingdom	Bray-Curtis distance	0.5	family	d__Bacteria;p__Deferribacterota;c__Deferribacteres;o__Deferribacterales;f__Deferrivibrionaceae;g__Deferrivibrio;s__Deferrivibrio sp022813675	novel Bacteria	novel family	MetaPhlAn
GCA_022813675.1_genomic	metaphlan	phylum	Bray-Curtis distance	0.5	family	d__Bacteria;p__Deferribacterota;c__Deferribacteres;o__Deferribacterales;f__Deferrivibrionaceae;g__Deferrivibrio;s__Deferrivibrio sp022813675	novel Bacteria	novel family	MetaPhlAn
GCA_022813675.1_genomic	metaphlan	class	Bray-Curtis distance	0.5	family	d__Bacteria;p__Deferribacterota;c__Deferribacteres;o__Deferribacterales;f__Deferrivibrionaceae;g__Deferrivibrio;s__Deferrivibrio sp022813675	novel Bacteria	novel family	MetaPhlAn
GCA_022813675.1_genomic	metaphlan	order	Bray-Curtis distance	0.5	family	d__Bacteria;p__Deferribacterota;c__Deferribacteres;o__Deferribacterales;f__Deferrivibrionaceae;g__Deferrivibrio;s__Deferrivibrio sp022813675	novel Bacteria	novel family	MetaPhlAn
GCA_022813675.1_genomic	metaphlan	family	Bray-Curtis distance	0.5	family	d__Bacteria;p__Deferribacterota;c__Deferribacteres;o__Deferribacterales;f__Deferrivibrionaceae;g__Deferrivibrio;s__Deferrivibrio sp022813675	novel Bacteria	novel family	MetaPhlAn
GCA_022813675.1_genomic	metaphlan	genus	Bray-Curtis distance	0.5	family	d__Bacteria;p__Deferribacterota;c__Deferribacteres;o__Deferribacterales;f__Deferrivibrionaceae;g__Deferrivibrio;s__Deferrivibrio sp022813675	novel Bacteria	novel family	MetaPhlAn
GCA_022813675.1_genomic	metaphlan	species	Bray-Curtis distance	0.5	family	d__Bacteria;p__Deferribacterota;c__Deferribacteres;o__Deferribacterales;f__Deferrivibrionaceae;g__Deferrivibrio;s__Deferrivibrio sp022813675	novel Bacteria	novel family	MetaPhlAn
GCA_022813675.1_genomic	singlem	kingdom	Bray-Curtis distance	0.0113285272914522	family	d__Bacteria;p__Deferribacterota;c__Deferribacteres;o__Deferribacterales;f__Deferrivibrionaceae;g__Deferrivibrio;s__Deferrivibrio sp022813675	novel Bacteria	novel family	SingleM
GCA_022813675.1_genomic	singlem	phylum	Bray-Curtis distance	0.0156821745948771	family	d__Bacteria;p__Deferribacterota;c__Deferribacteres;o__Deferribacterales;f__Deferrivibrionaceae;g__Deferrivibrio;s__Deferrivibrio sp022813675	novel Bacteria	novel family	SingleM
GCA_022813675.1_genomic	singlem	class	Bray-Curtis distance	0.0156903765690376	family	d__Bacteria;p__Deferribacterota;c__Deferribacteres;o__Deferribacterales;f__Deferrivibrionaceae;g__Deferrivibrio;s__Deferrivibrio sp022813675	novel Bacteria	novel family	SingleM
GCA_022813675.1_genomic	singlem	order	Bray-Curtis distance	0.0156903765690376	family	d__Bacteria;p__Deferribacterota;c__Deferribacteres;o__Deferribacterales;f__Deferrivibrionaceae;g__Deferrivibrio;s__Deferrivibrio sp022813675	novel Bacteria	novel family	SingleM
GCA_022813675.1_genomic	singlem	family	Bray-Curtis distance	0.346629213483146	family	d__Bacteria;p__Deferribacterota;c__Deferribacteres;o__Deferribacterales;f__Deferrivibrionaceae;g__Deferrivibrio;s__Deferrivibrio sp022813675	novel Bacteria	novel family	SingleM
GCA_022813675.1_genomic	singlem	genus	Bray-Curtis distance	0.445555873106602	family	d__Bacteria;p__Deferribacterota;c__Deferribacteres;o__Deferribacterales;f__Deferrivibrionaceae;g__Deferrivibrio;s__Deferrivibrio sp022813675	novel Bacteria	novel family	SingleM
GCA_022813675.1_genomic	singlem	species	Bray-Curtis distance	0.333791208791209	family	d__Bacteria;p__Deferribacterota;c__Deferribacteres;o__Deferribacterales;f__Deferrivibrionaceae;g__Deferrivibrio;s__Deferrivibrio sp022813675	novel Bacteria	novel family	SingleM
GCA_022813675.1_genomic	singlem-regime3	kingdom	Bray-Curtis distance	0.0404234841193455	family	d__Bacteria;p__Deferribacterota;c__Deferribacteres;o__Deferribacterales;f__Deferrivibrionaceae;g__Deferrivibrio;s__Deferrivibrio sp022813675	novel Bacteria	novel family	
GCA_022813675.1_genomic	singlem-regime3	phylum	Bray-Curtis distance	0.148383531362255	family	d__Bacteria;p__Deferribacterota;c__Deferribacteres;o__Deferribacterales;f__Deferrivibrionaceae;g__Deferrivibrio;s__Deferrivibrio sp022813675	novel Bacteria	novel family	
GCA_022813675.1_genomic	singlem-regime3	class	Bray-Curtis distance	0.148383531362255	family	d__Bacteria;p__Deferribacterota;c__Deferribacteres;o__Deferribacterales;f__Deferrivibrionaceae;g__Deferrivibrio;s__Deferrivibrio sp022813675	novel Bacteria	novel family	
GCA_022813675.1_genomic	singlem-regime3	order	Bray-Curtis distance	0.148383531362255	family	d__Bacteria;p__Deferribacterota;c__Deferribacteres;o__Deferribacterales;f__Deferrivibrionaceae;g__Deferrivibrio;s__Deferrivibrio sp022813675	novel Bacteria	novel family	
GCA_022813675.1_genomic	singlem-regime3	family	Bray-Curtis distance	0.403150041447914	family	d__Bacteria;p__Deferribacterota;c__Deferribacteres;o__Deferribacterales;f__Deferrivibrionaceae;g__Deferrivibrio;s__Deferrivibrio sp022813675	novel Bacteria	novel family	
GCA_022813675.1_genomic	singlem-regime3	genus	Bray-Curtis distance	0.515888366952197	family	d__Bacteria;p__Deferribacterota;c__Deferribacteres;o__Deferribacterales;f__Deferrivibrionaceae;g__Deferrivibrio;s__Deferrivibrio sp022813675	novel Bacteria	novel family	
GCA_022813675.1_genomic	singlem-regime3	species	Bray-Curtis distance	0.406905890318213	family	d__Bacteria;p__Deferribacterota;c__Deferribacteres;o__Deferribacterales;f__Deferrivibrionaceae;g__Deferrivibrio;s__Deferrivibrio sp022813675	novel Bacteria	novel family	
GCA_022848865.1_genomic	sylph	kingdom	Bray-Curtis distance	0.5	family	d__Archaea;p__Thermoplasmatota;c__Thermoplasmata;o__RBG-16-68-12;f__JAGMCJ01;g__JAGMCJ01;s__JAGMCJ01 sp022848865	novel Archaea	novel family	sylph
GCA_022848865.1_genomic	sylph	phylum	Bray-Curtis distance	0.5	family	d__Archaea;p__Thermoplasmatota;c__Thermoplasmata;o__RBG-16-68-12;f__JAGMCJ01;g__JAGMCJ01;s__JAGMCJ01 sp022848865	novel Archaea	novel family	sylph
GCA_022848865.1_genomic	sylph	class	Bray-Curtis distance	0.5	family	d__Archaea;p__Thermoplasmatota;c__Thermoplasmata;o__RBG-16-68-12;f__JAGMCJ01;g__JAGMCJ01;s__JAGMCJ01 sp022848865	novel Archaea	novel family	sylph
GCA_022848865.1_genomic	sylph	order	Bray-Curtis distance	0.5	family	d__Archaea;p__Thermoplasmatota;c__Thermoplasmata;o__RBG-16-68-12;f__JAGMCJ01;g__JAGMCJ01;s__JAGMCJ01 sp022848865	novel Archaea	novel family	sylph
GCA_022848865.1_genomic	sylph	family	Bray-Curtis distance	0.5	family	d__Archaea;p__Thermoplasmatota;c__Thermoplasmata;o__RBG-16-68-12;f__JAGMCJ01;g__JAGMCJ01;s__JAGMCJ01 sp022848865	novel Archaea	novel family	sylph
GCA_022848865.1_genomic	sylph	genus	Bray-Curtis distance	0.5	family	d__Archaea;p__Thermoplasmatota;c__Thermoplasmata;o__RBG-16-68-12;f__JAGMCJ01;g__JAGMCJ01;s__JAGMCJ01 sp022848865	novel Archaea	novel family	sylph
GCA_022848865.1_genomic	sylph	species	Bray-Curtis distance	0.5	family	d__Archaea;p__Thermoplasmatota;c__Thermoplasmata;o__RBG-16-68-12;f__JAGMCJ01;g__JAGMCJ01;s__JAGMCJ01 sp022848865	novel Archaea	novel family	sylph
GCA_022848865.1_genomic	metaphlan	kingdom	Bray-Curtis distance	0.5	family	d__Archaea;p__Thermoplasmatota;c__Thermoplasmata;o__RBG-16-68-12;f__JAGMCJ01;g__JAGMCJ01;s__JAGMCJ01 sp022848865	novel Archaea	novel family	MetaPhlAn
GCA_022848865.1_genomic	metaphlan	phylum	Bray-Curtis distance	0.5	family	d__Archaea;p__Thermoplasmatota;c__Thermoplasmata;o__RBG-16-68-12;f__JAGMCJ01;g__JAGMCJ01;s__JAGMCJ01 sp022848865	novel Archaea	novel family	MetaPhlAn
GCA_022848865.1_genomic	metaphlan	class	Bray-Curtis distance	0.5	family	d__Archaea;p__Thermoplasmatota;c__Thermoplasmata;o__RBG-16-68-12;f__JAGMCJ01;g__JAGMCJ01;s__JAGMCJ01 sp022848865	novel Archaea	novel family	MetaPhlAn
GCA_022848865.1_genomic	metaphlan	order	Bray-Curtis distance	0.5	family	d__Archaea;p__Thermoplasmatota;c__Thermoplasmata;o__RBG-16-68-12;f__JAGMCJ01;g__JAGMCJ01;s__JAGMCJ01 sp022848865	novel Archaea	novel family	MetaPhlAn
GCA_022848865.1_genomic	metaphlan	family	Bray-Curtis distance	0.5	family	d__Archaea;p__Thermoplasmatota;c__Thermoplasmata;o__RBG-16-68-12;f__JAGMCJ01;g__JAGMCJ01;s__JAGMCJ01 sp022848865	novel Archaea	novel family	MetaPhlAn
GCA_022848865.1_genomic	metaphlan	genus	Bray-Curtis distance	0.5	family	d__Archaea;p__Thermoplasmatota;c__Thermoplasmata;o__RBG-16-68-12;f__JAGMCJ01;g__JAGMCJ01;s__JAGMCJ01 sp022848865	novel Archaea	novel family	MetaPhlAn
GCA_022848865.1_genomic	metaphlan	species	Bray-Curtis distance	0.5	family	d__Archaea;p__Thermoplasmatota;c__Thermoplasmata;o__RBG-16-68-12;f__JAGMCJ01;g__JAGMCJ01;s__JAGMCJ01 sp022848865	novel Archaea	novel family	MetaPhlAn
GCA_022848865.1_genomic	singlem	kingdom	Bray-Curtis distance	0.0363466915191053	family	d__Archaea;p__Thermoplasmatota;c__Thermoplasmata;o__RBG-16-68-12;f__JAGMCJ01;g__JAGMCJ01;s__JAGMCJ01 sp022848865	novel Archaea	novel family	SingleM
GCA_022848865.1_genomic	singlem	phylum	Bray-Curtis distance	0.0189753320683112	family	d__Archaea;p__Thermoplasmatota;c__Thermoplasmata;o__RBG-16-68-12;f__JAGMCJ01;g__JAGMCJ01;s__JAGMCJ01 sp022848865	novel Archaea	novel family	SingleM
GCA_022848865.1_genomic	singlem	class	Bray-Curtis distance	0.0233667143538388	family	d__Archaea;p__Thermoplasmatota;c__Thermoplasmata;o__RBG-16-68-12;f__JAGMCJ01;g__JAGMCJ01;s__JAGMCJ01 sp022848865	novel Archaea	novel family	SingleM
GCA_022848865.1_genomic	singlem	order	Bray-Curtis distance	0.131879543094496	family	d__Archaea;p__Thermoplasmatota;c__Thermoplasmata;o__RBG-16-68-12;f__JAGMCJ01;g__JAGMCJ01;s__JAGMCJ01 sp022848865	novel Archaea	novel family	SingleM
GCA_022848865.1_genomic	singlem	family	Bray-Curtis distance	0.464052287581699	family	d__Archaea;p__Thermoplasmatota;c__Thermoplasmata;o__RBG-16-68-12;f__JAGMCJ01;g__JAGMCJ01;s__JAGMCJ01 sp022848865	novel Archaea	novel family	SingleM
GCA_022848865.1_genomic	singlem	genus	Bray-Curtis distance	0.455300304456131	family	d__Archaea;p__Thermoplasmatota;c__Thermoplasmata;o__RBG-16-68-12;f__JAGMCJ01;g__JAGMCJ01;s__JAGMCJ01 sp022848865	novel Archaea	novel family	SingleM
GCA_022848865.1_genomic	singlem	species	Bray-Curtis distance	0.371246006389776	family	d__Archaea;p__Thermoplasmatota;c__Thermoplasmata;o__RBG-16-68-12;f__JAGMCJ01;g__JAGMCJ01;s__JAGMCJ01 sp022848865	novel Archaea	novel family	SingleM
GCA_022848865.1_genomic	singlem-regime3	kingdom	Bray-Curtis distance	0.0840336134453781	family	d__Archaea;p__Thermoplasmatota;c__Thermoplasmata;o__RBG-16-68-12;f__JAGMCJ01;g__JAGMCJ01;s__JAGMCJ01 sp022848865	novel Archaea	novel family	
GCA_022848865.1_genomic	singlem-regime3	phylum	Bray-Curtis distance	0.0778985507246376	family	d__Archaea;p__Thermoplasmatota;c__Thermoplasmata;o__RBG-16-68-12;f__JAGMCJ01;g__JAGMCJ01;s__JAGMCJ01 sp022848865	novel Archaea	novel family	
GCA_022848865.1_genomic	singlem-regime3	class	Bray-Curtis distance	0.0778985507246376	family	d__Archaea;p__Thermoplasmatota;c__Thermoplasmata;o__RBG-16-68-12;f__JAGMCJ01;g__JAGMCJ01;s__JAGMCJ01 sp022848865	novel Archaea	novel family	
GCA_022848865.1_genomic	singlem-regime3	order	Bray-Curtis distance	0.271739130434783	family	d__Archaea;p__Thermoplasmatota;c__Thermoplasmata;o__RBG-16-68-12;f__JAGMCJ01;g__JAGMCJ01;s__JAGMCJ01 sp022848865	novel Archaea	novel family	
GCA_022848865.1_genomic	singlem-regime3	family	Bray-Curtis distance	0.49873417721519	family	d__Archaea;p__Thermoplasmatota;c__Thermoplasmata;o__RBG-16-68-12;f__JAGMCJ01;g__JAGMCJ01;s__JAGMCJ01 sp022848865	novel Archaea	novel family	
GCA_022848865.1_genomic	singlem-regime3	genus	Bray-Curtis distance	0.49873417721519	family	d__Archaea;p__Thermoplasmatota;c__Thermoplasmata;o__RBG-16-68-12;f__JAGMCJ01;g__JAGMCJ01;s__JAGMCJ01 sp022848865	novel Archaea	novel family	
GCA_022848865.1_genomic	singlem-regime3	species	Bray-Curtis distance	0.412462908011869	family	d__Archaea;p__Thermoplasmatota;c__Thermoplasmata;o__RBG-16-68-12;f__JAGMCJ01;g__JAGMCJ01;s__JAGMCJ01 sp022848865	novel Archaea	novel family	
GCA_023132135.1_genomic	sylph	kingdom	Bray-Curtis distance	0.5	phylum	d__Bacteria;p__JAGLYR01;c__JAGLYR01;o__JAGLYR01;f__JAGLYR01;g__JAGLYR01;s__JAGLYR01 sp023132135	novel Bacteria	novel phylum	sylph
GCA_023132135.1_genomic	sylph	phylum	Bray-Curtis distance	0.5	phylum	d__Bacteria;p__JAGLYR01;c__JAGLYR01;o__JAGLYR01;f__JAGLYR01;g__JAGLYR01;s__JAGLYR01 sp023132135	novel Bacteria	novel phylum	sylph
GCA_023132135.1_genomic	sylph	class	Bray-Curtis distance	0.5	phylum	d__Bacteria;p__JAGLYR01;c__JAGLYR01;o__JAGLYR01;f__JAGLYR01;g__JAGLYR01;s__JAGLYR01 sp023132135	novel Bacteria	novel phylum	sylph
GCA_023132135.1_genomic	sylph	order	Bray-Curtis distance	0.5	phylum	d__Bacteria;p__JAGLYR01;c__JAGLYR01;o__JAGLYR01;f__JAGLYR01;g__JAGLYR01;s__JAGLYR01 sp023132135	novel Bacteria	novel phylum	sylph
GCA_023132135.1_genomic	sylph	family	Bray-Curtis distance	0.5	phylum	d__Bacteria;p__JAGLYR01;c__JAGLYR01;o__JAGLYR01;f__JAGLYR01;g__JAGLYR01;s__JAGLYR01 sp023132135	novel Bacteria	novel phylum	sylph
GCA_023132135.1_genomic	sylph	genus	Bray-Curtis distance	0.5	phylum	d__Bacteria;p__JAGLYR01;c__JAGLYR01;o__JAGLYR01;f__JAGLYR01;g__JAGLYR01;s__JAGLYR01 sp023132135	novel Bacteria	novel phylum	sylph
GCA_023132135.1_genomic	sylph	species	Bray-Curtis distance	0.5	phylum	d__Bacteria;p__JAGLYR01;c__JAGLYR01;o__JAGLYR01;f__JAGLYR01;g__JAGLYR01;s__JAGLYR01 sp023132135	novel Bacteria	novel phylum	sylph
GCA_023132135.1_genomic	metaphlan	kingdom	Bray-Curtis distance	0.5	phylum	d__Bacteria;p__JAGLYR01;c__JAGLYR01;o__JAGLYR01;f__JAGLYR01;g__JAGLYR01;s__JAGLYR01 sp023132135	novel Bacteria	novel phylum	MetaPhlAn
GCA_023132135.1_genomic	metaphlan	phylum	Bray-Curtis distance	0.5	phylum	d__Bacteria;p__JAGLYR01;c__JAGLYR01;o__JAGLYR01;f__JAGLYR01;g__JAGLYR01;s__JAGLYR01 sp023132135	novel Bacteria	novel phylum	MetaPhlAn
GCA_023132135.1_genomic	metaphlan	class	Bray-Curtis distance	0.5	phylum	d__Bacteria;p__JAGLYR01;c__JAGLYR01;o__JAGLYR01;f__JAGLYR01;g__JAGLYR01;s__JAGLYR01 sp023132135	novel Bacteria	novel phylum	MetaPhlAn
GCA_023132135.1_genomic	metaphlan	order	Bray-Curtis distance	0.5	phylum	d__Bacteria;p__JAGLYR01;c__JAGLYR01;o__JAGLYR01;f__JAGLYR01;g__JAGLYR01;s__JAGLYR01 sp023132135	novel Bacteria	novel phylum	MetaPhlAn
GCA_023132135.1_genomic	metaphlan	family	Bray-Curtis distance	0.5	phylum	d__Bacteria;p__JAGLYR01;c__JAGLYR01;o__JAGLYR01;f__JAGLYR01;g__JAGLYR01;s__JAGLYR01 sp023132135	novel Bacteria	novel phylum	MetaPhlAn
GCA_023132135.1_genomic	metaphlan	genus	Bray-Curtis distance	0.5	phylum	d__Bacteria;p__JAGLYR01;c__JAGLYR01;o__JAGLYR01;f__JAGLYR01;g__JAGLYR01;s__JAGLYR01 sp023132135	novel Bacteria	novel phylum	MetaPhlAn
GCA_023132135.1_genomic	metaphlan	species	Bray-Curtis distance	0.5	phylum	d__Bacteria;p__JAGLYR01;c__JAGLYR01;o__JAGLYR01;f__JAGLYR01;g__JAGLYR01;s__JAGLYR01 sp023132135	novel Bacteria	novel phylum	MetaPhlAn
GCA_023132135.1_genomic	singlem	kingdom	Bray-Curtis distance	0.040041067761807	phylum	d__Bacteria;p__JAGLYR01;c__JAGLYR01;o__JAGLYR01;f__JAGLYR01;g__JAGLYR01;s__JAGLYR01 sp023132135	novel Bacteria	novel phylum	SingleM
GCA_023132135.1_genomic	singlem	phylum	Bray-Curtis distance	0.397962767825782	phylum	d__Bacteria;p__JAGLYR01;c__JAGLYR01;o__JAGLYR01;f__JAGLYR01;g__JAGLYR01;s__JAGLYR01 sp023132135	novel Bacteria	novel phylum	SingleM
GCA_023132135.1_genomic	singlem	class	Bray-Curtis distance	0.407852847541563	phylum	d__Bacteria;p__JAGLYR01;c__JAGLYR01;o__JAGLYR01;f__JAGLYR01;g__JAGLYR01;s__JAGLYR01 sp023132135	novel Bacteria	novel phylum	SingleM
GCA_023132135.1_genomic	singlem	order	Bray-Curtis distance	0.407852847541563	phylum	d__Bacteria;p__JAGLYR01;c__JAGLYR01;o__JAGLYR01;f__JAGLYR01;g__JAGLYR01;s__JAGLYR01 sp023132135	novel Bacteria	novel phylum	SingleM
GCA_023132135.1_genomic	singlem	family	Bray-Curtis distance	0.407852847541563	phylum	d__Bacteria;p__JAGLYR01;c__JAGLYR01;o__JAGLYR01;f__JAGLYR01;g__JAGLYR01;s__JAGLYR01 sp023132135	novel Bacteria	novel phylum	SingleM
GCA_023132135.1_genomic	singlem	genus	Bray-Curtis distance	0.398922800718133	phylum	d__Bacteria;p__JAGLYR01;c__JAGLYR01;o__JAGLYR01;f__JAGLYR01;g__JAGLYR01;s__JAGLYR01 sp023132135	novel Bacteria	novel phylum	SingleM
GCA_023132135.1_genomic	singlem	species	Bray-Curtis distance	0.398922800718133	phylum	d__Bacteria;p__JAGLYR01;c__JAGLYR01;o__JAGLYR01;f__JAGLYR01;g__JAGLYR01;s__JAGLYR01 sp023132135	novel Bacteria	novel phylum	SingleM
GCA_023132135.1_genomic	singlem-regime3	kingdom	Bray-Curtis distance	0.0440594059405941	phylum	d__Bacteria;p__JAGLYR01;c__JAGLYR01;o__JAGLYR01;f__JAGLYR01;g__JAGLYR01;s__JAGLYR01 sp023132135	novel Bacteria	novel phylum	
GCA_023132135.1_genomic	singlem-regime3	phylum	Bray-Curtis distance	0.439207650273224	phylum	d__Bacteria;p__JAGLYR01;c__JAGLYR01;o__JAGLYR01;f__JAGLYR01;g__JAGLYR01;s__JAGLYR01 sp023132135	novel Bacteria	novel phylum	
GCA_023132135.1_genomic	singlem-regime3	class	Bray-Curtis distance	0.429861111111111	phylum	d__Bacteria;p__JAGLYR01;c__JAGLYR01;o__JAGLYR01;f__JAGLYR01;g__JAGLYR01;s__JAGLYR01 sp023132135	novel Bacteria	novel phylum	
GCA_023132135.1_genomic	singlem-regime3	order	Bray-Curtis distance	0.429861111111111	phylum	d__Bacteria;p__JAGLYR01;c__JAGLYR01;o__JAGLYR01;f__JAGLYR01;g__JAGLYR01;s__JAGLYR01 sp023132135	novel Bacteria	novel phylum	
GCA_023132135.1_genomic	singlem-regime3	family	Bray-Curtis distance	0.429861111111111	phylum	d__Bacteria;p__JAGLYR01;c__JAGLYR01;o__JAGLYR01;f__JAGLYR01;g__JAGLYR01;s__JAGLYR01 sp023132135	novel Bacteria	novel phylum	
GCA_023132135.1_genomic	singlem-regime3	genus	Bray-Curtis distance	0.429861111111111	phylum	d__Bacteria;p__JAGLYR01;c__JAGLYR01;o__JAGLYR01;f__JAGLYR01;g__JAGLYR01;s__JAGLYR01 sp023132135	novel Bacteria	novel phylum	
GCA_023132135.1_genomic	singlem-regime3	species	Bray-Curtis distance	0.422034494896163	phylum	d__Bacteria;p__JAGLYR01;c__JAGLYR01;o__JAGLYR01;f__JAGLYR01;g__JAGLYR01;s__JAGLYR01 sp023132135	novel Bacteria	novel phylum	
GCA_023133295.1_genomic	sylph	kingdom	Bray-Curtis distance	0.5	phylum	d__Bacteria;p__AUK180;c__AUK180;o__AUK180;f__AUK180;g__JAGLWT01;s__JAGLWT01 sp023133295	novel Bacteria	novel phylum	sylph
GCA_023133295.1_genomic	sylph	phylum	Bray-Curtis distance	0.5	phylum	d__Bacteria;p__AUK180;c__AUK180;o__AUK180;f__AUK180;g__JAGLWT01;s__JAGLWT01 sp023133295	novel Bacteria	novel phylum	sylph
GCA_023133295.1_genomic	sylph	class	Bray-Curtis distance	0.5	phylum	d__Bacteria;p__AUK180;c__AUK180;o__AUK180;f__AUK180;g__JAGLWT01;s__JAGLWT01 sp023133295	novel Bacteria	novel phylum	sylph
GCA_023133295.1_genomic	sylph	order	Bray-Curtis distance	0.5	phylum	d__Bacteria;p__AUK180;c__AUK180;o__AUK180;f__AUK180;g__JAGLWT01;s__JAGLWT01 sp023133295	novel Bacteria	novel phylum	sylph
GCA_023133295.1_genomic	sylph	family	Bray-Curtis distance	0.5	phylum	d__Bacteria;p__AUK180;c__AUK180;o__AUK180;f__AUK180;g__JAGLWT01;s__JAGLWT01 sp023133295	novel Bacteria	novel phylum	sylph
GCA_023133295.1_genomic	sylph	genus	Bray-Curtis distance	0.5	phylum	d__Bacteria;p__AUK180;c__AUK180;o__AUK180;f__AUK180;g__JAGLWT01;s__JAGLWT01 sp023133295	novel Bacteria	novel phylum	sylph
GCA_023133295.1_genomic	sylph	species	Bray-Curtis distance	0.5	phylum	d__Bacteria;p__AUK180;c__AUK180;o__AUK180;f__AUK180;g__JAGLWT01;s__JAGLWT01 sp023133295	novel Bacteria	novel phylum	sylph
GCA_023133295.1_genomic	metaphlan	kingdom	Bray-Curtis distance	0.5	phylum	d__Bacteria;p__AUK180;c__AUK180;o__AUK180;f__AUK180;g__JAGLWT01;s__JAGLWT01 sp023133295	novel Bacteria	novel phylum	MetaPhlAn
GCA_023133295.1_genomic	metaphlan	phylum	Bray-Curtis distance	0.5	phylum	d__Bacteria;p__AUK180;c__AUK180;o__AUK180;f__AUK180;g__JAGLWT01;s__JAGLWT01 sp023133295	novel Bacteria	novel phylum	MetaPhlAn
GCA_023133295.1_genomic	metaphlan	class	Bray-Curtis distance	0.5	phylum	d__Bacteria;p__AUK180;c__AUK180;o__AUK180;f__AUK180;g__JAGLWT01;s__JAGLWT01 sp023133295	novel Bacteria	novel phylum	MetaPhlAn
GCA_023133295.1_genomic	metaphlan	order	Bray-Curtis distance	0.5	phylum	d__Bacteria;p__AUK180;c__AUK180;o__AUK180;f__AUK180;g__JAGLWT01;s__JAGLWT01 sp023133295	novel Bacteria	novel phylum	MetaPhlAn
GCA_023133295.1_genomic	metaphlan	family	Bray-Curtis distance	0.5	phylum	d__Bacteria;p__AUK180;c__AUK180;o__AUK180;f__AUK180;g__JAGLWT01;s__JAGLWT01 sp023133295	novel Bacteria	novel phylum	MetaPhlAn
GCA_023133295.1_genomic	metaphlan	genus	Bray-Curtis distance	0.5	phylum	d__Bacteria;p__AUK180;c__AUK180;o__AUK180;f__AUK180;g__JAGLWT01;s__JAGLWT01 sp023133295	novel Bacteria	novel phylum	MetaPhlAn
GCA_023133295.1_genomic	metaphlan	species	Bray-Curtis distance	0.5	phylum	d__Bacteria;p__AUK180;c__AUK180;o__AUK180;f__AUK180;g__JAGLWT01;s__JAGLWT01 sp023133295	novel Bacteria	novel phylum	MetaPhlAn
GCA_023133295.1_genomic	singlem	kingdom	Bray-Curtis distance	0.00745501285347043	phylum	d__Bacteria;p__AUK180;c__AUK180;o__AUK180;f__AUK180;g__JAGLWT01;s__JAGLWT01 sp023133295	novel Bacteria	novel phylum	SingleM
GCA_023133295.1_genomic	singlem	phylum	Bray-Curtis distance	0.34928893513701	phylum	d__Bacteria;p__AUK180;c__AUK180;o__AUK180;f__AUK180;g__JAGLWT01;s__JAGLWT01 sp023133295	novel Bacteria	novel phylum	SingleM
GCA_023133295.1_genomic	singlem	class	Bray-Curtis distance	0.34928893513701	phylum	d__Bacteria;p__AUK180;c__AUK180;o__AUK180;f__AUK180;g__JAGLWT01;s__JAGLWT01 sp023133295	novel Bacteria	novel phylum	SingleM
GCA_023133295.1_genomic	singlem	order	Bray-Curtis distance	0.34928893513701	phylum	d__Bacteria;p__AUK180;c__AUK180;o__AUK180;f__AUK180;g__JAGLWT01;s__JAGLWT01 sp023133295	novel Bacteria	novel phylum	SingleM
GCA_023133295.1_genomic	singlem	family	Bray-Curtis distance	0.34928893513701	phylum	d__Bacteria;p__AUK180;c__AUK180;o__AUK180;f__AUK180;g__JAGLWT01;s__JAGLWT01 sp023133295	novel Bacteria	novel phylum	SingleM
GCA_023133295.1_genomic	singlem	genus	Bray-Curtis distance	0.34928893513701	phylum	d__Bacteria;p__AUK180;c__AUK180;o__AUK180;f__AUK180;g__JAGLWT01;s__JAGLWT01 sp023133295	novel Bacteria	novel phylum	SingleM
GCA_023133295.1_genomic	singlem	species	Bray-Curtis distance	0.34928893513701	phylum	d__Bacteria;p__AUK180;c__AUK180;o__AUK180;f__AUK180;g__JAGLWT01;s__JAGLWT01 sp023133295	novel Bacteria	novel phylum	SingleM
GCA_023133295.1_genomic	singlem-regime3	kingdom	Bray-Curtis distance	0.0121052631578948	phylum	d__Bacteria;p__AUK180;c__AUK180;o__AUK180;f__AUK180;g__JAGLWT01;s__JAGLWT01 sp023133295	novel Bacteria	novel phylum	
GCA_023133295.1_genomic	singlem-regime3	phylum	Bray-Curtis distance	0.344181110718076	phylum	d__Bacteria;p__AUK180;c__AUK180;o__AUK180;f__AUK180;g__JAGLWT01;s__JAGLWT01 sp023133295	novel Bacteria	novel phylum	
GCA_023133295.1_genomic	singlem-regime3	class	Bray-Curtis distance	0.344181110718076	phylum	d__Bacteria;p__AUK180;c__AUK180;o__AUK180;f__AUK180;g__JAGLWT01;s__JAGLWT01 sp023133295	novel Bacteria	novel phylum	
GCA_023133295.1_genomic	singlem-regime3	order	Bray-Curtis distance	0.344181110718076	phylum	d__Bacteria;p__AUK180;c__AUK180;o__AUK180;f__AUK180;g__JAGLWT01;s__JAGLWT01 sp023133295	novel Bacteria	novel phylum	
GCA_023133295.1_genomic	singlem-regime3	family	Bray-Curtis distance	0.344181110718076	phylum	d__Bacteria;p__AUK180;c__AUK180;o__AUK180;f__AUK180;g__JAGLWT01;s__JAGLWT01 sp023133295	novel Bacteria	novel phylum	
GCA_023133295.1_genomic	singlem-regime3	genus	Bray-Curtis distance	0.344181110718076	phylum	d__Bacteria;p__AUK180;c__AUK180;o__AUK180;f__AUK180;g__JAGLWT01;s__JAGLWT01 sp023133295	novel Bacteria	novel phylum	
GCA_023133295.1_genomic	singlem-regime3	species	Bray-Curtis distance	0.393983859134263	phylum	d__Bacteria;p__AUK180;c__AUK180;o__AUK180;f__AUK180;g__JAGLWT01;s__JAGLWT01 sp023133295	novel Bacteria	novel phylum	
GCA_023136265.1_genomic	sylph	kingdom	Bray-Curtis distance	0.5	family	d__Archaea;p__Thermoplasmatota;c__Thermoplasmata;o__RBG-16-68-12;f__JAGMCJ01;g__JAGMCJ01;s__JAGMCJ01 sp023136265	novel Archaea	novel family	sylph
GCA_023136265.1_genomic	sylph	phylum	Bray-Curtis distance	0.5	family	d__Archaea;p__Thermoplasmatota;c__Thermoplasmata;o__RBG-16-68-12;f__JAGMCJ01;g__JAGMCJ01;s__JAGMCJ01 sp023136265	novel Archaea	novel family	sylph
GCA_023136265.1_genomic	sylph	class	Bray-Curtis distance	0.5	family	d__Archaea;p__Thermoplasmatota;c__Thermoplasmata;o__RBG-16-68-12;f__JAGMCJ01;g__JAGMCJ01;s__JAGMCJ01 sp023136265	novel Archaea	novel family	sylph
GCA_023136265.1_genomic	sylph	order	Bray-Curtis distance	0.5	family	d__Archaea;p__Thermoplasmatota;c__Thermoplasmata;o__RBG-16-68-12;f__JAGMCJ01;g__JAGMCJ01;s__JAGMCJ01 sp023136265	novel Archaea	novel family	sylph
GCA_023136265.1_genomic	sylph	family	Bray-Curtis distance	0.5	family	d__Archaea;p__Thermoplasmatota;c__Thermoplasmata;o__RBG-16-68-12;f__JAGMCJ01;g__JAGMCJ01;s__JAGMCJ01 sp023136265	novel Archaea	novel family	sylph
GCA_023136265.1_genomic	sylph	genus	Bray-Curtis distance	0.5	family	d__Archaea;p__Thermoplasmatota;c__Thermoplasmata;o__RBG-16-68-12;f__JAGMCJ01;g__JAGMCJ01;s__JAGMCJ01 sp023136265	novel Archaea	novel family	sylph
GCA_023136265.1_genomic	sylph	species	Bray-Curtis distance	0.5	family	d__Archaea;p__Thermoplasmatota;c__Thermoplasmata;o__RBG-16-68-12;f__JAGMCJ01;g__JAGMCJ01;s__JAGMCJ01 sp023136265	novel Archaea	novel family	sylph
GCA_023136265.1_genomic	metaphlan	kingdom	Bray-Curtis distance	0.5	family	d__Archaea;p__Thermoplasmatota;c__Thermoplasmata;o__RBG-16-68-12;f__JAGMCJ01;g__JAGMCJ01;s__JAGMCJ01 sp023136265	novel Archaea	novel family	MetaPhlAn
GCA_023136265.1_genomic	metaphlan	phylum	Bray-Curtis distance	0.5	family	d__Archaea;p__Thermoplasmatota;c__Thermoplasmata;o__RBG-16-68-12;f__JAGMCJ01;g__JAGMCJ01;s__JAGMCJ01 sp023136265	novel Archaea	novel family	MetaPhlAn
GCA_023136265.1_genomic	metaphlan	class	Bray-Curtis distance	0.5	family	d__Archaea;p__Thermoplasmatota;c__Thermoplasmata;o__RBG-16-68-12;f__JAGMCJ01;g__JAGMCJ01;s__JAGMCJ01 sp023136265	novel Archaea	novel family	MetaPhlAn
GCA_023136265.1_genomic	metaphlan	order	Bray-Curtis distance	0.5	family	d__Archaea;p__Thermoplasmatota;c__Thermoplasmata;o__RBG-16-68-12;f__JAGMCJ01;g__JAGMCJ01;s__JAGMCJ01 sp023136265	novel Archaea	novel family	MetaPhlAn
GCA_023136265.1_genomic	metaphlan	family	Bray-Curtis distance	0.5	family	d__Archaea;p__Thermoplasmatota;c__Thermoplasmata;o__RBG-16-68-12;f__JAGMCJ01;g__JAGMCJ01;s__JAGMCJ01 sp023136265	novel Archaea	novel family	MetaPhlAn
GCA_023136265.1_genomic	metaphlan	genus	Bray-Curtis distance	0.5	family	d__Archaea;p__Thermoplasmatota;c__Thermoplasmata;o__RBG-16-68-12;f__JAGMCJ01;g__JAGMCJ01;s__JAGMCJ01 sp023136265	novel Archaea	novel family	MetaPhlAn
GCA_023136265.1_genomic	metaphlan	species	Bray-Curtis distance	0.5	family	d__Archaea;p__Thermoplasmatota;c__Thermoplasmata;o__RBG-16-68-12;f__JAGMCJ01;g__JAGMCJ01;s__JAGMCJ01 sp023136265	novel Archaea	novel family	MetaPhlAn
GCA_023136265.1_genomic	singlem	kingdom	Bray-Curtis distance	0.0112575507962658	family	d__Archaea;p__Thermoplasmatota;c__Thermoplasmata;o__RBG-16-68-12;f__JAGMCJ01;g__JAGMCJ01;s__JAGMCJ01 sp023136265	novel Archaea	novel family	SingleM
GCA_023136265.1_genomic	singlem	phylum	Bray-Curtis distance	0.025619604566973	family	d__Archaea;p__Thermoplasmatota;c__Thermoplasmata;o__RBG-16-68-12;f__JAGMCJ01;g__JAGMCJ01;s__JAGMCJ01 sp023136265	novel Archaea	novel family	SingleM
GCA_023136265.1_genomic	singlem	class	Bray-Curtis distance	0.025619604566973	family	d__Archaea;p__Thermoplasmatota;c__Thermoplasmata;o__RBG-16-68-12;f__JAGMCJ01;g__JAGMCJ01;s__JAGMCJ01 sp023136265	novel Archaea	novel family	SingleM
GCA_023136265.1_genomic	singlem	order	Bray-Curtis distance	0.111341427302339	family	d__Archaea;p__Thermoplasmatota;c__Thermoplasmata;o__RBG-16-68-12;f__JAGMCJ01;g__JAGMCJ01;s__JAGMCJ01 sp023136265	novel Archaea	novel family	SingleM
GCA_023136265.1_genomic	singlem	family	Bray-Curtis distance	0.430225281602003	family	d__Archaea;p__Thermoplasmatota;c__Thermoplasmata;o__RBG-16-68-12;f__JAGMCJ01;g__JAGMCJ01;s__JAGMCJ01 sp023136265	novel Archaea	novel family	SingleM
GCA_023136265.1_genomic	singlem	genus	Bray-Curtis distance	0.426456692913386	family	d__Archaea;p__Thermoplasmatota;c__Thermoplasmata;o__RBG-16-68-12;f__JAGMCJ01;g__JAGMCJ01;s__JAGMCJ01 sp023136265	novel Archaea	novel family	SingleM
GCA_023136265.1_genomic	singlem	species	Bray-Curtis distance	0.338299418604651	family	d__Archaea;p__Thermoplasmatota;c__Thermoplasmata;o__RBG-16-68-12;f__JAGMCJ01;g__JAGMCJ01;s__JAGMCJ01 sp023136265	novel Archaea	novel family	SingleM
GCA_023136265.1_genomic	singlem-regime3	kingdom	Bray-Curtis distance	0.0210371819960861	family	d__Archaea;p__Thermoplasmatota;c__Thermoplasmata;o__RBG-16-68-12;f__JAGMCJ01;g__JAGMCJ01;s__JAGMCJ01 sp023136265	novel Archaea	novel family	
GCA_023136265.1_genomic	singlem-regime3	phylum	Bray-Curtis distance	0.0199600798403194	family	d__Archaea;p__Thermoplasmatota;c__Thermoplasmata;o__RBG-16-68-12;f__JAGMCJ01;g__JAGMCJ01;s__JAGMCJ01 sp023136265	novel Archaea	novel family	
GCA_023136265.1_genomic	singlem-regime3	class	Bray-Curtis distance	0.0199600798403194	family	d__Archaea;p__Thermoplasmatota;c__Thermoplasmata;o__RBG-16-68-12;f__JAGMCJ01;g__JAGMCJ01;s__JAGMCJ01 sp023136265	novel Archaea	novel family	
GCA_023136265.1_genomic	singlem-regime3	order	Bray-Curtis distance	0.216383724063595	family	d__Archaea;p__Thermoplasmatota;c__Thermoplasmata;o__RBG-16-68-12;f__JAGMCJ01;g__JAGMCJ01;s__JAGMCJ01 sp023136265	novel Archaea	novel family	
GCA_023136265.1_genomic	singlem-regime3	family	Bray-Curtis distance	0.450308815272319	family	d__Archaea;p__Thermoplasmatota;c__Thermoplasmata;o__RBG-16-68-12;f__JAGMCJ01;g__JAGMCJ01;s__JAGMCJ01 sp023136265	novel Archaea	novel family	
GCA_023136265.1_genomic	singlem-regime3	genus	Bray-Curtis distance	0.440251572327044	family	d__Archaea;p__Thermoplasmatota;c__Thermoplasmata;o__RBG-16-68-12;f__JAGMCJ01;g__JAGMCJ01;s__JAGMCJ01 sp023136265	novel Archaea	novel family	
GCA_023136265.1_genomic	singlem-regime3	species	Bray-Curtis distance	0.352299040688058	family	d__Archaea;p__Thermoplasmatota;c__Thermoplasmata;o__RBG-16-68-12;f__JAGMCJ01;g__JAGMCJ01;s__JAGMCJ01 sp023136265	novel Archaea	novel family	
GCA_023144005.1_genomic	sylph	kingdom	Bray-Curtis distance	0.5	phylum	d__Bacteria;p__AUK180;c__AUK180;o__AUK180;f__AUK180;g__JAGLWT01;s__JAGLWT01 sp023144005	novel Bacteria	novel phylum	sylph
GCA_023144005.1_genomic	sylph	phylum	Bray-Curtis distance	0.5	phylum	d__Bacteria;p__AUK180;c__AUK180;o__AUK180;f__AUK180;g__JAGLWT01;s__JAGLWT01 sp023144005	novel Bacteria	novel phylum	sylph
GCA_023144005.1_genomic	sylph	class	Bray-Curtis distance	0.5	phylum	d__Bacteria;p__AUK180;c__AUK180;o__AUK180;f__AUK180;g__JAGLWT01;s__JAGLWT01 sp023144005	novel Bacteria	novel phylum	sylph
GCA_023144005.1_genomic	sylph	order	Bray-Curtis distance	0.5	phylum	d__Bacteria;p__AUK180;c__AUK180;o__AUK180;f__AUK180;g__JAGLWT01;s__JAGLWT01 sp023144005	novel Bacteria	novel phylum	sylph
GCA_023144005.1_genomic	sylph	family	Bray-Curtis distance	0.5	phylum	d__Bacteria;p__AUK180;c__AUK180;o__AUK180;f__AUK180;g__JAGLWT01;s__JAGLWT01 sp023144005	novel Bacteria	novel phylum	sylph
GCA_023144005.1_genomic	sylph	genus	Bray-Curtis distance	0.5	phylum	d__Bacteria;p__AUK180;c__AUK180;o__AUK180;f__AUK180;g__JAGLWT01;s__JAGLWT01 sp023144005	novel Bacteria	novel phylum	sylph
GCA_023144005.1_genomic	sylph	species	Bray-Curtis distance	0.5	phylum	d__Bacteria;p__AUK180;c__AUK180;o__AUK180;f__AUK180;g__JAGLWT01;s__JAGLWT01 sp023144005	novel Bacteria	novel phylum	sylph
GCA_023144005.1_genomic	metaphlan	kingdom	Bray-Curtis distance	0.5	phylum	d__Bacteria;p__AUK180;c__AUK180;o__AUK180;f__AUK180;g__JAGLWT01;s__JAGLWT01 sp023144005	novel Bacteria	novel phylum	MetaPhlAn
GCA_023144005.1_genomic	metaphlan	phylum	Bray-Curtis distance	0.5	phylum	d__Bacteria;p__AUK180;c__AUK180;o__AUK180;f__AUK180;g__JAGLWT01;s__JAGLWT01 sp023144005	novel Bacteria	novel phylum	MetaPhlAn
GCA_023144005.1_genomic	metaphlan	class	Bray-Curtis distance	0.5	phylum	d__Bacteria;p__AUK180;c__AUK180;o__AUK180;f__AUK180;g__JAGLWT01;s__JAGLWT01 sp023144005	novel Bacteria	novel phylum	MetaPhlAn
GCA_023144005.1_genomic	metaphlan	order	Bray-Curtis distance	0.5	phylum	d__Bacteria;p__AUK180;c__AUK180;o__AUK180;f__AUK180;g__JAGLWT01;s__JAGLWT01 sp023144005	novel Bacteria	novel phylum	MetaPhlAn
GCA_023144005.1_genomic	metaphlan	family	Bray-Curtis distance	0.5	phylum	d__Bacteria;p__AUK180;c__AUK180;o__AUK180;f__AUK180;g__JAGLWT01;s__JAGLWT01 sp023144005	novel Bacteria	novel phylum	MetaPhlAn
GCA_023144005.1_genomic	metaphlan	genus	Bray-Curtis distance	0.5	phylum	d__Bacteria;p__AUK180;c__AUK180;o__AUK180;f__AUK180;g__JAGLWT01;s__JAGLWT01 sp023144005	novel Bacteria	novel phylum	MetaPhlAn
GCA_023144005.1_genomic	metaphlan	species	Bray-Curtis distance	0.5	phylum	d__Bacteria;p__AUK180;c__AUK180;o__AUK180;f__AUK180;g__JAGLWT01;s__JAGLWT01 sp023144005	novel Bacteria	novel phylum	MetaPhlAn
GCA_023144005.1_genomic	singlem	kingdom	Bray-Curtis distance	0.0266243282852956	phylum	d__Bacteria;p__AUK180;c__AUK180;o__AUK180;f__AUK180;g__JAGLWT01;s__JAGLWT01 sp023144005	novel Bacteria	novel phylum	SingleM
GCA_023144005.1_genomic	singlem	phylum	Bray-Curtis distance	0.342646114322415	phylum	d__Bacteria;p__AUK180;c__AUK180;o__AUK180;f__AUK180;g__JAGLWT01;s__JAGLWT01 sp023144005	novel Bacteria	novel phylum	SingleM
GCA_023144005.1_genomic	singlem	class	Bray-Curtis distance	0.341588935348987	phylum	d__Bacteria;p__AUK180;c__AUK180;o__AUK180;f__AUK180;g__JAGLWT01;s__JAGLWT01 sp023144005	novel Bacteria	novel phylum	SingleM
GCA_023144005.1_genomic	singlem	order	Bray-Curtis distance	0.341588935348987	phylum	d__Bacteria;p__AUK180;c__AUK180;o__AUK180;f__AUK180;g__JAGLWT01;s__JAGLWT01 sp023144005	novel Bacteria	novel phylum	SingleM
GCA_023144005.1_genomic	singlem	family	Bray-Curtis distance	0.341588935348987	phylum	d__Bacteria;p__AUK180;c__AUK180;o__AUK180;f__AUK180;g__JAGLWT01;s__JAGLWT01 sp023144005	novel Bacteria	novel phylum	SingleM
GCA_023144005.1_genomic	singlem	genus	Bray-Curtis distance	0.341588935348987	phylum	d__Bacteria;p__AUK180;c__AUK180;o__AUK180;f__AUK180;g__JAGLWT01;s__JAGLWT01 sp023144005	novel Bacteria	novel phylum	SingleM
GCA_023144005.1_genomic	singlem	species	Bray-Curtis distance	0.341588935348987	phylum	d__Bacteria;p__AUK180;c__AUK180;o__AUK180;f__AUK180;g__JAGLWT01;s__JAGLWT01 sp023144005	novel Bacteria	novel phylum	SingleM
GCA_023144005.1_genomic	singlem-regime3	kingdom	Bray-Curtis distance	0.0241855873642645	phylum	d__Bacteria;p__AUK180;c__AUK180;o__AUK180;f__AUK180;g__JAGLWT01;s__JAGLWT01 sp023144005	novel Bacteria	novel phylum	
GCA_023144005.1_genomic	singlem-regime3	phylum	Bray-Curtis distance	0.343911917098446	phylum	d__Bacteria;p__AUK180;c__AUK180;o__AUK180;f__AUK180;g__JAGLWT01;s__JAGLWT01 sp023144005	novel Bacteria	novel phylum	
GCA_023144005.1_genomic	singlem-regime3	class	Bray-Curtis distance	0.343911917098446	phylum	d__Bacteria;p__AUK180;c__AUK180;o__AUK180;f__AUK180;g__JAGLWT01;s__JAGLWT01 sp023144005	novel Bacteria	novel phylum	
GCA_023144005.1_genomic	singlem-regime3	order	Bray-Curtis distance	0.343911917098446	phylum	d__Bacteria;p__AUK180;c__AUK180;o__AUK180;f__AUK180;g__JAGLWT01;s__JAGLWT01 sp023144005	novel Bacteria	novel phylum	
GCA_023144005.1_genomic	singlem-regime3	family	Bray-Curtis distance	0.343911917098446	phylum	d__Bacteria;p__AUK180;c__AUK180;o__AUK180;f__AUK180;g__JAGLWT01;s__JAGLWT01 sp023144005	novel Bacteria	novel phylum	
GCA_023144005.1_genomic	singlem-regime3	genus	Bray-Curtis distance	0.343911917098446	phylum	d__Bacteria;p__AUK180;c__AUK180;o__AUK180;f__AUK180;g__JAGLWT01;s__JAGLWT01 sp023144005	novel Bacteria	novel phylum	
GCA_023144005.1_genomic	singlem-regime3	species	Bray-Curtis distance	0.348419301164725	phylum	d__Bacteria;p__AUK180;c__AUK180;o__AUK180;f__AUK180;g__JAGLWT01;s__JAGLWT01 sp023144005	novel Bacteria	novel phylum	
GCA_023150535.1_genomic	sylph	kingdom	Bray-Curtis distance	0.5	class	d__Bacteria;p__Planctomycetota;c__JAJSAM01;o__JAKLKS01;f__JAKLKS01;g__JAKLKS01;s__JAKLKS01 sp023150535	novel Bacteria	novel class	sylph
GCA_023150535.1_genomic	sylph	phylum	Bray-Curtis distance	0.5	class	d__Bacteria;p__Planctomycetota;c__JAJSAM01;o__JAKLKS01;f__JAKLKS01;g__JAKLKS01;s__JAKLKS01 sp023150535	novel Bacteria	novel class	sylph
GCA_023150535.1_genomic	sylph	class	Bray-Curtis distance	0.5	class	d__Bacteria;p__Planctomycetota;c__JAJSAM01;o__JAKLKS01;f__JAKLKS01;g__JAKLKS01;s__JAKLKS01 sp023150535	novel Bacteria	novel class	sylph
GCA_023150535.1_genomic	sylph	order	Bray-Curtis distance	0.5	class	d__Bacteria;p__Planctomycetota;c__JAJSAM01;o__JAKLKS01;f__JAKLKS01;g__JAKLKS01;s__JAKLKS01 sp023150535	novel Bacteria	novel class	sylph
GCA_023150535.1_genomic	sylph	family	Bray-Curtis distance	0.5	class	d__Bacteria;p__Planctomycetota;c__JAJSAM01;o__JAKLKS01;f__JAKLKS01;g__JAKLKS01;s__JAKLKS01 sp023150535	novel Bacteria	novel class	sylph
GCA_023150535.1_genomic	sylph	genus	Bray-Curtis distance	0.5	class	d__Bacteria;p__Planctomycetota;c__JAJSAM01;o__JAKLKS01;f__JAKLKS01;g__JAKLKS01;s__JAKLKS01 sp023150535	novel Bacteria	novel class	sylph
GCA_023150535.1_genomic	sylph	species	Bray-Curtis distance	0.5	class	d__Bacteria;p__Planctomycetota;c__JAJSAM01;o__JAKLKS01;f__JAKLKS01;g__JAKLKS01;s__JAKLKS01 sp023150535	novel Bacteria	novel class	sylph
GCA_023150535.1_genomic	metaphlan	kingdom	Bray-Curtis distance	0.5	class	d__Bacteria;p__Planctomycetota;c__JAJSAM01;o__JAKLKS01;f__JAKLKS01;g__JAKLKS01;s__JAKLKS01 sp023150535	novel Bacteria	novel class	MetaPhlAn
GCA_023150535.1_genomic	metaphlan	phylum	Bray-Curtis distance	0.5	class	d__Bacteria;p__Planctomycetota;c__JAJSAM01;o__JAKLKS01;f__JAKLKS01;g__JAKLKS01;s__JAKLKS01 sp023150535	novel Bacteria	novel class	MetaPhlAn
GCA_023150535.1_genomic	metaphlan	class	Bray-Curtis distance	0.5	class	d__Bacteria;p__Planctomycetota;c__JAJSAM01;o__JAKLKS01;f__JAKLKS01;g__JAKLKS01;s__JAKLKS01 sp023150535	novel Bacteria	novel class	MetaPhlAn
GCA_023150535.1_genomic	metaphlan	order	Bray-Curtis distance	0.5	class	d__Bacteria;p__Planctomycetota;c__JAJSAM01;o__JAKLKS01;f__JAKLKS01;g__JAKLKS01;s__JAKLKS01 sp023150535	novel Bacteria	novel class	MetaPhlAn
GCA_023150535.1_genomic	metaphlan	family	Bray-Curtis distance	0.5	class	d__Bacteria;p__Planctomycetota;c__JAJSAM01;o__JAKLKS01;f__JAKLKS01;g__JAKLKS01;s__JAKLKS01 sp023150535	novel Bacteria	novel class	MetaPhlAn
GCA_023150535.1_genomic	metaphlan	genus	Bray-Curtis distance	0.5	class	d__Bacteria;p__Planctomycetota;c__JAJSAM01;o__JAKLKS01;f__JAKLKS01;g__JAKLKS01;s__JAKLKS01 sp023150535	novel Bacteria	novel class	MetaPhlAn
GCA_023150535.1_genomic	metaphlan	species	Bray-Curtis distance	0.5	class	d__Bacteria;p__Planctomycetota;c__JAJSAM01;o__JAKLKS01;f__JAKLKS01;g__JAKLKS01;s__JAKLKS01 sp023150535	novel Bacteria	novel class	MetaPhlAn
GCA_023150535.1_genomic	singlem	kingdom	Bray-Curtis distance	0.03592953175707	class	d__Bacteria;p__Planctomycetota;c__JAJSAM01;o__JAKLKS01;f__JAKLKS01;g__JAKLKS01;s__JAKLKS01 sp023150535	novel Bacteria	novel class	SingleM
GCA_023150535.1_genomic	singlem	phylum	Bray-Curtis distance	0.139152759948652	class	d__Bacteria;p__Planctomycetota;c__JAJSAM01;o__JAKLKS01;f__JAKLKS01;g__JAKLKS01;s__JAKLKS01 sp023150535	novel Bacteria	novel class	SingleM
GCA_023150535.1_genomic	singlem	class	Bray-Curtis distance	0.352835283528353	class	d__Bacteria;p__Planctomycetota;c__JAJSAM01;o__JAKLKS01;f__JAKLKS01;g__JAKLKS01;s__JAKLKS01 sp023150535	novel Bacteria	novel class	SingleM
GCA_023150535.1_genomic	singlem	order	Bray-Curtis distance	0.345768880800728	class	d__Bacteria;p__Planctomycetota;c__JAJSAM01;o__JAKLKS01;f__JAKLKS01;g__JAKLKS01;s__JAKLKS01 sp023150535	novel Bacteria	novel class	SingleM
GCA_023150535.1_genomic	singlem	family	Bray-Curtis distance	0.345768880800728	class	d__Bacteria;p__Planctomycetota;c__JAJSAM01;o__JAKLKS01;f__JAKLKS01;g__JAKLKS01;s__JAKLKS01 sp023150535	novel Bacteria	novel class	SingleM
GCA_023150535.1_genomic	singlem	genus	Bray-Curtis distance	0.345768880800728	class	d__Bacteria;p__Planctomycetota;c__JAJSAM01;o__JAKLKS01;f__JAKLKS01;g__JAKLKS01;s__JAKLKS01 sp023150535	novel Bacteria	novel class	SingleM
GCA_023150535.1_genomic	singlem	species	Bray-Curtis distance	0.345768880800728	class	d__Bacteria;p__Planctomycetota;c__JAJSAM01;o__JAKLKS01;f__JAKLKS01;g__JAKLKS01;s__JAKLKS01 sp023150535	novel Bacteria	novel class	SingleM
GCA_023150535.1_genomic	singlem-regime3	kingdom	Bray-Curtis distance	0.0404459991254919	class	d__Bacteria;p__Planctomycetota;c__JAJSAM01;o__JAKLKS01;f__JAKLKS01;g__JAKLKS01;s__JAKLKS01 sp023150535	novel Bacteria	novel class	
GCA_023150535.1_genomic	singlem-regime3	phylum	Bray-Curtis distance	0.14785335262904	class	d__Bacteria;p__Planctomycetota;c__JAJSAM01;o__JAKLKS01;f__JAKLKS01;g__JAKLKS01;s__JAKLKS01 sp023150535	novel Bacteria	novel class	
GCA_023150535.1_genomic	singlem-regime3	class	Bray-Curtis distance	0.391269630023955	class	d__Bacteria;p__Planctomycetota;c__JAJSAM01;o__JAKLKS01;f__JAKLKS01;g__JAKLKS01;s__JAKLKS01 sp023150535	novel Bacteria	novel class	
GCA_023150535.1_genomic	singlem-regime3	order	Bray-Curtis distance	0.358305274971942	class	d__Bacteria;p__Planctomycetota;c__JAJSAM01;o__JAKLKS01;f__JAKLKS01;g__JAKLKS01;s__JAKLKS01 sp023150535	novel Bacteria	novel class	
GCA_023150535.1_genomic	singlem-regime3	family	Bray-Curtis distance	0.350837354527391	class	d__Bacteria;p__Planctomycetota;c__JAJSAM01;o__JAKLKS01;f__JAKLKS01;g__JAKLKS01;s__JAKLKS01 sp023150535	novel Bacteria	novel class	
GCA_023150535.1_genomic	singlem-regime3	genus	Bray-Curtis distance	0.350837354527391	class	d__Bacteria;p__Planctomycetota;c__JAJSAM01;o__JAKLKS01;f__JAKLKS01;g__JAKLKS01;s__JAKLKS01 sp023150535	novel Bacteria	novel class	
GCA_023150535.1_genomic	singlem-regime3	species	Bray-Curtis distance	0.335560720511331	class	d__Bacteria;p__Planctomycetota;c__JAJSAM01;o__JAKLKS01;f__JAKLKS01;g__JAKLKS01;s__JAKLKS01 sp023150535	novel Bacteria	novel class	
GCA_023251875.1_genomic	sylph	kingdom	Bray-Curtis distance	0.5	order	d__Bacteria;p__Bacteroidota;c__Bacteroidia;o__JAHEXY01;f__JAHEXY01;g__JAHEXY01;s__JAHEXY01 sp023251875	novel Bacteria	novel order	sylph
GCA_023251875.1_genomic	sylph	phylum	Bray-Curtis distance	0.5	order	d__Bacteria;p__Bacteroidota;c__Bacteroidia;o__JAHEXY01;f__JAHEXY01;g__JAHEXY01;s__JAHEXY01 sp023251875	novel Bacteria	novel order	sylph
GCA_023251875.1_genomic	sylph	class	Bray-Curtis distance	0.5	order	d__Bacteria;p__Bacteroidota;c__Bacteroidia;o__JAHEXY01;f__JAHEXY01;g__JAHEXY01;s__JAHEXY01 sp023251875	novel Bacteria	novel order	sylph
GCA_023251875.1_genomic	sylph	order	Bray-Curtis distance	0.5	order	d__Bacteria;p__Bacteroidota;c__Bacteroidia;o__JAHEXY01;f__JAHEXY01;g__JAHEXY01;s__JAHEXY01 sp023251875	novel Bacteria	novel order	sylph
GCA_023251875.1_genomic	sylph	family	Bray-Curtis distance	0.5	order	d__Bacteria;p__Bacteroidota;c__Bacteroidia;o__JAHEXY01;f__JAHEXY01;g__JAHEXY01;s__JAHEXY01 sp023251875	novel Bacteria	novel order	sylph
GCA_023251875.1_genomic	sylph	genus	Bray-Curtis distance	0.5	order	d__Bacteria;p__Bacteroidota;c__Bacteroidia;o__JAHEXY01;f__JAHEXY01;g__JAHEXY01;s__JAHEXY01 sp023251875	novel Bacteria	novel order	sylph
GCA_023251875.1_genomic	sylph	species	Bray-Curtis distance	0.5	order	d__Bacteria;p__Bacteroidota;c__Bacteroidia;o__JAHEXY01;f__JAHEXY01;g__JAHEXY01;s__JAHEXY01 sp023251875	novel Bacteria	novel order	sylph
GCA_023251875.1_genomic	metaphlan	kingdom	Bray-Curtis distance	0.5	order	d__Bacteria;p__Bacteroidota;c__Bacteroidia;o__JAHEXY01;f__JAHEXY01;g__JAHEXY01;s__JAHEXY01 sp023251875	novel Bacteria	novel order	MetaPhlAn
GCA_023251875.1_genomic	metaphlan	phylum	Bray-Curtis distance	0.5	order	d__Bacteria;p__Bacteroidota;c__Bacteroidia;o__JAHEXY01;f__JAHEXY01;g__JAHEXY01;s__JAHEXY01 sp023251875	novel Bacteria	novel order	MetaPhlAn
GCA_023251875.1_genomic	metaphlan	class	Bray-Curtis distance	0.5	order	d__Bacteria;p__Bacteroidota;c__Bacteroidia;o__JAHEXY01;f__JAHEXY01;g__JAHEXY01;s__JAHEXY01 sp023251875	novel Bacteria	novel order	MetaPhlAn
GCA_023251875.1_genomic	metaphlan	order	Bray-Curtis distance	0.5	order	d__Bacteria;p__Bacteroidota;c__Bacteroidia;o__JAHEXY01;f__JAHEXY01;g__JAHEXY01;s__JAHEXY01 sp023251875	novel Bacteria	novel order	MetaPhlAn
GCA_023251875.1_genomic	metaphlan	family	Bray-Curtis distance	0.5	order	d__Bacteria;p__Bacteroidota;c__Bacteroidia;o__JAHEXY01;f__JAHEXY01;g__JAHEXY01;s__JAHEXY01 sp023251875	novel Bacteria	novel order	MetaPhlAn
GCA_023251875.1_genomic	metaphlan	genus	Bray-Curtis distance	0.5	order	d__Bacteria;p__Bacteroidota;c__Bacteroidia;o__JAHEXY01;f__JAHEXY01;g__JAHEXY01;s__JAHEXY01 sp023251875	novel Bacteria	novel order	MetaPhlAn
GCA_023251875.1_genomic	metaphlan	species	Bray-Curtis distance	1	order	d__Bacteria;p__Bacteroidota;c__Bacteroidia;o__JAHEXY01;f__JAHEXY01;g__JAHEXY01;s__JAHEXY01 sp023251875	novel Bacteria	novel order	MetaPhlAn
GCA_023251875.1_genomic	singlem	kingdom	Bray-Curtis distance	0.013555787278415	order	d__Bacteria;p__Bacteroidota;c__Bacteroidia;o__JAHEXY01;f__JAHEXY01;g__JAHEXY01;s__JAHEXY01 sp023251875	novel Bacteria	novel order	SingleM
GCA_023251875.1_genomic	singlem	phylum	Bray-Curtis distance	0.010977522216414	order	d__Bacteria;p__Bacteroidota;c__Bacteroidia;o__JAHEXY01;f__JAHEXY01;g__JAHEXY01;s__JAHEXY01 sp023251875	novel Bacteria	novel order	SingleM
GCA_023251875.1_genomic	singlem	class	Bray-Curtis distance	0.010977522216414	order	d__Bacteria;p__Bacteroidota;c__Bacteroidia;o__JAHEXY01;f__JAHEXY01;g__JAHEXY01;s__JAHEXY01 sp023251875	novel Bacteria	novel order	SingleM
GCA_023251875.1_genomic	singlem	order	Bray-Curtis distance	0.452	order	d__Bacteria;p__Bacteroidota;c__Bacteroidia;o__JAHEXY01;f__JAHEXY01;g__JAHEXY01;s__JAHEXY01 sp023251875	novel Bacteria	novel order	SingleM
GCA_023251875.1_genomic	singlem	family	Bray-Curtis distance	0.337020394054615	order	d__Bacteria;p__Bacteroidota;c__Bacteroidia;o__JAHEXY01;f__JAHEXY01;g__JAHEXY01;s__JAHEXY01 sp023251875	novel Bacteria	novel order	SingleM
GCA_023251875.1_genomic	singlem	genus	Bray-Curtis distance	0.337020394054615	order	d__Bacteria;p__Bacteroidota;c__Bacteroidia;o__JAHEXY01;f__JAHEXY01;g__JAHEXY01;s__JAHEXY01 sp023251875	novel Bacteria	novel order	SingleM
GCA_023251875.1_genomic	singlem	species	Bray-Curtis distance	0.337020394054615	order	d__Bacteria;p__Bacteroidota;c__Bacteroidia;o__JAHEXY01;f__JAHEXY01;g__JAHEXY01;s__JAHEXY01 sp023251875	novel Bacteria	novel order	SingleM
GCA_023251875.1_genomic	singlem-regime3	kingdom	Bray-Curtis distance	0.0257575757575758	order	d__Bacteria;p__Bacteroidota;c__Bacteroidia;o__JAHEXY01;f__JAHEXY01;g__JAHEXY01;s__JAHEXY01 sp023251875	novel Bacteria	novel order	
GCA_023251875.1_genomic	singlem-regime3	phylum	Bray-Curtis distance	0.0257575757575758	order	d__Bacteria;p__Bacteroidota;c__Bacteroidia;o__JAHEXY01;f__JAHEXY01;g__JAHEXY01;s__JAHEXY01 sp023251875	novel Bacteria	novel order	
GCA_023251875.1_genomic	singlem-regime3	class	Bray-Curtis distance	0.0257575757575758	order	d__Bacteria;p__Bacteroidota;c__Bacteroidia;o__JAHEXY01;f__JAHEXY01;g__JAHEXY01;s__JAHEXY01 sp023251875	novel Bacteria	novel order	
GCA_023251875.1_genomic	singlem-regime3	order	Bray-Curtis distance	0.464285714285714	order	d__Bacteria;p__Bacteroidota;c__Bacteroidia;o__JAHEXY01;f__JAHEXY01;g__JAHEXY01;s__JAHEXY01 sp023251875	novel Bacteria	novel order	
GCA_023251875.1_genomic	singlem-regime3	family	Bray-Curtis distance	0.344587884806356	order	d__Bacteria;p__Bacteroidota;c__Bacteroidia;o__JAHEXY01;f__JAHEXY01;g__JAHEXY01;s__JAHEXY01 sp023251875	novel Bacteria	novel order	
GCA_023251875.1_genomic	singlem-regime3	genus	Bray-Curtis distance	0.344587884806356	order	d__Bacteria;p__Bacteroidota;c__Bacteroidia;o__JAHEXY01;f__JAHEXY01;g__JAHEXY01;s__JAHEXY01 sp023251875	novel Bacteria	novel order	
GCA_023251875.1_genomic	singlem-regime3	species	Bray-Curtis distance	0.343283582089552	order	d__Bacteria;p__Bacteroidota;c__Bacteroidia;o__JAHEXY01;f__JAHEXY01;g__JAHEXY01;s__JAHEXY01 sp023251875	novel Bacteria	novel order	
GCA_023251915.1_genomic	sylph	kingdom	Bray-Curtis distance	0.5	class	d__Bacteria;p__Actinomycetota;c__JAHEXW01;o__JAHEXW01;f__JAHEXW01;g__JAHEXW01;s__JAHEXW01 sp023251915	novel Bacteria	novel class	sylph
GCA_023251915.1_genomic	sylph	phylum	Bray-Curtis distance	0.5	class	d__Bacteria;p__Actinomycetota;c__JAHEXW01;o__JAHEXW01;f__JAHEXW01;g__JAHEXW01;s__JAHEXW01 sp023251915	novel Bacteria	novel class	sylph
GCA_023251915.1_genomic	sylph	class	Bray-Curtis distance	0.5	class	d__Bacteria;p__Actinomycetota;c__JAHEXW01;o__JAHEXW01;f__JAHEXW01;g__JAHEXW01;s__JAHEXW01 sp023251915	novel Bacteria	novel class	sylph
GCA_023251915.1_genomic	sylph	order	Bray-Curtis distance	0.5	class	d__Bacteria;p__Actinomycetota;c__JAHEXW01;o__JAHEXW01;f__JAHEXW01;g__JAHEXW01;s__JAHEXW01 sp023251915	novel Bacteria	novel class	sylph
GCA_023251915.1_genomic	sylph	family	Bray-Curtis distance	0.5	class	d__Bacteria;p__Actinomycetota;c__JAHEXW01;o__JAHEXW01;f__JAHEXW01;g__JAHEXW01;s__JAHEXW01 sp023251915	novel Bacteria	novel class	sylph
GCA_023251915.1_genomic	sylph	genus	Bray-Curtis distance	0.5	class	d__Bacteria;p__Actinomycetota;c__JAHEXW01;o__JAHEXW01;f__JAHEXW01;g__JAHEXW01;s__JAHEXW01 sp023251915	novel Bacteria	novel class	sylph
GCA_023251915.1_genomic	sylph	species	Bray-Curtis distance	0.5	class	d__Bacteria;p__Actinomycetota;c__JAHEXW01;o__JAHEXW01;f__JAHEXW01;g__JAHEXW01;s__JAHEXW01 sp023251915	novel Bacteria	novel class	sylph
GCA_023251915.1_genomic	metaphlan	kingdom	Bray-Curtis distance	0.5	class	d__Bacteria;p__Actinomycetota;c__JAHEXW01;o__JAHEXW01;f__JAHEXW01;g__JAHEXW01;s__JAHEXW01 sp023251915	novel Bacteria	novel class	MetaPhlAn
GCA_023251915.1_genomic	metaphlan	phylum	Bray-Curtis distance	0.5	class	d__Bacteria;p__Actinomycetota;c__JAHEXW01;o__JAHEXW01;f__JAHEXW01;g__JAHEXW01;s__JAHEXW01 sp023251915	novel Bacteria	novel class	MetaPhlAn
GCA_023251915.1_genomic	metaphlan	class	Bray-Curtis distance	0.5	class	d__Bacteria;p__Actinomycetota;c__JAHEXW01;o__JAHEXW01;f__JAHEXW01;g__JAHEXW01;s__JAHEXW01 sp023251915	novel Bacteria	novel class	MetaPhlAn
GCA_023251915.1_genomic	metaphlan	order	Bray-Curtis distance	0.5	class	d__Bacteria;p__Actinomycetota;c__JAHEXW01;o__JAHEXW01;f__JAHEXW01;g__JAHEXW01;s__JAHEXW01 sp023251915	novel Bacteria	novel class	MetaPhlAn
GCA_023251915.1_genomic	metaphlan	family	Bray-Curtis distance	0.5	class	d__Bacteria;p__Actinomycetota;c__JAHEXW01;o__JAHEXW01;f__JAHEXW01;g__JAHEXW01;s__JAHEXW01 sp023251915	novel Bacteria	novel class	MetaPhlAn
GCA_023251915.1_genomic	metaphlan	genus	Bray-Curtis distance	0.5	class	d__Bacteria;p__Actinomycetota;c__JAHEXW01;o__JAHEXW01;f__JAHEXW01;g__JAHEXW01;s__JAHEXW01 sp023251915	novel Bacteria	novel class	MetaPhlAn
GCA_023251915.1_genomic	metaphlan	species	Bray-Curtis distance	0.5	class	d__Bacteria;p__Actinomycetota;c__JAHEXW01;o__JAHEXW01;f__JAHEXW01;g__JAHEXW01;s__JAHEXW01 sp023251915	novel Bacteria	novel class	MetaPhlAn
GCA_023251915.1_genomic	singlem	kingdom	Bray-Curtis distance	0.00948103792415171	class	d__Bacteria;p__Actinomycetota;c__JAHEXW01;o__JAHEXW01;f__JAHEXW01;g__JAHEXW01;s__JAHEXW01 sp023251915	novel Bacteria	novel class	SingleM
GCA_023251915.1_genomic	singlem	phylum	Bray-Curtis distance	0.214545454545455	class	d__Bacteria;p__Actinomycetota;c__JAHEXW01;o__JAHEXW01;f__JAHEXW01;g__JAHEXW01;s__JAHEXW01 sp023251915	novel Bacteria	novel class	SingleM
GCA_023251915.1_genomic	singlem	class	Bray-Curtis distance	0.339124624122954	class	d__Bacteria;p__Actinomycetota;c__JAHEXW01;o__JAHEXW01;f__JAHEXW01;g__JAHEXW01;s__JAHEXW01 sp023251915	novel Bacteria	novel class	SingleM
GCA_023251915.1_genomic	singlem	order	Bray-Curtis distance	0.339124624122954	class	d__Bacteria;p__Actinomycetota;c__JAHEXW01;o__JAHEXW01;f__JAHEXW01;g__JAHEXW01;s__JAHEXW01 sp023251915	novel Bacteria	novel class	SingleM
GCA_023251915.1_genomic	singlem	family	Bray-Curtis distance	0.339124624122954	class	d__Bacteria;p__Actinomycetota;c__JAHEXW01;o__JAHEXW01;f__JAHEXW01;g__JAHEXW01;s__JAHEXW01 sp023251915	novel Bacteria	novel class	SingleM
GCA_023251915.1_genomic	singlem	genus	Bray-Curtis distance	0.339124624122954	class	d__Bacteria;p__Actinomycetota;c__JAHEXW01;o__JAHEXW01;f__JAHEXW01;g__JAHEXW01;s__JAHEXW01 sp023251915	novel Bacteria	novel class	SingleM
GCA_023251915.1_genomic	singlem	species	Bray-Curtis distance	0.339124624122954	class	d__Bacteria;p__Actinomycetota;c__JAHEXW01;o__JAHEXW01;f__JAHEXW01;g__JAHEXW01;s__JAHEXW01 sp023251915	novel Bacteria	novel class	SingleM
GCA_023251915.1_genomic	singlem-regime3	kingdom	Bray-Curtis distance	0.0095213587236233	class	d__Bacteria;p__Actinomycetota;c__JAHEXW01;o__JAHEXW01;f__JAHEXW01;g__JAHEXW01;s__JAHEXW01 sp023251915	novel Bacteria	novel class	
GCA_023251915.1_genomic	singlem-regime3	phylum	Bray-Curtis distance	0.22862511744441	class	d__Bacteria;p__Actinomycetota;c__JAHEXW01;o__JAHEXW01;f__JAHEXW01;g__JAHEXW01;s__JAHEXW01 sp023251915	novel Bacteria	novel class	
GCA_023251915.1_genomic	singlem-regime3	class	Bray-Curtis distance	0.337538356631435	class	d__Bacteria;p__Actinomycetota;c__JAHEXW01;o__JAHEXW01;f__JAHEXW01;g__JAHEXW01;s__JAHEXW01 sp023251915	novel Bacteria	novel class	
GCA_023251915.1_genomic	singlem-regime3	order	Bray-Curtis distance	0.337538356631435	class	d__Bacteria;p__Actinomycetota;c__JAHEXW01;o__JAHEXW01;f__JAHEXW01;g__JAHEXW01;s__JAHEXW01 sp023251915	novel Bacteria	novel class	
GCA_023251915.1_genomic	singlem-regime3	family	Bray-Curtis distance	0.337538356631435	class	d__Bacteria;p__Actinomycetota;c__JAHEXW01;o__JAHEXW01;f__JAHEXW01;g__JAHEXW01;s__JAHEXW01 sp023251915	novel Bacteria	novel class	
GCA_023251915.1_genomic	singlem-regime3	genus	Bray-Curtis distance	0.337538356631435	class	d__Bacteria;p__Actinomycetota;c__JAHEXW01;o__JAHEXW01;f__JAHEXW01;g__JAHEXW01;s__JAHEXW01 sp023251915	novel Bacteria	novel class	
GCA_023251915.1_genomic	singlem-regime3	species	Bray-Curtis distance	0.337538356631435	class	d__Bacteria;p__Actinomycetota;c__JAHEXW01;o__JAHEXW01;f__JAHEXW01;g__JAHEXW01;s__JAHEXW01 sp023251915	novel Bacteria	novel class	
GCA_023265395.1_genomic	sylph	kingdom	Bray-Curtis distance	0.5	family	d__Archaea;p__Thermoplasmatota;c__Themoplasmata_A;o__DTKX01;f__JAHFTX01;g__JAHFTX01;s__JAHFTX01 sp023265395	novel Archaea	novel family	sylph
GCA_023265395.1_genomic	sylph	phylum	Bray-Curtis distance	0.5	family	d__Archaea;p__Thermoplasmatota;c__Themoplasmata_A;o__DTKX01;f__JAHFTX01;g__JAHFTX01;s__JAHFTX01 sp023265395	novel Archaea	novel family	sylph
GCA_023265395.1_genomic	sylph	class	Bray-Curtis distance	0.5	family	d__Archaea;p__Thermoplasmatota;c__Themoplasmata_A;o__DTKX01;f__JAHFTX01;g__JAHFTX01;s__JAHFTX01 sp023265395	novel Archaea	novel family	sylph
GCA_023265395.1_genomic	sylph	order	Bray-Curtis distance	0.5	family	d__Archaea;p__Thermoplasmatota;c__Themoplasmata_A;o__DTKX01;f__JAHFTX01;g__JAHFTX01;s__JAHFTX01 sp023265395	novel Archaea	novel family	sylph
GCA_023265395.1_genomic	sylph	family	Bray-Curtis distance	0.5	family	d__Archaea;p__Thermoplasmatota;c__Themoplasmata_A;o__DTKX01;f__JAHFTX01;g__JAHFTX01;s__JAHFTX01 sp023265395	novel Archaea	novel family	sylph
GCA_023265395.1_genomic	sylph	genus	Bray-Curtis distance	0.5	family	d__Archaea;p__Thermoplasmatota;c__Themoplasmata_A;o__DTKX01;f__JAHFTX01;g__JAHFTX01;s__JAHFTX01 sp023265395	novel Archaea	novel family	sylph
GCA_023265395.1_genomic	sylph	species	Bray-Curtis distance	0.5	family	d__Archaea;p__Thermoplasmatota;c__Themoplasmata_A;o__DTKX01;f__JAHFTX01;g__JAHFTX01;s__JAHFTX01 sp023265395	novel Archaea	novel family	sylph
GCA_023265395.1_genomic	metaphlan	kingdom	Bray-Curtis distance	0.5	family	d__Archaea;p__Thermoplasmatota;c__Themoplasmata_A;o__DTKX01;f__JAHFTX01;g__JAHFTX01;s__JAHFTX01 sp023265395	novel Archaea	novel family	MetaPhlAn
GCA_023265395.1_genomic	metaphlan	phylum	Bray-Curtis distance	0.5	family	d__Archaea;p__Thermoplasmatota;c__Themoplasmata_A;o__DTKX01;f__JAHFTX01;g__JAHFTX01;s__JAHFTX01 sp023265395	novel Archaea	novel family	MetaPhlAn
GCA_023265395.1_genomic	metaphlan	class	Bray-Curtis distance	0.5	family	d__Archaea;p__Thermoplasmatota;c__Themoplasmata_A;o__DTKX01;f__JAHFTX01;g__JAHFTX01;s__JAHFTX01 sp023265395	novel Archaea	novel family	MetaPhlAn
GCA_023265395.1_genomic	metaphlan	order	Bray-Curtis distance	0.5	family	d__Archaea;p__Thermoplasmatota;c__Themoplasmata_A;o__DTKX01;f__JAHFTX01;g__JAHFTX01;s__JAHFTX01 sp023265395	novel Archaea	novel family	MetaPhlAn
GCA_023265395.1_genomic	metaphlan	family	Bray-Curtis distance	0.5	family	d__Archaea;p__Thermoplasmatota;c__Themoplasmata_A;o__DTKX01;f__JAHFTX01;g__JAHFTX01;s__JAHFTX01 sp023265395	novel Archaea	novel family	MetaPhlAn
GCA_023265395.1_genomic	metaphlan	genus	Bray-Curtis distance	0.5	family	d__Archaea;p__Thermoplasmatota;c__Themoplasmata_A;o__DTKX01;f__JAHFTX01;g__JAHFTX01;s__JAHFTX01 sp023265395	novel Archaea	novel family	MetaPhlAn
GCA_023265395.1_genomic	metaphlan	species	Bray-Curtis distance	0.5	family	d__Archaea;p__Thermoplasmatota;c__Themoplasmata_A;o__DTKX01;f__JAHFTX01;g__JAHFTX01;s__JAHFTX01 sp023265395	novel Archaea	novel family	MetaPhlAn
GCA_023265395.1_genomic	singlem	kingdom	Bray-Curtis distance	0.0417366946778711	family	d__Archaea;p__Thermoplasmatota;c__Themoplasmata_A;o__DTKX01;f__JAHFTX01;g__JAHFTX01;s__JAHFTX01 sp023265395	novel Archaea	novel family	SingleM
GCA_023265395.1_genomic	singlem	phylum	Bray-Curtis distance	0.0552763819095477	family	d__Archaea;p__Thermoplasmatota;c__Themoplasmata_A;o__DTKX01;f__JAHFTX01;g__JAHFTX01;s__JAHFTX01 sp023265395	novel Archaea	novel family	SingleM
GCA_023265395.1_genomic	singlem	class	Bray-Curtis distance	0.147611710323575	family	d__Archaea;p__Thermoplasmatota;c__Themoplasmata_A;o__DTKX01;f__JAHFTX01;g__JAHFTX01;s__JAHFTX01 sp023265395	novel Archaea	novel family	SingleM
GCA_023265395.1_genomic	singlem	order	Bray-Curtis distance	0.430362116991643	family	d__Archaea;p__Thermoplasmatota;c__Themoplasmata_A;o__DTKX01;f__JAHFTX01;g__JAHFTX01;s__JAHFTX01 sp023265395	novel Archaea	novel family	SingleM
GCA_023265395.1_genomic	singlem	family	Bray-Curtis distance	0.402919708029197	family	d__Archaea;p__Thermoplasmatota;c__Themoplasmata_A;o__DTKX01;f__JAHFTX01;g__JAHFTX01;s__JAHFTX01 sp023265395	novel Archaea	novel family	SingleM
GCA_023265395.1_genomic	singlem	genus	Bray-Curtis distance	0.388411214953271	family	d__Archaea;p__Thermoplasmatota;c__Themoplasmata_A;o__DTKX01;f__JAHFTX01;g__JAHFTX01;s__JAHFTX01 sp023265395	novel Archaea	novel family	SingleM
GCA_023265395.1_genomic	singlem	species	Bray-Curtis distance	0.371494429504418	family	d__Archaea;p__Thermoplasmatota;c__Themoplasmata_A;o__DTKX01;f__JAHFTX01;g__JAHFTX01;s__JAHFTX01 sp023265395	novel Archaea	novel family	SingleM
GCA_023265395.1_genomic	singlem-regime3	kingdom	Bray-Curtis distance	0.106972301814709	family	d__Archaea;p__Thermoplasmatota;c__Themoplasmata_A;o__DTKX01;f__JAHFTX01;g__JAHFTX01;s__JAHFTX01 sp023265395	novel Archaea	novel family	
GCA_023265395.1_genomic	singlem-regime3	phylum	Bray-Curtis distance	0.0827300930713547	family	d__Archaea;p__Thermoplasmatota;c__Themoplasmata_A;o__DTKX01;f__JAHFTX01;g__JAHFTX01;s__JAHFTX01 sp023265395	novel Archaea	novel family	
GCA_023265395.1_genomic	singlem-regime3	class	Bray-Curtis distance	0.172072567344695	family	d__Archaea;p__Thermoplasmatota;c__Themoplasmata_A;o__DTKX01;f__JAHFTX01;g__JAHFTX01;s__JAHFTX01 sp023265395	novel Archaea	novel family	
GCA_023265395.1_genomic	singlem-regime3	order	Bray-Curtis distance	0.515169366715758	family	d__Archaea;p__Thermoplasmatota;c__Themoplasmata_A;o__DTKX01;f__JAHFTX01;g__JAHFTX01;s__JAHFTX01 sp023265395	novel Archaea	novel family	
GCA_023265395.1_genomic	singlem-regime3	family	Bray-Curtis distance	0.487706193588547	family	d__Archaea;p__Thermoplasmatota;c__Themoplasmata_A;o__DTKX01;f__JAHFTX01;g__JAHFTX01;s__JAHFTX01 sp023265395	novel Archaea	novel family	
GCA_023265395.1_genomic	singlem-regime3	genus	Bray-Curtis distance	0.435721631813507	family	d__Archaea;p__Thermoplasmatota;c__Themoplasmata_A;o__DTKX01;f__JAHFTX01;g__JAHFTX01;s__JAHFTX01 sp023265395	novel Archaea	novel family	
GCA_023265395.1_genomic	singlem-regime3	species	Bray-Curtis distance	0.435721631813507	family	d__Archaea;p__Thermoplasmatota;c__Themoplasmata_A;o__DTKX01;f__JAHFTX01;g__JAHFTX01;s__JAHFTX01 sp023265395	novel Archaea	novel family	
GCA_023269235.1_genomic	sylph	kingdom	Bray-Curtis distance	0.5	family	d__Archaea;p__Thermoplasmatota;c__E2;o__JACPAO01;f__JAHFTW01;g__JAHFTW01;s__JAHFTW01 sp023269235	novel Archaea	novel family	sylph
GCA_023269235.1_genomic	sylph	phylum	Bray-Curtis distance	0.5	family	d__Archaea;p__Thermoplasmatota;c__E2;o__JACPAO01;f__JAHFTW01;g__JAHFTW01;s__JAHFTW01 sp023269235	novel Archaea	novel family	sylph
GCA_023269235.1_genomic	sylph	class	Bray-Curtis distance	0.5	family	d__Archaea;p__Thermoplasmatota;c__E2;o__JACPAO01;f__JAHFTW01;g__JAHFTW01;s__JAHFTW01 sp023269235	novel Archaea	novel family	sylph
GCA_023269235.1_genomic	sylph	order	Bray-Curtis distance	0.5	family	d__Archaea;p__Thermoplasmatota;c__E2;o__JACPAO01;f__JAHFTW01;g__JAHFTW01;s__JAHFTW01 sp023269235	novel Archaea	novel family	sylph
GCA_023269235.1_genomic	sylph	family	Bray-Curtis distance	0.5	family	d__Archaea;p__Thermoplasmatota;c__E2;o__JACPAO01;f__JAHFTW01;g__JAHFTW01;s__JAHFTW01 sp023269235	novel Archaea	novel family	sylph
GCA_023269235.1_genomic	sylph	genus	Bray-Curtis distance	0.5	family	d__Archaea;p__Thermoplasmatota;c__E2;o__JACPAO01;f__JAHFTW01;g__JAHFTW01;s__JAHFTW01 sp023269235	novel Archaea	novel family	sylph
GCA_023269235.1_genomic	sylph	species	Bray-Curtis distance	0.5	family	d__Archaea;p__Thermoplasmatota;c__E2;o__JACPAO01;f__JAHFTW01;g__JAHFTW01;s__JAHFTW01 sp023269235	novel Archaea	novel family	sylph
GCA_023269235.1_genomic	metaphlan	kingdom	Bray-Curtis distance	0.5	family	d__Archaea;p__Thermoplasmatota;c__E2;o__JACPAO01;f__JAHFTW01;g__JAHFTW01;s__JAHFTW01 sp023269235	novel Archaea	novel family	MetaPhlAn
GCA_023269235.1_genomic	metaphlan	phylum	Bray-Curtis distance	0.5	family	d__Archaea;p__Thermoplasmatota;c__E2;o__JACPAO01;f__JAHFTW01;g__JAHFTW01;s__JAHFTW01 sp023269235	novel Archaea	novel family	MetaPhlAn
GCA_023269235.1_genomic	metaphlan	class	Bray-Curtis distance	0.5	family	d__Archaea;p__Thermoplasmatota;c__E2;o__JACPAO01;f__JAHFTW01;g__JAHFTW01;s__JAHFTW01 sp023269235	novel Archaea	novel family	MetaPhlAn
GCA_023269235.1_genomic	metaphlan	order	Bray-Curtis distance	0.5	family	d__Archaea;p__Thermoplasmatota;c__E2;o__JACPAO01;f__JAHFTW01;g__JAHFTW01;s__JAHFTW01 sp023269235	novel Archaea	novel family	MetaPhlAn
GCA_023269235.1_genomic	metaphlan	family	Bray-Curtis distance	0.5	family	d__Archaea;p__Thermoplasmatota;c__E2;o__JACPAO01;f__JAHFTW01;g__JAHFTW01;s__JAHFTW01 sp023269235	novel Archaea	novel family	MetaPhlAn
GCA_023269235.1_genomic	metaphlan	genus	Bray-Curtis distance	0.5	family	d__Archaea;p__Thermoplasmatota;c__E2;o__JACPAO01;f__JAHFTW01;g__JAHFTW01;s__JAHFTW01 sp023269235	novel Archaea	novel family	MetaPhlAn
GCA_023269235.1_genomic	metaphlan	species	Bray-Curtis distance	0.5	family	d__Archaea;p__Thermoplasmatota;c__E2;o__JACPAO01;f__JAHFTW01;g__JAHFTW01;s__JAHFTW01 sp023269235	novel Archaea	novel family	MetaPhlAn
GCA_023269235.1_genomic	singlem	kingdom	Bray-Curtis distance	0.0192864030858245	family	d__Archaea;p__Thermoplasmatota;c__E2;o__JACPAO01;f__JAHFTW01;g__JAHFTW01;s__JAHFTW01 sp023269235	novel Archaea	novel family	SingleM
GCA_023269235.1_genomic	singlem	phylum	Bray-Curtis distance	0.0495951417004049	family	d__Archaea;p__Thermoplasmatota;c__E2;o__JACPAO01;f__JAHFTW01;g__JAHFTW01;s__JAHFTW01 sp023269235	novel Archaea	novel family	SingleM
GCA_023269235.1_genomic	singlem	class	Bray-Curtis distance	0.273469387755102	family	d__Archaea;p__Thermoplasmatota;c__E2;o__JACPAO01;f__JAHFTW01;g__JAHFTW01;s__JAHFTW01 sp023269235	novel Archaea	novel family	SingleM
GCA_023269235.1_genomic	singlem	order	Bray-Curtis distance	0.263872491145218	family	d__Archaea;p__Thermoplasmatota;c__E2;o__JACPAO01;f__JAHFTW01;g__JAHFTW01;s__JAHFTW01 sp023269235	novel Archaea	novel family	SingleM
GCA_023269235.1_genomic	singlem	family	Bray-Curtis distance	0.383426097711812	family	d__Archaea;p__Thermoplasmatota;c__E2;o__JACPAO01;f__JAHFTW01;g__JAHFTW01;s__JAHFTW01 sp023269235	novel Archaea	novel family	SingleM
GCA_023269235.1_genomic	singlem	genus	Bray-Curtis distance	0.383426097711812	family	d__Archaea;p__Thermoplasmatota;c__E2;o__JACPAO01;f__JAHFTW01;g__JAHFTW01;s__JAHFTW01 sp023269235	novel Archaea	novel family	SingleM
GCA_023269235.1_genomic	singlem	species	Bray-Curtis distance	0.35070009768805	family	d__Archaea;p__Thermoplasmatota;c__E2;o__JACPAO01;f__JAHFTW01;g__JAHFTW01;s__JAHFTW01 sp023269235	novel Archaea	novel family	SingleM
GCA_023269235.1_genomic	singlem-regime3	kingdom	Bray-Curtis distance	0.0638474295190714	family	d__Archaea;p__Thermoplasmatota;c__E2;o__JACPAO01;f__JAHFTW01;g__JAHFTW01;s__JAHFTW01 sp023269235	novel Archaea	novel family	
GCA_023269235.1_genomic	singlem-regime3	phylum	Bray-Curtis distance	0.175558999335842	family	d__Archaea;p__Thermoplasmatota;c__E2;o__JACPAO01;f__JAHFTW01;g__JAHFTW01;s__JAHFTW01 sp023269235	novel Archaea	novel family	
GCA_023269235.1_genomic	singlem-regime3	class	Bray-Curtis distance	0.343940102948058	family	d__Archaea;p__Thermoplasmatota;c__E2;o__JACPAO01;f__JAHFTW01;g__JAHFTW01;s__JAHFTW01 sp023269235	novel Archaea	novel family	
GCA_023269235.1_genomic	singlem-regime3	order	Bray-Curtis distance	0.388014220416455	family	d__Archaea;p__Thermoplasmatota;c__E2;o__JACPAO01;f__JAHFTW01;g__JAHFTW01;s__JAHFTW01 sp023269235	novel Archaea	novel family	
GCA_023269235.1_genomic	singlem-regime3	family	Bray-Curtis distance	0.427794397606745	family	d__Archaea;p__Thermoplasmatota;c__E2;o__JACPAO01;f__JAHFTW01;g__JAHFTW01;s__JAHFTW01 sp023269235	novel Archaea	novel family	
GCA_023269235.1_genomic	singlem-regime3	genus	Bray-Curtis distance	0.427794397606745	family	d__Archaea;p__Thermoplasmatota;c__E2;o__JACPAO01;f__JAHFTW01;g__JAHFTW01;s__JAHFTW01 sp023269235	novel Archaea	novel family	
GCA_023269235.1_genomic	singlem-regime3	species	Bray-Curtis distance	0.392609699769053	family	d__Archaea;p__Thermoplasmatota;c__E2;o__JACPAO01;f__JAHFTW01;g__JAHFTW01;s__JAHFTW01 sp023269235	novel Archaea	novel family	
GCA_023379385.1_genomic	sylph	kingdom	Bray-Curtis distance	0.5	family	d__Archaea;p__Thermoplasmatota;c__Thermoplasmata;o__UBA184;f__JAMCUS01;g__JAMCUS01;s__JAMCUS01 sp023379385	novel Archaea	novel family	sylph
GCA_023379385.1_genomic	sylph	phylum	Bray-Curtis distance	0.5	family	d__Archaea;p__Thermoplasmatota;c__Thermoplasmata;o__UBA184;f__JAMCUS01;g__JAMCUS01;s__JAMCUS01 sp023379385	novel Archaea	novel family	sylph
GCA_023379385.1_genomic	sylph	class	Bray-Curtis distance	0.5	family	d__Archaea;p__Thermoplasmatota;c__Thermoplasmata;o__UBA184;f__JAMCUS01;g__JAMCUS01;s__JAMCUS01 sp023379385	novel Archaea	novel family	sylph
GCA_023379385.1_genomic	sylph	order	Bray-Curtis distance	0.5	family	d__Archaea;p__Thermoplasmatota;c__Thermoplasmata;o__UBA184;f__JAMCUS01;g__JAMCUS01;s__JAMCUS01 sp023379385	novel Archaea	novel family	sylph
GCA_023379385.1_genomic	sylph	family	Bray-Curtis distance	0.5	family	d__Archaea;p__Thermoplasmatota;c__Thermoplasmata;o__UBA184;f__JAMCUS01;g__JAMCUS01;s__JAMCUS01 sp023379385	novel Archaea	novel family	sylph
GCA_023379385.1_genomic	sylph	genus	Bray-Curtis distance	0.5	family	d__Archaea;p__Thermoplasmatota;c__Thermoplasmata;o__UBA184;f__JAMCUS01;g__JAMCUS01;s__JAMCUS01 sp023379385	novel Archaea	novel family	sylph
GCA_023379385.1_genomic	sylph	species	Bray-Curtis distance	0.5	family	d__Archaea;p__Thermoplasmatota;c__Thermoplasmata;o__UBA184;f__JAMCUS01;g__JAMCUS01;s__JAMCUS01 sp023379385	novel Archaea	novel family	sylph
GCA_023379385.1_genomic	metaphlan	kingdom	Bray-Curtis distance	0.5	family	d__Archaea;p__Thermoplasmatota;c__Thermoplasmata;o__UBA184;f__JAMCUS01;g__JAMCUS01;s__JAMCUS01 sp023379385	novel Archaea	novel family	MetaPhlAn
GCA_023379385.1_genomic	metaphlan	phylum	Bray-Curtis distance	0.5	family	d__Archaea;p__Thermoplasmatota;c__Thermoplasmata;o__UBA184;f__JAMCUS01;g__JAMCUS01;s__JAMCUS01 sp023379385	novel Archaea	novel family	MetaPhlAn
GCA_023379385.1_genomic	metaphlan	class	Bray-Curtis distance	0.5	family	d__Archaea;p__Thermoplasmatota;c__Thermoplasmata;o__UBA184;f__JAMCUS01;g__JAMCUS01;s__JAMCUS01 sp023379385	novel Archaea	novel family	MetaPhlAn
GCA_023379385.1_genomic	metaphlan	order	Bray-Curtis distance	0.5	family	d__Archaea;p__Thermoplasmatota;c__Thermoplasmata;o__UBA184;f__JAMCUS01;g__JAMCUS01;s__JAMCUS01 sp023379385	novel Archaea	novel family	MetaPhlAn
GCA_023379385.1_genomic	metaphlan	family	Bray-Curtis distance	0.5	family	d__Archaea;p__Thermoplasmatota;c__Thermoplasmata;o__UBA184;f__JAMCUS01;g__JAMCUS01;s__JAMCUS01 sp023379385	novel Archaea	novel family	MetaPhlAn
GCA_023379385.1_genomic	metaphlan	genus	Bray-Curtis distance	0.5	family	d__Archaea;p__Thermoplasmatota;c__Thermoplasmata;o__UBA184;f__JAMCUS01;g__JAMCUS01;s__JAMCUS01 sp023379385	novel Archaea	novel family	MetaPhlAn
GCA_023379385.1_genomic	metaphlan	species	Bray-Curtis distance	0.5	family	d__Archaea;p__Thermoplasmatota;c__Thermoplasmata;o__UBA184;f__JAMCUS01;g__JAMCUS01;s__JAMCUS01 sp023379385	novel Archaea	novel family	MetaPhlAn
GCA_023379385.1_genomic	singlem	kingdom	Bray-Curtis distance	0.250811688311688	family	d__Archaea;p__Thermoplasmatota;c__Thermoplasmata;o__UBA184;f__JAMCUS01;g__JAMCUS01;s__JAMCUS01 sp023379385	novel Archaea	novel family	SingleM
GCA_023379385.1_genomic	singlem	phylum	Bray-Curtis distance	0.149350649350649	family	d__Archaea;p__Thermoplasmatota;c__Thermoplasmata;o__UBA184;f__JAMCUS01;g__JAMCUS01;s__JAMCUS01 sp023379385	novel Archaea	novel family	SingleM
GCA_023379385.1_genomic	singlem	class	Bray-Curtis distance	0.172216936251189	family	d__Archaea;p__Thermoplasmatota;c__Thermoplasmata;o__UBA184;f__JAMCUS01;g__JAMCUS01;s__JAMCUS01 sp023379385	novel Archaea	novel family	SingleM
GCA_023379385.1_genomic	singlem	order	Bray-Curtis distance	0.515930687534936	family	d__Archaea;p__Thermoplasmatota;c__Thermoplasmata;o__UBA184;f__JAMCUS01;g__JAMCUS01;s__JAMCUS01 sp023379385	novel Archaea	novel family	SingleM
GCA_023379385.1_genomic	singlem	family	Bray-Curtis distance	0.636473429951691	family	d__Archaea;p__Thermoplasmatota;c__Thermoplasmata;o__UBA184;f__JAMCUS01;g__JAMCUS01;s__JAMCUS01 sp023379385	novel Archaea	novel family	SingleM
GCA_023379385.1_genomic	singlem	genus	Bray-Curtis distance	0.620667926906112	family	d__Archaea;p__Thermoplasmatota;c__Thermoplasmata;o__UBA184;f__JAMCUS01;g__JAMCUS01;s__JAMCUS01 sp023379385	novel Archaea	novel family	SingleM
GCA_023379385.1_genomic	singlem	species	Bray-Curtis distance	0.607305936073059	family	d__Archaea;p__Thermoplasmatota;c__Thermoplasmata;o__UBA184;f__JAMCUS01;g__JAMCUS01;s__JAMCUS01 sp023379385	novel Archaea	novel family	SingleM
GCA_023379385.1_genomic	singlem-regime3	kingdom	Bray-Curtis distance	0.0886850152905198	family	d__Archaea;p__Thermoplasmatota;c__Thermoplasmata;o__UBA184;f__JAMCUS01;g__JAMCUS01;s__JAMCUS01 sp023379385	novel Archaea	novel family	
GCA_023379385.1_genomic	singlem-regime3	phylum	Bray-Curtis distance	0.15964961853631	family	d__Archaea;p__Thermoplasmatota;c__Thermoplasmata;o__UBA184;f__JAMCUS01;g__JAMCUS01;s__JAMCUS01 sp023379385	novel Archaea	novel family	
GCA_023379385.1_genomic	singlem-regime3	class	Bray-Curtis distance	0.1377210785735	family	d__Archaea;p__Thermoplasmatota;c__Thermoplasmata;o__UBA184;f__JAMCUS01;g__JAMCUS01;s__JAMCUS01 sp023379385	novel Archaea	novel family	
GCA_023379385.1_genomic	singlem-regime3	order	Bray-Curtis distance	0.415248897290485	family	d__Archaea;p__Thermoplasmatota;c__Thermoplasmata;o__UBA184;f__JAMCUS01;g__JAMCUS01;s__JAMCUS01 sp023379385	novel Archaea	novel family	
GCA_023379385.1_genomic	singlem-regime3	family	Bray-Curtis distance	0.426846590909091	family	d__Archaea;p__Thermoplasmatota;c__Thermoplasmata;o__UBA184;f__JAMCUS01;g__JAMCUS01;s__JAMCUS01 sp023379385	novel Archaea	novel family	
GCA_023379385.1_genomic	singlem-regime3	genus	Bray-Curtis distance	0.426846590909091	family	d__Archaea;p__Thermoplasmatota;c__Thermoplasmata;o__UBA184;f__JAMCUS01;g__JAMCUS01;s__JAMCUS01 sp023379385	novel Archaea	novel family	
GCA_023379385.1_genomic	singlem-regime3	species	Bray-Curtis distance	0.417118093174431	family	d__Archaea;p__Thermoplasmatota;c__Thermoplasmata;o__UBA184;f__JAMCUS01;g__JAMCUS01;s__JAMCUS01 sp023379385	novel Archaea	novel family	
GCA_023379805.1_genomic	sylph	kingdom	Bray-Curtis distance	0.5	species	d__Archaea;p__Thermoproteota;c__Nitrososphaeria;o__Nitrososphaerales;f__JACPRH01;g__JACPRH01;s__JACPRH01 sp023379805	novel Archaea	novel species	sylph
GCA_023379805.1_genomic	sylph	phylum	Bray-Curtis distance	0.5	species	d__Archaea;p__Thermoproteota;c__Nitrososphaeria;o__Nitrososphaerales;f__JACPRH01;g__JACPRH01;s__JACPRH01 sp023379805	novel Archaea	novel species	sylph
GCA_023379805.1_genomic	sylph	class	Bray-Curtis distance	0.5	species	d__Archaea;p__Thermoproteota;c__Nitrososphaeria;o__Nitrososphaerales;f__JACPRH01;g__JACPRH01;s__JACPRH01 sp023379805	novel Archaea	novel species	sylph
GCA_023379805.1_genomic	sylph	order	Bray-Curtis distance	0.5	species	d__Archaea;p__Thermoproteota;c__Nitrososphaeria;o__Nitrososphaerales;f__JACPRH01;g__JACPRH01;s__JACPRH01 sp023379805	novel Archaea	novel species	sylph
GCA_023379805.1_genomic	sylph	family	Bray-Curtis distance	0.5	species	d__Archaea;p__Thermoproteota;c__Nitrososphaeria;o__Nitrososphaerales;f__JACPRH01;g__JACPRH01;s__JACPRH01 sp023379805	novel Archaea	novel species	sylph
GCA_023379805.1_genomic	sylph	genus	Bray-Curtis distance	0.5	species	d__Archaea;p__Thermoproteota;c__Nitrososphaeria;o__Nitrososphaerales;f__JACPRH01;g__JACPRH01;s__JACPRH01 sp023379805	novel Archaea	novel species	sylph
GCA_023379805.1_genomic	sylph	species	Bray-Curtis distance	0.5	species	d__Archaea;p__Thermoproteota;c__Nitrososphaeria;o__Nitrososphaerales;f__JACPRH01;g__JACPRH01;s__JACPRH01 sp023379805	novel Archaea	novel species	sylph
GCA_023379805.1_genomic	metaphlan	kingdom	Bray-Curtis distance	0.5	species	d__Archaea;p__Thermoproteota;c__Nitrososphaeria;o__Nitrososphaerales;f__JACPRH01;g__JACPRH01;s__JACPRH01 sp023379805	novel Archaea	novel species	MetaPhlAn
GCA_023379805.1_genomic	metaphlan	phylum	Bray-Curtis distance	0.5	species	d__Archaea;p__Thermoproteota;c__Nitrososphaeria;o__Nitrososphaerales;f__JACPRH01;g__JACPRH01;s__JACPRH01 sp023379805	novel Archaea	novel species	MetaPhlAn
GCA_023379805.1_genomic	metaphlan	class	Bray-Curtis distance	0.5	species	d__Archaea;p__Thermoproteota;c__Nitrososphaeria;o__Nitrososphaerales;f__JACPRH01;g__JACPRH01;s__JACPRH01 sp023379805	novel Archaea	novel species	MetaPhlAn
GCA_023379805.1_genomic	metaphlan	order	Bray-Curtis distance	0.5	species	d__Archaea;p__Thermoproteota;c__Nitrososphaeria;o__Nitrososphaerales;f__JACPRH01;g__JACPRH01;s__JACPRH01 sp023379805	novel Archaea	novel species	MetaPhlAn
GCA_023379805.1_genomic	metaphlan	family	Bray-Curtis distance	0.5	species	d__Archaea;p__Thermoproteota;c__Nitrososphaeria;o__Nitrososphaerales;f__JACPRH01;g__JACPRH01;s__JACPRH01 sp023379805	novel Archaea	novel species	MetaPhlAn
GCA_023379805.1_genomic	metaphlan	genus	Bray-Curtis distance	0.5	species	d__Archaea;p__Thermoproteota;c__Nitrososphaeria;o__Nitrososphaerales;f__JACPRH01;g__JACPRH01;s__JACPRH01 sp023379805	novel Archaea	novel species	MetaPhlAn
GCA_023379805.1_genomic	metaphlan	species	Bray-Curtis distance	0.5	species	d__Archaea;p__Thermoproteota;c__Nitrososphaeria;o__Nitrososphaerales;f__JACPRH01;g__JACPRH01;s__JACPRH01 sp023379805	novel Archaea	novel species	MetaPhlAn
GCA_023379805.1_genomic	singlem	kingdom	Bray-Curtis distance	0.19811320754717	species	d__Archaea;p__Thermoproteota;c__Nitrososphaeria;o__Nitrososphaerales;f__JACPRH01;g__JACPRH01;s__JACPRH01 sp023379805	novel Archaea	novel species	SingleM
GCA_023379805.1_genomic	singlem	phylum	Bray-Curtis distance	0.201335207308503	species	d__Archaea;p__Thermoproteota;c__Nitrososphaeria;o__Nitrososphaerales;f__JACPRH01;g__JACPRH01;s__JACPRH01 sp023379805	novel Archaea	novel species	SingleM
GCA_023379805.1_genomic	singlem	class	Bray-Curtis distance	0.199929602252728	species	d__Archaea;p__Thermoproteota;c__Nitrososphaeria;o__Nitrososphaerales;f__JACPRH01;g__JACPRH01;s__JACPRH01 sp023379805	novel Archaea	novel species	SingleM
GCA_023379805.1_genomic	singlem	order	Bray-Curtis distance	0.199929602252728	species	d__Archaea;p__Thermoproteota;c__Nitrososphaeria;o__Nitrososphaerales;f__JACPRH01;g__JACPRH01;s__JACPRH01 sp023379805	novel Archaea	novel species	SingleM
GCA_023379805.1_genomic	singlem	family	Bray-Curtis distance	0.199929602252728	species	d__Archaea;p__Thermoproteota;c__Nitrososphaeria;o__Nitrososphaerales;f__JACPRH01;g__JACPRH01;s__JACPRH01 sp023379805	novel Archaea	novel species	SingleM
GCA_023379805.1_genomic	singlem	genus	Bray-Curtis distance	0.199929602252728	species	d__Archaea;p__Thermoproteota;c__Nitrososphaeria;o__Nitrososphaerales;f__JACPRH01;g__JACPRH01;s__JACPRH01 sp023379805	novel Archaea	novel species	SingleM
GCA_023379805.1_genomic	singlem	species	Bray-Curtis distance	0.586444007858546	species	d__Archaea;p__Thermoproteota;c__Nitrososphaeria;o__Nitrososphaerales;f__JACPRH01;g__JACPRH01;s__JACPRH01 sp023379805	novel Archaea	novel species	SingleM
GCA_023379805.1_genomic	singlem-regime3	kingdom	Bray-Curtis distance	0.0230680507497116	species	d__Archaea;p__Thermoproteota;c__Nitrososphaeria;o__Nitrososphaerales;f__JACPRH01;g__JACPRH01;s__JACPRH01 sp023379805	novel Archaea	novel species	
GCA_023379805.1_genomic	singlem-regime3	phylum	Bray-Curtis distance	0.0230680507497116	species	d__Archaea;p__Thermoproteota;c__Nitrososphaeria;o__Nitrososphaerales;f__JACPRH01;g__JACPRH01;s__JACPRH01 sp023379805	novel Archaea	novel species	
GCA_023379805.1_genomic	singlem-regime3	class	Bray-Curtis distance	0.0230680507497116	species	d__Archaea;p__Thermoproteota;c__Nitrososphaeria;o__Nitrososphaerales;f__JACPRH01;g__JACPRH01;s__JACPRH01 sp023379805	novel Archaea	novel species	
GCA_023379805.1_genomic	singlem-regime3	order	Bray-Curtis distance	0.0230680507497116	species	d__Archaea;p__Thermoproteota;c__Nitrososphaeria;o__Nitrososphaerales;f__JACPRH01;g__JACPRH01;s__JACPRH01 sp023379805	novel Archaea	novel species	
GCA_023379805.1_genomic	singlem-regime3	family	Bray-Curtis distance	0.0230680507497116	species	d__Archaea;p__Thermoproteota;c__Nitrososphaeria;o__Nitrososphaerales;f__JACPRH01;g__JACPRH01;s__JACPRH01 sp023379805	novel Archaea	novel species	
GCA_023379805.1_genomic	singlem-regime3	genus	Bray-Curtis distance	0.0230680507497116	species	d__Archaea;p__Thermoproteota;c__Nitrososphaeria;o__Nitrososphaerales;f__JACPRH01;g__JACPRH01;s__JACPRH01 sp023379805	novel Archaea	novel species	
GCA_023379805.1_genomic	singlem-regime3	species	Bray-Curtis distance	0.365310821181888	species	d__Archaea;p__Thermoproteota;c__Nitrososphaeria;o__Nitrososphaerales;f__JACPRH01;g__JACPRH01;s__JACPRH01 sp023379805	novel Archaea	novel species	
GCA_023381995.1_genomic	sylph	kingdom	Bray-Curtis distance	0.5	phylum	d__Bacteria;p__JAMCPX01;c__JAMCPX01;o__JAMCPX01;f__JAMCPX01;g__JAMCVD01;s__JAMCVD01 sp023381995	novel Bacteria	novel phylum	sylph
GCA_023381995.1_genomic	sylph	phylum	Bray-Curtis distance	0.5	phylum	d__Bacteria;p__JAMCPX01;c__JAMCPX01;o__JAMCPX01;f__JAMCPX01;g__JAMCVD01;s__JAMCVD01 sp023381995	novel Bacteria	novel phylum	sylph
GCA_023381995.1_genomic	sylph	class	Bray-Curtis distance	0.5	phylum	d__Bacteria;p__JAMCPX01;c__JAMCPX01;o__JAMCPX01;f__JAMCPX01;g__JAMCVD01;s__JAMCVD01 sp023381995	novel Bacteria	novel phylum	sylph
GCA_023381995.1_genomic	sylph	order	Bray-Curtis distance	0.5	phylum	d__Bacteria;p__JAMCPX01;c__JAMCPX01;o__JAMCPX01;f__JAMCPX01;g__JAMCVD01;s__JAMCVD01 sp023381995	novel Bacteria	novel phylum	sylph
GCA_023381995.1_genomic	sylph	family	Bray-Curtis distance	0.5	phylum	d__Bacteria;p__JAMCPX01;c__JAMCPX01;o__JAMCPX01;f__JAMCPX01;g__JAMCVD01;s__JAMCVD01 sp023381995	novel Bacteria	novel phylum	sylph
GCA_023381995.1_genomic	sylph	genus	Bray-Curtis distance	0.5	phylum	d__Bacteria;p__JAMCPX01;c__JAMCPX01;o__JAMCPX01;f__JAMCPX01;g__JAMCVD01;s__JAMCVD01 sp023381995	novel Bacteria	novel phylum	sylph
GCA_023381995.1_genomic	sylph	species	Bray-Curtis distance	0.5	phylum	d__Bacteria;p__JAMCPX01;c__JAMCPX01;o__JAMCPX01;f__JAMCPX01;g__JAMCVD01;s__JAMCVD01 sp023381995	novel Bacteria	novel phylum	sylph
GCA_023381995.1_genomic	metaphlan	kingdom	Bray-Curtis distance	0.5	phylum	d__Bacteria;p__JAMCPX01;c__JAMCPX01;o__JAMCPX01;f__JAMCPX01;g__JAMCVD01;s__JAMCVD01 sp023381995	novel Bacteria	novel phylum	MetaPhlAn
GCA_023381995.1_genomic	metaphlan	phylum	Bray-Curtis distance	0.5	phylum	d__Bacteria;p__JAMCPX01;c__JAMCPX01;o__JAMCPX01;f__JAMCPX01;g__JAMCVD01;s__JAMCVD01 sp023381995	novel Bacteria	novel phylum	MetaPhlAn
GCA_023381995.1_genomic	metaphlan	class	Bray-Curtis distance	0.5	phylum	d__Bacteria;p__JAMCPX01;c__JAMCPX01;o__JAMCPX01;f__JAMCPX01;g__JAMCVD01;s__JAMCVD01 sp023381995	novel Bacteria	novel phylum	MetaPhlAn
GCA_023381995.1_genomic	metaphlan	order	Bray-Curtis distance	0.5	phylum	d__Bacteria;p__JAMCPX01;c__JAMCPX01;o__JAMCPX01;f__JAMCPX01;g__JAMCVD01;s__JAMCVD01 sp023381995	novel Bacteria	novel phylum	MetaPhlAn
GCA_023381995.1_genomic	metaphlan	family	Bray-Curtis distance	0.5	phylum	d__Bacteria;p__JAMCPX01;c__JAMCPX01;o__JAMCPX01;f__JAMCPX01;g__JAMCVD01;s__JAMCVD01 sp023381995	novel Bacteria	novel phylum	MetaPhlAn
GCA_023381995.1_genomic	metaphlan	genus	Bray-Curtis distance	0.5	phylum	d__Bacteria;p__JAMCPX01;c__JAMCPX01;o__JAMCPX01;f__JAMCPX01;g__JAMCVD01;s__JAMCVD01 sp023381995	novel Bacteria	novel phylum	MetaPhlAn
GCA_023381995.1_genomic	metaphlan	species	Bray-Curtis distance	1	phylum	d__Bacteria;p__JAMCPX01;c__JAMCPX01;o__JAMCPX01;f__JAMCPX01;g__JAMCVD01;s__JAMCVD01 sp023381995	novel Bacteria	novel phylum	MetaPhlAn
GCA_023381995.1_genomic	singlem	kingdom	Bray-Curtis distance	0.0309917355371901	phylum	d__Bacteria;p__JAMCPX01;c__JAMCPX01;o__JAMCPX01;f__JAMCPX01;g__JAMCVD01;s__JAMCVD01 sp023381995	novel Bacteria	novel phylum	SingleM
GCA_023381995.1_genomic	singlem	phylum	Bray-Curtis distance	0.395755305867666	phylum	d__Bacteria;p__JAMCPX01;c__JAMCPX01;o__JAMCPX01;f__JAMCPX01;g__JAMCVD01;s__JAMCVD01 sp023381995	novel Bacteria	novel phylum	SingleM
GCA_023381995.1_genomic	singlem	class	Bray-Curtis distance	0.355954757152362	phylum	d__Bacteria;p__JAMCPX01;c__JAMCPX01;o__JAMCPX01;f__JAMCPX01;g__JAMCVD01;s__JAMCVD01 sp023381995	novel Bacteria	novel phylum	SingleM
GCA_023381995.1_genomic	singlem	order	Bray-Curtis distance	0.341496598639456	phylum	d__Bacteria;p__JAMCPX01;c__JAMCPX01;o__JAMCPX01;f__JAMCPX01;g__JAMCVD01;s__JAMCVD01 sp023381995	novel Bacteria	novel phylum	SingleM
GCA_023381995.1_genomic	singlem	family	Bray-Curtis distance	0.341496598639456	phylum	d__Bacteria;p__JAMCPX01;c__JAMCPX01;o__JAMCPX01;f__JAMCPX01;g__JAMCVD01;s__JAMCVD01 sp023381995	novel Bacteria	novel phylum	SingleM
GCA_023381995.1_genomic	singlem	genus	Bray-Curtis distance	0.341496598639456	phylum	d__Bacteria;p__JAMCPX01;c__JAMCPX01;o__JAMCPX01;f__JAMCPX01;g__JAMCVD01;s__JAMCVD01 sp023381995	novel Bacteria	novel phylum	SingleM
GCA_023381995.1_genomic	singlem	species	Bray-Curtis distance	0.341496598639456	phylum	d__Bacteria;p__JAMCPX01;c__JAMCPX01;o__JAMCPX01;f__JAMCPX01;g__JAMCVD01;s__JAMCVD01 sp023381995	novel Bacteria	novel phylum	SingleM
GCA_023381995.1_genomic	singlem-regime3	kingdom	Bray-Curtis distance	0.0676240208877285	phylum	d__Bacteria;p__JAMCPX01;c__JAMCPX01;o__JAMCPX01;f__JAMCPX01;g__JAMCVD01;s__JAMCVD01 sp023381995	novel Bacteria	novel phylum	
GCA_023381995.1_genomic	singlem-regime3	phylum	Bray-Curtis distance	0.39225642653126	phylum	d__Bacteria;p__JAMCPX01;c__JAMCPX01;o__JAMCPX01;f__JAMCPX01;g__JAMCVD01;s__JAMCVD01 sp023381995	novel Bacteria	novel phylum	
GCA_023381995.1_genomic	singlem-regime3	class	Bray-Curtis distance	0.35391363022942	phylum	d__Bacteria;p__JAMCPX01;c__JAMCPX01;o__JAMCPX01;f__JAMCPX01;g__JAMCVD01;s__JAMCVD01 sp023381995	novel Bacteria	novel phylum	
GCA_023381995.1_genomic	singlem-regime3	order	Bray-Curtis distance	0.35391363022942	phylum	d__Bacteria;p__JAMCPX01;c__JAMCPX01;o__JAMCPX01;f__JAMCPX01;g__JAMCVD01;s__JAMCVD01 sp023381995	novel Bacteria	novel phylum	
GCA_023381995.1_genomic	singlem-regime3	family	Bray-Curtis distance	0.35391363022942	phylum	d__Bacteria;p__JAMCPX01;c__JAMCPX01;o__JAMCPX01;f__JAMCPX01;g__JAMCVD01;s__JAMCVD01 sp023381995	novel Bacteria	novel phylum	
GCA_023381995.1_genomic	singlem-regime3	genus	Bray-Curtis distance	0.35391363022942	phylum	d__Bacteria;p__JAMCPX01;c__JAMCPX01;o__JAMCPX01;f__JAMCPX01;g__JAMCVD01;s__JAMCVD01 sp023381995	novel Bacteria	novel phylum	
GCA_023381995.1_genomic	singlem-regime3	species	Bray-Curtis distance	0.35391363022942	phylum	d__Bacteria;p__JAMCPX01;c__JAMCPX01;o__JAMCPX01;f__JAMCPX01;g__JAMCVD01;s__JAMCVD01 sp023381995	novel Bacteria	novel phylum	
GCA_023382265.1_genomic	sylph	kingdom	Bray-Curtis distance	0.5	phylum	d__Bacteria;p__JAMCPX01;c__JAMCPX01;o__JAMCPX01;f__JAMCPX01;g__JAMCPX01;s__JAMCPX01 sp023382265	novel Bacteria	novel phylum	sylph
GCA_023382265.1_genomic	sylph	phylum	Bray-Curtis distance	0.5	phylum	d__Bacteria;p__JAMCPX01;c__JAMCPX01;o__JAMCPX01;f__JAMCPX01;g__JAMCPX01;s__JAMCPX01 sp023382265	novel Bacteria	novel phylum	sylph
GCA_023382265.1_genomic	sylph	class	Bray-Curtis distance	0.5	phylum	d__Bacteria;p__JAMCPX01;c__JAMCPX01;o__JAMCPX01;f__JAMCPX01;g__JAMCPX01;s__JAMCPX01 sp023382265	novel Bacteria	novel phylum	sylph
GCA_023382265.1_genomic	sylph	order	Bray-Curtis distance	0.5	phylum	d__Bacteria;p__JAMCPX01;c__JAMCPX01;o__JAMCPX01;f__JAMCPX01;g__JAMCPX01;s__JAMCPX01 sp023382265	novel Bacteria	novel phylum	sylph
GCA_023382265.1_genomic	sylph	family	Bray-Curtis distance	0.5	phylum	d__Bacteria;p__JAMCPX01;c__JAMCPX01;o__JAMCPX01;f__JAMCPX01;g__JAMCPX01;s__JAMCPX01 sp023382265	novel Bacteria	novel phylum	sylph
GCA_023382265.1_genomic	sylph	genus	Bray-Curtis distance	0.5	phylum	d__Bacteria;p__JAMCPX01;c__JAMCPX01;o__JAMCPX01;f__JAMCPX01;g__JAMCPX01;s__JAMCPX01 sp023382265	novel Bacteria	novel phylum	sylph
GCA_023382265.1_genomic	sylph	species	Bray-Curtis distance	0.5	phylum	d__Bacteria;p__JAMCPX01;c__JAMCPX01;o__JAMCPX01;f__JAMCPX01;g__JAMCPX01;s__JAMCPX01 sp023382265	novel Bacteria	novel phylum	sylph
GCA_023382265.1_genomic	metaphlan	kingdom	Bray-Curtis distance	0.5	phylum	d__Bacteria;p__JAMCPX01;c__JAMCPX01;o__JAMCPX01;f__JAMCPX01;g__JAMCPX01;s__JAMCPX01 sp023382265	novel Bacteria	novel phylum	MetaPhlAn
GCA_023382265.1_genomic	metaphlan	phylum	Bray-Curtis distance	0.5	phylum	d__Bacteria;p__JAMCPX01;c__JAMCPX01;o__JAMCPX01;f__JAMCPX01;g__JAMCPX01;s__JAMCPX01 sp023382265	novel Bacteria	novel phylum	MetaPhlAn
GCA_023382265.1_genomic	metaphlan	class	Bray-Curtis distance	0.5	phylum	d__Bacteria;p__JAMCPX01;c__JAMCPX01;o__JAMCPX01;f__JAMCPX01;g__JAMCPX01;s__JAMCPX01 sp023382265	novel Bacteria	novel phylum	MetaPhlAn
GCA_023382265.1_genomic	metaphlan	order	Bray-Curtis distance	0.5	phylum	d__Bacteria;p__JAMCPX01;c__JAMCPX01;o__JAMCPX01;f__JAMCPX01;g__JAMCPX01;s__JAMCPX01 sp023382265	novel Bacteria	novel phylum	MetaPhlAn
GCA_023382265.1_genomic	metaphlan	family	Bray-Curtis distance	0.5	phylum	d__Bacteria;p__JAMCPX01;c__JAMCPX01;o__JAMCPX01;f__JAMCPX01;g__JAMCPX01;s__JAMCPX01 sp023382265	novel Bacteria	novel phylum	MetaPhlAn
GCA_023382265.1_genomic	metaphlan	genus	Bray-Curtis distance	0.5	phylum	d__Bacteria;p__JAMCPX01;c__JAMCPX01;o__JAMCPX01;f__JAMCPX01;g__JAMCPX01;s__JAMCPX01 sp023382265	novel Bacteria	novel phylum	MetaPhlAn
GCA_023382265.1_genomic	metaphlan	species	Bray-Curtis distance	0.5	phylum	d__Bacteria;p__JAMCPX01;c__JAMCPX01;o__JAMCPX01;f__JAMCPX01;g__JAMCPX01;s__JAMCPX01 sp023382265	novel Bacteria	novel phylum	MetaPhlAn
GCA_023382265.1_genomic	singlem	kingdom	Bray-Curtis distance	0.0321324245374879	phylum	d__Bacteria;p__JAMCPX01;c__JAMCPX01;o__JAMCPX01;f__JAMCPX01;g__JAMCPX01;s__JAMCPX01 sp023382265	novel Bacteria	novel phylum	SingleM
GCA_023382265.1_genomic	singlem	phylum	Bray-Curtis distance	0.363889749148343	phylum	d__Bacteria;p__JAMCPX01;c__JAMCPX01;o__JAMCPX01;f__JAMCPX01;g__JAMCPX01;s__JAMCPX01 sp023382265	novel Bacteria	novel phylum	SingleM
GCA_023382265.1_genomic	singlem	class	Bray-Curtis distance	0.338059941991621	phylum	d__Bacteria;p__JAMCPX01;c__JAMCPX01;o__JAMCPX01;f__JAMCPX01;g__JAMCPX01;s__JAMCPX01 sp023382265	novel Bacteria	novel phylum	SingleM
GCA_023382265.1_genomic	singlem	order	Bray-Curtis distance	0.338059941991621	phylum	d__Bacteria;p__JAMCPX01;c__JAMCPX01;o__JAMCPX01;f__JAMCPX01;g__JAMCPX01;s__JAMCPX01 sp023382265	novel Bacteria	novel phylum	SingleM
GCA_023382265.1_genomic	singlem	family	Bray-Curtis distance	0.335919818946007	phylum	d__Bacteria;p__JAMCPX01;c__JAMCPX01;o__JAMCPX01;f__JAMCPX01;g__JAMCPX01;s__JAMCPX01 sp023382265	novel Bacteria	novel phylum	SingleM
GCA_023382265.1_genomic	singlem	genus	Bray-Curtis distance	0.335919818946007	phylum	d__Bacteria;p__JAMCPX01;c__JAMCPX01;o__JAMCPX01;f__JAMCPX01;g__JAMCPX01;s__JAMCPX01 sp023382265	novel Bacteria	novel phylum	SingleM
GCA_023382265.1_genomic	singlem	species	Bray-Curtis distance	0.335919818946007	phylum	d__Bacteria;p__JAMCPX01;c__JAMCPX01;o__JAMCPX01;f__JAMCPX01;g__JAMCPX01;s__JAMCPX01 sp023382265	novel Bacteria	novel phylum	SingleM
GCA_023382265.1_genomic	singlem-regime3	kingdom	Bray-Curtis distance	0.00377002827521206	phylum	d__Bacteria;p__JAMCPX01;c__JAMCPX01;o__JAMCPX01;f__JAMCPX01;g__JAMCPX01;s__JAMCPX01 sp023382265	novel Bacteria	novel phylum	
GCA_023382265.1_genomic	singlem-regime3	phylum	Bray-Curtis distance	0.402085094392787	phylum	d__Bacteria;p__JAMCPX01;c__JAMCPX01;o__JAMCPX01;f__JAMCPX01;g__JAMCPX01;s__JAMCPX01 sp023382265	novel Bacteria	novel phylum	
GCA_023382265.1_genomic	singlem-regime3	class	Bray-Curtis distance	0.345465761875386	phylum	d__Bacteria;p__JAMCPX01;c__JAMCPX01;o__JAMCPX01;f__JAMCPX01;g__JAMCPX01;s__JAMCPX01 sp023382265	novel Bacteria	novel phylum	
GCA_023382265.1_genomic	singlem-regime3	order	Bray-Curtis distance	0.345465761875386	phylum	d__Bacteria;p__JAMCPX01;c__JAMCPX01;o__JAMCPX01;f__JAMCPX01;g__JAMCPX01;s__JAMCPX01 sp023382265	novel Bacteria	novel phylum	
GCA_023382265.1_genomic	singlem-regime3	family	Bray-Curtis distance	0.335004700720777	phylum	d__Bacteria;p__JAMCPX01;c__JAMCPX01;o__JAMCPX01;f__JAMCPX01;g__JAMCPX01;s__JAMCPX01 sp023382265	novel Bacteria	novel phylum	
GCA_023382265.1_genomic	singlem-regime3	genus	Bray-Curtis distance	0.335004700720777	phylum	d__Bacteria;p__JAMCPX01;c__JAMCPX01;o__JAMCPX01;f__JAMCPX01;g__JAMCPX01;s__JAMCPX01 sp023382265	novel Bacteria	novel phylum	
GCA_023382265.1_genomic	singlem-regime3	species	Bray-Curtis distance	0.368590777168655	phylum	d__Bacteria;p__JAMCPX01;c__JAMCPX01;o__JAMCPX01;f__JAMCPX01;g__JAMCPX01;s__JAMCPX01 sp023382265	novel Bacteria	novel phylum	
GCA_023386555.1_genomic	sylph	kingdom	Bray-Curtis distance	0.5	genus	d__Bacteria;p__Bacteroidota;c__Bacteroidia;o__Chitinophagales;f__Chitinophagaceae;g__JAEZDC01;s__JAEZDC01 sp023386555	novel Bacteria	novel genus	sylph
GCA_023386555.1_genomic	sylph	phylum	Bray-Curtis distance	0.5	genus	d__Bacteria;p__Bacteroidota;c__Bacteroidia;o__Chitinophagales;f__Chitinophagaceae;g__JAEZDC01;s__JAEZDC01 sp023386555	novel Bacteria	novel genus	sylph
GCA_023386555.1_genomic	sylph	class	Bray-Curtis distance	0.5	genus	d__Bacteria;p__Bacteroidota;c__Bacteroidia;o__Chitinophagales;f__Chitinophagaceae;g__JAEZDC01;s__JAEZDC01 sp023386555	novel Bacteria	novel genus	sylph
GCA_023386555.1_genomic	sylph	order	Bray-Curtis distance	0.5	genus	d__Bacteria;p__Bacteroidota;c__Bacteroidia;o__Chitinophagales;f__Chitinophagaceae;g__JAEZDC01;s__JAEZDC01 sp023386555	novel Bacteria	novel genus	sylph
GCA_023386555.1_genomic	sylph	family	Bray-Curtis distance	0.5	genus	d__Bacteria;p__Bacteroidota;c__Bacteroidia;o__Chitinophagales;f__Chitinophagaceae;g__JAEZDC01;s__JAEZDC01 sp023386555	novel Bacteria	novel genus	sylph
GCA_023386555.1_genomic	sylph	genus	Bray-Curtis distance	0.5	genus	d__Bacteria;p__Bacteroidota;c__Bacteroidia;o__Chitinophagales;f__Chitinophagaceae;g__JAEZDC01;s__JAEZDC01 sp023386555	novel Bacteria	novel genus	sylph
GCA_023386555.1_genomic	sylph	species	Bray-Curtis distance	0.5	genus	d__Bacteria;p__Bacteroidota;c__Bacteroidia;o__Chitinophagales;f__Chitinophagaceae;g__JAEZDC01;s__JAEZDC01 sp023386555	novel Bacteria	novel genus	sylph
GCA_023386555.1_genomic	metaphlan	kingdom	Bray-Curtis distance	0.5	genus	d__Bacteria;p__Bacteroidota;c__Bacteroidia;o__Chitinophagales;f__Chitinophagaceae;g__JAEZDC01;s__JAEZDC01 sp023386555	novel Bacteria	novel genus	MetaPhlAn
GCA_023386555.1_genomic	metaphlan	phylum	Bray-Curtis distance	0.5	genus	d__Bacteria;p__Bacteroidota;c__Bacteroidia;o__Chitinophagales;f__Chitinophagaceae;g__JAEZDC01;s__JAEZDC01 sp023386555	novel Bacteria	novel genus	MetaPhlAn
GCA_023386555.1_genomic	metaphlan	class	Bray-Curtis distance	0.5	genus	d__Bacteria;p__Bacteroidota;c__Bacteroidia;o__Chitinophagales;f__Chitinophagaceae;g__JAEZDC01;s__JAEZDC01 sp023386555	novel Bacteria	novel genus	MetaPhlAn
GCA_023386555.1_genomic	metaphlan	order	Bray-Curtis distance	0.5	genus	d__Bacteria;p__Bacteroidota;c__Bacteroidia;o__Chitinophagales;f__Chitinophagaceae;g__JAEZDC01;s__JAEZDC01 sp023386555	novel Bacteria	novel genus	MetaPhlAn
GCA_023386555.1_genomic	metaphlan	family	Bray-Curtis distance	0.5	genus	d__Bacteria;p__Bacteroidota;c__Bacteroidia;o__Chitinophagales;f__Chitinophagaceae;g__JAEZDC01;s__JAEZDC01 sp023386555	novel Bacteria	novel genus	MetaPhlAn
GCA_023386555.1_genomic	metaphlan	genus	Bray-Curtis distance	0.5	genus	d__Bacteria;p__Bacteroidota;c__Bacteroidia;o__Chitinophagales;f__Chitinophagaceae;g__JAEZDC01;s__JAEZDC01 sp023386555	novel Bacteria	novel genus	MetaPhlAn
GCA_023386555.1_genomic	metaphlan	species	Bray-Curtis distance	0.5	genus	d__Bacteria;p__Bacteroidota;c__Bacteroidia;o__Chitinophagales;f__Chitinophagaceae;g__JAEZDC01;s__JAEZDC01 sp023386555	novel Bacteria	novel genus	MetaPhlAn
GCA_023386555.1_genomic	singlem	kingdom	Bray-Curtis distance	0.019853709508882	genus	d__Bacteria;p__Bacteroidota;c__Bacteroidia;o__Chitinophagales;f__Chitinophagaceae;g__JAEZDC01;s__JAEZDC01 sp023386555	novel Bacteria	novel genus	SingleM
GCA_023386555.1_genomic	singlem	phylum	Bray-Curtis distance	0.0293573128801905	genus	d__Bacteria;p__Bacteroidota;c__Bacteroidia;o__Chitinophagales;f__Chitinophagaceae;g__JAEZDC01;s__JAEZDC01 sp023386555	novel Bacteria	novel genus	SingleM
GCA_023386555.1_genomic	singlem	class	Bray-Curtis distance	0.0293573128801905	genus	d__Bacteria;p__Bacteroidota;c__Bacteroidia;o__Chitinophagales;f__Chitinophagaceae;g__JAEZDC01;s__JAEZDC01 sp023386555	novel Bacteria	novel genus	SingleM
GCA_023386555.1_genomic	singlem	order	Bray-Curtis distance	0.0293573128801905	genus	d__Bacteria;p__Bacteroidota;c__Bacteroidia;o__Chitinophagales;f__Chitinophagaceae;g__JAEZDC01;s__JAEZDC01 sp023386555	novel Bacteria	novel genus	SingleM
GCA_023386555.1_genomic	singlem	family	Bray-Curtis distance	0.0293573128801905	genus	d__Bacteria;p__Bacteroidota;c__Bacteroidia;o__Chitinophagales;f__Chitinophagaceae;g__JAEZDC01;s__JAEZDC01 sp023386555	novel Bacteria	novel genus	SingleM
GCA_023386555.1_genomic	singlem	genus	Bray-Curtis distance	0.461514872738424	genus	d__Bacteria;p__Bacteroidota;c__Bacteroidia;o__Chitinophagales;f__Chitinophagaceae;g__JAEZDC01;s__JAEZDC01 sp023386555	novel Bacteria	novel genus	SingleM
GCA_023386555.1_genomic	singlem	species	Bray-Curtis distance	0.371060171919771	genus	d__Bacteria;p__Bacteroidota;c__Bacteroidia;o__Chitinophagales;f__Chitinophagaceae;g__JAEZDC01;s__JAEZDC01 sp023386555	novel Bacteria	novel genus	SingleM
GCA_023386555.1_genomic	singlem-regime3	kingdom	Bray-Curtis distance	0.0182987141444115	genus	d__Bacteria;p__Bacteroidota;c__Bacteroidia;o__Chitinophagales;f__Chitinophagaceae;g__JAEZDC01;s__JAEZDC01 sp023386555	novel Bacteria	novel genus	
GCA_023386555.1_genomic	singlem-regime3	phylum	Bray-Curtis distance	0.0182987141444115	genus	d__Bacteria;p__Bacteroidota;c__Bacteroidia;o__Chitinophagales;f__Chitinophagaceae;g__JAEZDC01;s__JAEZDC01 sp023386555	novel Bacteria	novel genus	
GCA_023386555.1_genomic	singlem-regime3	class	Bray-Curtis distance	0.0182987141444115	genus	d__Bacteria;p__Bacteroidota;c__Bacteroidia;o__Chitinophagales;f__Chitinophagaceae;g__JAEZDC01;s__JAEZDC01 sp023386555	novel Bacteria	novel genus	
GCA_023386555.1_genomic	singlem-regime3	order	Bray-Curtis distance	0.0182987141444115	genus	d__Bacteria;p__Bacteroidota;c__Bacteroidia;o__Chitinophagales;f__Chitinophagaceae;g__JAEZDC01;s__JAEZDC01 sp023386555	novel Bacteria	novel genus	
GCA_023386555.1_genomic	singlem-regime3	family	Bray-Curtis distance	0.0182987141444115	genus	d__Bacteria;p__Bacteroidota;c__Bacteroidia;o__Chitinophagales;f__Chitinophagaceae;g__JAEZDC01;s__JAEZDC01 sp023386555	novel Bacteria	novel genus	
GCA_023386555.1_genomic	singlem-regime3	genus	Bray-Curtis distance	0.399876771410967	genus	d__Bacteria;p__Bacteroidota;c__Bacteroidia;o__Chitinophagales;f__Chitinophagaceae;g__JAEZDC01;s__JAEZDC01 sp023386555	novel Bacteria	novel genus	
GCA_023386555.1_genomic	singlem-regime3	species	Bray-Curtis distance	0.349799732977303	genus	d__Bacteria;p__Bacteroidota;c__Bacteroidia;o__Chitinophagales;f__Chitinophagaceae;g__JAEZDC01;s__JAEZDC01 sp023386555	novel Bacteria	novel genus	
GCA_023475165.1_genomic	sylph	kingdom	Bray-Curtis distance	0.5	class	d__Bacteria;p__Bacillota_E;c__JAMCWA01;o__JAMCWA01;f__JAMCWA01;g__JAMCWA01;s__JAMCWA01 sp023475165	novel Bacteria	novel class	sylph
GCA_023475165.1_genomic	sylph	phylum	Bray-Curtis distance	0.5	class	d__Bacteria;p__Bacillota_E;c__JAMCWA01;o__JAMCWA01;f__JAMCWA01;g__JAMCWA01;s__JAMCWA01 sp023475165	novel Bacteria	novel class	sylph
GCA_023475165.1_genomic	sylph	class	Bray-Curtis distance	0.5	class	d__Bacteria;p__Bacillota_E;c__JAMCWA01;o__JAMCWA01;f__JAMCWA01;g__JAMCWA01;s__JAMCWA01 sp023475165	novel Bacteria	novel class	sylph
GCA_023475165.1_genomic	sylph	order	Bray-Curtis distance	0.5	class	d__Bacteria;p__Bacillota_E;c__JAMCWA01;o__JAMCWA01;f__JAMCWA01;g__JAMCWA01;s__JAMCWA01 sp023475165	novel Bacteria	novel class	sylph
GCA_023475165.1_genomic	sylph	family	Bray-Curtis distance	0.5	class	d__Bacteria;p__Bacillota_E;c__JAMCWA01;o__JAMCWA01;f__JAMCWA01;g__JAMCWA01;s__JAMCWA01 sp023475165	novel Bacteria	novel class	sylph
GCA_023475165.1_genomic	sylph	genus	Bray-Curtis distance	0.5	class	d__Bacteria;p__Bacillota_E;c__JAMCWA01;o__JAMCWA01;f__JAMCWA01;g__JAMCWA01;s__JAMCWA01 sp023475165	novel Bacteria	novel class	sylph
GCA_023475165.1_genomic	sylph	species	Bray-Curtis distance	0.5	class	d__Bacteria;p__Bacillota_E;c__JAMCWA01;o__JAMCWA01;f__JAMCWA01;g__JAMCWA01;s__JAMCWA01 sp023475165	novel Bacteria	novel class	sylph
GCA_023475165.1_genomic	metaphlan	kingdom	Bray-Curtis distance	0.5	class	d__Bacteria;p__Bacillota_E;c__JAMCWA01;o__JAMCWA01;f__JAMCWA01;g__JAMCWA01;s__JAMCWA01 sp023475165	novel Bacteria	novel class	MetaPhlAn
GCA_023475165.1_genomic	metaphlan	phylum	Bray-Curtis distance	0.5	class	d__Bacteria;p__Bacillota_E;c__JAMCWA01;o__JAMCWA01;f__JAMCWA01;g__JAMCWA01;s__JAMCWA01 sp023475165	novel Bacteria	novel class	MetaPhlAn
GCA_023475165.1_genomic	metaphlan	class	Bray-Curtis distance	0.5	class	d__Bacteria;p__Bacillota_E;c__JAMCWA01;o__JAMCWA01;f__JAMCWA01;g__JAMCWA01;s__JAMCWA01 sp023475165	novel Bacteria	novel class	MetaPhlAn
GCA_023475165.1_genomic	metaphlan	order	Bray-Curtis distance	0.5	class	d__Bacteria;p__Bacillota_E;c__JAMCWA01;o__JAMCWA01;f__JAMCWA01;g__JAMCWA01;s__JAMCWA01 sp023475165	novel Bacteria	novel class	MetaPhlAn
GCA_023475165.1_genomic	metaphlan	family	Bray-Curtis distance	0.5	class	d__Bacteria;p__Bacillota_E;c__JAMCWA01;o__JAMCWA01;f__JAMCWA01;g__JAMCWA01;s__JAMCWA01 sp023475165	novel Bacteria	novel class	MetaPhlAn
GCA_023475165.1_genomic	metaphlan	genus	Bray-Curtis distance	0.5	class	d__Bacteria;p__Bacillota_E;c__JAMCWA01;o__JAMCWA01;f__JAMCWA01;g__JAMCWA01;s__JAMCWA01 sp023475165	novel Bacteria	novel class	MetaPhlAn
GCA_023475165.1_genomic	metaphlan	species	Bray-Curtis distance	0.5	class	d__Bacteria;p__Bacillota_E;c__JAMCWA01;o__JAMCWA01;f__JAMCWA01;g__JAMCWA01;s__JAMCWA01 sp023475165	novel Bacteria	novel class	MetaPhlAn
GCA_023475165.1_genomic	singlem	kingdom	Bray-Curtis distance	0.115576323987539	class	d__Bacteria;p__Bacillota_E;c__JAMCWA01;o__JAMCWA01;f__JAMCWA01;g__JAMCWA01;s__JAMCWA01 sp023475165	novel Bacteria	novel class	SingleM
GCA_023475165.1_genomic	singlem	phylum	Bray-Curtis distance	0.41091492776886	class	d__Bacteria;p__Bacillota_E;c__JAMCWA01;o__JAMCWA01;f__JAMCWA01;g__JAMCWA01;s__JAMCWA01 sp023475165	novel Bacteria	novel class	SingleM
GCA_023475165.1_genomic	singlem	class	Bray-Curtis distance	0.440754039497307	class	d__Bacteria;p__Bacillota_E;c__JAMCWA01;o__JAMCWA01;f__JAMCWA01;g__JAMCWA01;s__JAMCWA01 sp023475165	novel Bacteria	novel class	SingleM
GCA_023475165.1_genomic	singlem	order	Bray-Curtis distance	0.479944674965422	class	d__Bacteria;p__Bacillota_E;c__JAMCWA01;o__JAMCWA01;f__JAMCWA01;g__JAMCWA01;s__JAMCWA01 sp023475165	novel Bacteria	novel class	SingleM
GCA_023475165.1_genomic	singlem	family	Bray-Curtis distance	0.479944674965422	class	d__Bacteria;p__Bacillota_E;c__JAMCWA01;o__JAMCWA01;f__JAMCWA01;g__JAMCWA01;s__JAMCWA01 sp023475165	novel Bacteria	novel class	SingleM
GCA_023475165.1_genomic	singlem	genus	Bray-Curtis distance	0.479944674965422	class	d__Bacteria;p__Bacillota_E;c__JAMCWA01;o__JAMCWA01;f__JAMCWA01;g__JAMCWA01;s__JAMCWA01 sp023475165	novel Bacteria	novel class	SingleM
GCA_023475165.1_genomic	singlem	species	Bray-Curtis distance	0.479944674965422	class	d__Bacteria;p__Bacillota_E;c__JAMCWA01;o__JAMCWA01;f__JAMCWA01;g__JAMCWA01;s__JAMCWA01 sp023475165	novel Bacteria	novel class	SingleM
GCA_023475165.1_genomic	singlem-regime3	kingdom	Bray-Curtis distance	0.0416666666666667	class	d__Bacteria;p__Bacillota_E;c__JAMCWA01;o__JAMCWA01;f__JAMCWA01;g__JAMCWA01;s__JAMCWA01 sp023475165	novel Bacteria	novel class	
GCA_023475165.1_genomic	singlem-regime3	phylum	Bray-Curtis distance	0.469711385981605	class	d__Bacteria;p__Bacillota_E;c__JAMCWA01;o__JAMCWA01;f__JAMCWA01;g__JAMCWA01;s__JAMCWA01 sp023475165	novel Bacteria	novel class	
GCA_023475165.1_genomic	singlem-regime3	class	Bray-Curtis distance	0.424044092318291	class	d__Bacteria;p__Bacillota_E;c__JAMCWA01;o__JAMCWA01;f__JAMCWA01;g__JAMCWA01;s__JAMCWA01 sp023475165	novel Bacteria	novel class	
GCA_023475165.1_genomic	singlem-regime3	order	Bray-Curtis distance	0.371428571428572	class	d__Bacteria;p__Bacillota_E;c__JAMCWA01;o__JAMCWA01;f__JAMCWA01;g__JAMCWA01;s__JAMCWA01 sp023475165	novel Bacteria	novel class	
GCA_023475165.1_genomic	singlem-regime3	family	Bray-Curtis distance	0.371428571428572	class	d__Bacteria;p__Bacillota_E;c__JAMCWA01;o__JAMCWA01;f__JAMCWA01;g__JAMCWA01;s__JAMCWA01 sp023475165	novel Bacteria	novel class	
GCA_023475165.1_genomic	singlem-regime3	genus	Bray-Curtis distance	0.371428571428572	class	d__Bacteria;p__Bacillota_E;c__JAMCWA01;o__JAMCWA01;f__JAMCWA01;g__JAMCWA01;s__JAMCWA01 sp023475165	novel Bacteria	novel class	
GCA_023475165.1_genomic	singlem-regime3	species	Bray-Curtis distance	0.413405656722201	class	d__Bacteria;p__Bacillota_E;c__JAMCWA01;o__JAMCWA01;f__JAMCWA01;g__JAMCWA01;s__JAMCWA01 sp023475165	novel Bacteria	novel class	
GCA_023487205.1_genomic	sylph	kingdom	Bray-Curtis distance	0.5	genus	d__Archaea;p__Thermoplasmatota;c__Thermoplasmata;o__Thermoplasmatales;f__Thermoplasmataceae;g__JAMDBT01;s__JAMDBT01 sp023487205	novel Archaea	novel genus	sylph
GCA_023487205.1_genomic	sylph	phylum	Bray-Curtis distance	0.5	genus	d__Archaea;p__Thermoplasmatota;c__Thermoplasmata;o__Thermoplasmatales;f__Thermoplasmataceae;g__JAMDBT01;s__JAMDBT01 sp023487205	novel Archaea	novel genus	sylph
GCA_023487205.1_genomic	sylph	class	Bray-Curtis distance	0.5	genus	d__Archaea;p__Thermoplasmatota;c__Thermoplasmata;o__Thermoplasmatales;f__Thermoplasmataceae;g__JAMDBT01;s__JAMDBT01 sp023487205	novel Archaea	novel genus	sylph
GCA_023487205.1_genomic	sylph	order	Bray-Curtis distance	0.5	genus	d__Archaea;p__Thermoplasmatota;c__Thermoplasmata;o__Thermoplasmatales;f__Thermoplasmataceae;g__JAMDBT01;s__JAMDBT01 sp023487205	novel Archaea	novel genus	sylph
GCA_023487205.1_genomic	sylph	family	Bray-Curtis distance	0.5	genus	d__Archaea;p__Thermoplasmatota;c__Thermoplasmata;o__Thermoplasmatales;f__Thermoplasmataceae;g__JAMDBT01;s__JAMDBT01 sp023487205	novel Archaea	novel genus	sylph
GCA_023487205.1_genomic	sylph	genus	Bray-Curtis distance	0.5	genus	d__Archaea;p__Thermoplasmatota;c__Thermoplasmata;o__Thermoplasmatales;f__Thermoplasmataceae;g__JAMDBT01;s__JAMDBT01 sp023487205	novel Archaea	novel genus	sylph
GCA_023487205.1_genomic	sylph	species	Bray-Curtis distance	0.5	genus	d__Archaea;p__Thermoplasmatota;c__Thermoplasmata;o__Thermoplasmatales;f__Thermoplasmataceae;g__JAMDBT01;s__JAMDBT01 sp023487205	novel Archaea	novel genus	sylph
GCA_023487205.1_genomic	metaphlan	kingdom	Bray-Curtis distance	0.5	genus	d__Archaea;p__Thermoplasmatota;c__Thermoplasmata;o__Thermoplasmatales;f__Thermoplasmataceae;g__JAMDBT01;s__JAMDBT01 sp023487205	novel Archaea	novel genus	MetaPhlAn
GCA_023487205.1_genomic	metaphlan	phylum	Bray-Curtis distance	0.5	genus	d__Archaea;p__Thermoplasmatota;c__Thermoplasmata;o__Thermoplasmatales;f__Thermoplasmataceae;g__JAMDBT01;s__JAMDBT01 sp023487205	novel Archaea	novel genus	MetaPhlAn
GCA_023487205.1_genomic	metaphlan	class	Bray-Curtis distance	0.5	genus	d__Archaea;p__Thermoplasmatota;c__Thermoplasmata;o__Thermoplasmatales;f__Thermoplasmataceae;g__JAMDBT01;s__JAMDBT01 sp023487205	novel Archaea	novel genus	MetaPhlAn
GCA_023487205.1_genomic	metaphlan	order	Bray-Curtis distance	0.5	genus	d__Archaea;p__Thermoplasmatota;c__Thermoplasmata;o__Thermoplasmatales;f__Thermoplasmataceae;g__JAMDBT01;s__JAMDBT01 sp023487205	novel Archaea	novel genus	MetaPhlAn
GCA_023487205.1_genomic	metaphlan	family	Bray-Curtis distance	0.5	genus	d__Archaea;p__Thermoplasmatota;c__Thermoplasmata;o__Thermoplasmatales;f__Thermoplasmataceae;g__JAMDBT01;s__JAMDBT01 sp023487205	novel Archaea	novel genus	MetaPhlAn
GCA_023487205.1_genomic	metaphlan	genus	Bray-Curtis distance	0.5	genus	d__Archaea;p__Thermoplasmatota;c__Thermoplasmata;o__Thermoplasmatales;f__Thermoplasmataceae;g__JAMDBT01;s__JAMDBT01 sp023487205	novel Archaea	novel genus	MetaPhlAn
GCA_023487205.1_genomic	metaphlan	species	Bray-Curtis distance	0.5	genus	d__Archaea;p__Thermoplasmatota;c__Thermoplasmata;o__Thermoplasmatales;f__Thermoplasmataceae;g__JAMDBT01;s__JAMDBT01 sp023487205	novel Archaea	novel genus	MetaPhlAn
GCA_023487205.1_genomic	singlem	kingdom	Bray-Curtis distance	0.0114314115308151	genus	d__Archaea;p__Thermoplasmatota;c__Thermoplasmata;o__Thermoplasmatales;f__Thermoplasmataceae;g__JAMDBT01;s__JAMDBT01 sp023487205	novel Archaea	novel genus	SingleM
GCA_023487205.1_genomic	singlem	phylum	Bray-Curtis distance	0.0114314115308151	genus	d__Archaea;p__Thermoplasmatota;c__Thermoplasmata;o__Thermoplasmatales;f__Thermoplasmataceae;g__JAMDBT01;s__JAMDBT01 sp023487205	novel Archaea	novel genus	SingleM
GCA_023487205.1_genomic	singlem	class	Bray-Curtis distance	0.0114314115308151	genus	d__Archaea;p__Thermoplasmatota;c__Thermoplasmata;o__Thermoplasmatales;f__Thermoplasmataceae;g__JAMDBT01;s__JAMDBT01 sp023487205	novel Archaea	novel genus	SingleM
GCA_023487205.1_genomic	singlem	order	Bray-Curtis distance	0.0142038375280339	genus	d__Archaea;p__Thermoplasmatota;c__Thermoplasmata;o__Thermoplasmatales;f__Thermoplasmataceae;g__JAMDBT01;s__JAMDBT01 sp023487205	novel Archaea	novel genus	SingleM
GCA_023487205.1_genomic	singlem	family	Bray-Curtis distance	0.0142038375280339	genus	d__Archaea;p__Thermoplasmatota;c__Thermoplasmata;o__Thermoplasmatales;f__Thermoplasmataceae;g__JAMDBT01;s__JAMDBT01 sp023487205	novel Archaea	novel genus	SingleM
GCA_023487205.1_genomic	singlem	genus	Bray-Curtis distance	0.343156701615188	genus	d__Archaea;p__Thermoplasmatota;c__Thermoplasmata;o__Thermoplasmatales;f__Thermoplasmataceae;g__JAMDBT01;s__JAMDBT01 sp023487205	novel Archaea	novel genus	SingleM
GCA_023487205.1_genomic	singlem	species	Bray-Curtis distance	0.338375534363696	genus	d__Archaea;p__Thermoplasmatota;c__Thermoplasmata;o__Thermoplasmatales;f__Thermoplasmataceae;g__JAMDBT01;s__JAMDBT01 sp023487205	novel Archaea	novel genus	SingleM
GCA_023487205.1_genomic	singlem-regime3	kingdom	Bray-Curtis distance	0.0281757402101241	genus	d__Archaea;p__Thermoplasmatota;c__Thermoplasmata;o__Thermoplasmatales;f__Thermoplasmataceae;g__JAMDBT01;s__JAMDBT01 sp023487205	novel Archaea	novel genus	
GCA_023487205.1_genomic	singlem-regime3	phylum	Bray-Curtis distance	0.0281757402101241	genus	d__Archaea;p__Thermoplasmatota;c__Thermoplasmata;o__Thermoplasmatales;f__Thermoplasmataceae;g__JAMDBT01;s__JAMDBT01 sp023487205	novel Archaea	novel genus	
GCA_023487205.1_genomic	singlem-regime3	class	Bray-Curtis distance	0.0281757402101241	genus	d__Archaea;p__Thermoplasmatota;c__Thermoplasmata;o__Thermoplasmatales;f__Thermoplasmataceae;g__JAMDBT01;s__JAMDBT01 sp023487205	novel Archaea	novel genus	
GCA_023487205.1_genomic	singlem-regime3	order	Bray-Curtis distance	0.0281757402101241	genus	d__Archaea;p__Thermoplasmatota;c__Thermoplasmata;o__Thermoplasmatales;f__Thermoplasmataceae;g__JAMDBT01;s__JAMDBT01 sp023487205	novel Archaea	novel genus	
GCA_023487205.1_genomic	singlem-regime3	family	Bray-Curtis distance	0.0281757402101241	genus	d__Archaea;p__Thermoplasmatota;c__Thermoplasmata;o__Thermoplasmatales;f__Thermoplasmataceae;g__JAMDBT01;s__JAMDBT01 sp023487205	novel Archaea	novel genus	
GCA_023487205.1_genomic	singlem-regime3	genus	Bray-Curtis distance	0.355398806294086	genus	d__Archaea;p__Thermoplasmatota;c__Thermoplasmata;o__Thermoplasmatales;f__Thermoplasmataceae;g__JAMDBT01;s__JAMDBT01 sp023487205	novel Archaea	novel genus	
GCA_023487205.1_genomic	singlem-regime3	species	Bray-Curtis distance	0.433264887063655	genus	d__Archaea;p__Thermoplasmatota;c__Thermoplasmata;o__Thermoplasmatales;f__Thermoplasmataceae;g__JAMDBT01;s__JAMDBT01 sp023487205	novel Archaea	novel genus	
GCA_023489435.1_genomic	sylph	kingdom	Bray-Curtis distance	0.5	genus	d__Archaea;p__Thermoplasmatota;c__Thermoplasmata;o__Thermoplasmatales;f__Thermoplasmataceae;g__JAJZOM01;s__JAJZOM01 sp023489435	novel Archaea	novel genus	sylph
GCA_023489435.1_genomic	sylph	phylum	Bray-Curtis distance	0.5	genus	d__Archaea;p__Thermoplasmatota;c__Thermoplasmata;o__Thermoplasmatales;f__Thermoplasmataceae;g__JAJZOM01;s__JAJZOM01 sp023489435	novel Archaea	novel genus	sylph
GCA_023489435.1_genomic	sylph	class	Bray-Curtis distance	0.5	genus	d__Archaea;p__Thermoplasmatota;c__Thermoplasmata;o__Thermoplasmatales;f__Thermoplasmataceae;g__JAJZOM01;s__JAJZOM01 sp023489435	novel Archaea	novel genus	sylph
GCA_023489435.1_genomic	sylph	order	Bray-Curtis distance	0.5	genus	d__Archaea;p__Thermoplasmatota;c__Thermoplasmata;o__Thermoplasmatales;f__Thermoplasmataceae;g__JAJZOM01;s__JAJZOM01 sp023489435	novel Archaea	novel genus	sylph
GCA_023489435.1_genomic	sylph	family	Bray-Curtis distance	0.5	genus	d__Archaea;p__Thermoplasmatota;c__Thermoplasmata;o__Thermoplasmatales;f__Thermoplasmataceae;g__JAJZOM01;s__JAJZOM01 sp023489435	novel Archaea	novel genus	sylph
GCA_023489435.1_genomic	sylph	genus	Bray-Curtis distance	0.5	genus	d__Archaea;p__Thermoplasmatota;c__Thermoplasmata;o__Thermoplasmatales;f__Thermoplasmataceae;g__JAJZOM01;s__JAJZOM01 sp023489435	novel Archaea	novel genus	sylph
GCA_023489435.1_genomic	sylph	species	Bray-Curtis distance	0.5	genus	d__Archaea;p__Thermoplasmatota;c__Thermoplasmata;o__Thermoplasmatales;f__Thermoplasmataceae;g__JAJZOM01;s__JAJZOM01 sp023489435	novel Archaea	novel genus	sylph
GCA_023489435.1_genomic	metaphlan	kingdom	Bray-Curtis distance	0.5	genus	d__Archaea;p__Thermoplasmatota;c__Thermoplasmata;o__Thermoplasmatales;f__Thermoplasmataceae;g__JAJZOM01;s__JAJZOM01 sp023489435	novel Archaea	novel genus	MetaPhlAn
GCA_023489435.1_genomic	metaphlan	phylum	Bray-Curtis distance	0.5	genus	d__Archaea;p__Thermoplasmatota;c__Thermoplasmata;o__Thermoplasmatales;f__Thermoplasmataceae;g__JAJZOM01;s__JAJZOM01 sp023489435	novel Archaea	novel genus	MetaPhlAn
GCA_023489435.1_genomic	metaphlan	class	Bray-Curtis distance	0.5	genus	d__Archaea;p__Thermoplasmatota;c__Thermoplasmata;o__Thermoplasmatales;f__Thermoplasmataceae;g__JAJZOM01;s__JAJZOM01 sp023489435	novel Archaea	novel genus	MetaPhlAn
GCA_023489435.1_genomic	metaphlan	order	Bray-Curtis distance	0.5	genus	d__Archaea;p__Thermoplasmatota;c__Thermoplasmata;o__Thermoplasmatales;f__Thermoplasmataceae;g__JAJZOM01;s__JAJZOM01 sp023489435	novel Archaea	novel genus	MetaPhlAn
GCA_023489435.1_genomic	metaphlan	family	Bray-Curtis distance	0.5	genus	d__Archaea;p__Thermoplasmatota;c__Thermoplasmata;o__Thermoplasmatales;f__Thermoplasmataceae;g__JAJZOM01;s__JAJZOM01 sp023489435	novel Archaea	novel genus	MetaPhlAn
GCA_023489435.1_genomic	metaphlan	genus	Bray-Curtis distance	0.5	genus	d__Archaea;p__Thermoplasmatota;c__Thermoplasmata;o__Thermoplasmatales;f__Thermoplasmataceae;g__JAJZOM01;s__JAJZOM01 sp023489435	novel Archaea	novel genus	MetaPhlAn
GCA_023489435.1_genomic	metaphlan	species	Bray-Curtis distance	0.5	genus	d__Archaea;p__Thermoplasmatota;c__Thermoplasmata;o__Thermoplasmatales;f__Thermoplasmataceae;g__JAJZOM01;s__JAJZOM01 sp023489435	novel Archaea	novel genus	MetaPhlAn
GCA_023489435.1_genomic	singlem	kingdom	Bray-Curtis distance	0.00849256900212311	genus	d__Archaea;p__Thermoplasmatota;c__Thermoplasmata;o__Thermoplasmatales;f__Thermoplasmataceae;g__JAJZOM01;s__JAJZOM01 sp023489435	novel Archaea	novel genus	SingleM
GCA_023489435.1_genomic	singlem	phylum	Bray-Curtis distance	0.0129032258064516	genus	d__Archaea;p__Thermoplasmatota;c__Thermoplasmata;o__Thermoplasmatales;f__Thermoplasmataceae;g__JAJZOM01;s__JAJZOM01 sp023489435	novel Archaea	novel genus	SingleM
GCA_023489435.1_genomic	singlem	class	Bray-Curtis distance	0.0129032258064516	genus	d__Archaea;p__Thermoplasmatota;c__Thermoplasmata;o__Thermoplasmatales;f__Thermoplasmataceae;g__JAJZOM01;s__JAJZOM01 sp023489435	novel Archaea	novel genus	SingleM
GCA_023489435.1_genomic	singlem	order	Bray-Curtis distance	0.0129032258064516	genus	d__Archaea;p__Thermoplasmatota;c__Thermoplasmata;o__Thermoplasmatales;f__Thermoplasmataceae;g__JAJZOM01;s__JAJZOM01 sp023489435	novel Archaea	novel genus	SingleM
GCA_023489435.1_genomic	singlem	family	Bray-Curtis distance	0.0129032258064516	genus	d__Archaea;p__Thermoplasmatota;c__Thermoplasmata;o__Thermoplasmatales;f__Thermoplasmataceae;g__JAJZOM01;s__JAJZOM01 sp023489435	novel Archaea	novel genus	SingleM
GCA_023489435.1_genomic	singlem	genus	Bray-Curtis distance	0.0644893440354276	genus	d__Archaea;p__Thermoplasmatota;c__Thermoplasmata;o__Thermoplasmatales;f__Thermoplasmataceae;g__JAJZOM01;s__JAJZOM01 sp023489435	novel Archaea	novel genus	SingleM
GCA_023489435.1_genomic	singlem	species	Bray-Curtis distance	0.340925266903915	genus	d__Archaea;p__Thermoplasmatota;c__Thermoplasmata;o__Thermoplasmatales;f__Thermoplasmataceae;g__JAJZOM01;s__JAJZOM01 sp023489435	novel Archaea	novel genus	SingleM
GCA_023489435.1_genomic	singlem-regime3	kingdom	Bray-Curtis distance	0.0287094940306993	genus	d__Archaea;p__Thermoplasmatota;c__Thermoplasmata;o__Thermoplasmatales;f__Thermoplasmataceae;g__JAJZOM01;s__JAJZOM01 sp023489435	novel Archaea	novel genus	
GCA_023489435.1_genomic	singlem-regime3	phylum	Bray-Curtis distance	0.0287094940306993	genus	d__Archaea;p__Thermoplasmatota;c__Thermoplasmata;o__Thermoplasmatales;f__Thermoplasmataceae;g__JAJZOM01;s__JAJZOM01 sp023489435	novel Archaea	novel genus	
GCA_023489435.1_genomic	singlem-regime3	class	Bray-Curtis distance	0.0287094940306993	genus	d__Archaea;p__Thermoplasmatota;c__Thermoplasmata;o__Thermoplasmatales;f__Thermoplasmataceae;g__JAJZOM01;s__JAJZOM01 sp023489435	novel Archaea	novel genus	
GCA_023489435.1_genomic	singlem-regime3	order	Bray-Curtis distance	0.0287094940306993	genus	d__Archaea;p__Thermoplasmatota;c__Thermoplasmata;o__Thermoplasmatales;f__Thermoplasmataceae;g__JAJZOM01;s__JAJZOM01 sp023489435	novel Archaea	novel genus	
GCA_023489435.1_genomic	singlem-regime3	family	Bray-Curtis distance	0.0287094940306993	genus	d__Archaea;p__Thermoplasmatota;c__Thermoplasmata;o__Thermoplasmatales;f__Thermoplasmataceae;g__JAJZOM01;s__JAJZOM01 sp023489435	novel Archaea	novel genus	
GCA_023489435.1_genomic	singlem-regime3	genus	Bray-Curtis distance	0.0933021351272301	genus	d__Archaea;p__Thermoplasmatota;c__Thermoplasmata;o__Thermoplasmatales;f__Thermoplasmataceae;g__JAJZOM01;s__JAJZOM01 sp023489435	novel Archaea	novel genus	
GCA_023489435.1_genomic	singlem-regime3	species	Bray-Curtis distance	0.35935085007728	genus	d__Archaea;p__Thermoplasmatota;c__Thermoplasmata;o__Thermoplasmatales;f__Thermoplasmataceae;g__JAJZOM01;s__JAJZOM01 sp023489435	novel Archaea	novel genus	
GCA_024158125.1_genomic	sylph	kingdom	Bray-Curtis distance	0.5	order	d__Bacteria;p__Pseudomonadota;c__Alphaproteobacteria;o__JAMZFT01;f__JAMZFT01;g__JAMZFT01;s__JAMZFT01 sp024158125	novel Bacteria	novel order	sylph
GCA_024158125.1_genomic	sylph	phylum	Bray-Curtis distance	0.5	order	d__Bacteria;p__Pseudomonadota;c__Alphaproteobacteria;o__JAMZFT01;f__JAMZFT01;g__JAMZFT01;s__JAMZFT01 sp024158125	novel Bacteria	novel order	sylph
GCA_024158125.1_genomic	sylph	class	Bray-Curtis distance	0.5	order	d__Bacteria;p__Pseudomonadota;c__Alphaproteobacteria;o__JAMZFT01;f__JAMZFT01;g__JAMZFT01;s__JAMZFT01 sp024158125	novel Bacteria	novel order	sylph
GCA_024158125.1_genomic	sylph	order	Bray-Curtis distance	0.5	order	d__Bacteria;p__Pseudomonadota;c__Alphaproteobacteria;o__JAMZFT01;f__JAMZFT01;g__JAMZFT01;s__JAMZFT01 sp024158125	novel Bacteria	novel order	sylph
GCA_024158125.1_genomic	sylph	family	Bray-Curtis distance	0.5	order	d__Bacteria;p__Pseudomonadota;c__Alphaproteobacteria;o__JAMZFT01;f__JAMZFT01;g__JAMZFT01;s__JAMZFT01 sp024158125	novel Bacteria	novel order	sylph
GCA_024158125.1_genomic	sylph	genus	Bray-Curtis distance	0.5	order	d__Bacteria;p__Pseudomonadota;c__Alphaproteobacteria;o__JAMZFT01;f__JAMZFT01;g__JAMZFT01;s__JAMZFT01 sp024158125	novel Bacteria	novel order	sylph
GCA_024158125.1_genomic	sylph	species	Bray-Curtis distance	0.5	order	d__Bacteria;p__Pseudomonadota;c__Alphaproteobacteria;o__JAMZFT01;f__JAMZFT01;g__JAMZFT01;s__JAMZFT01 sp024158125	novel Bacteria	novel order	sylph
GCA_024158125.1_genomic	metaphlan	kingdom	Bray-Curtis distance	0.5	order	d__Bacteria;p__Pseudomonadota;c__Alphaproteobacteria;o__JAMZFT01;f__JAMZFT01;g__JAMZFT01;s__JAMZFT01 sp024158125	novel Bacteria	novel order	MetaPhlAn
GCA_024158125.1_genomic	metaphlan	phylum	Bray-Curtis distance	0.5	order	d__Bacteria;p__Pseudomonadota;c__Alphaproteobacteria;o__JAMZFT01;f__JAMZFT01;g__JAMZFT01;s__JAMZFT01 sp024158125	novel Bacteria	novel order	MetaPhlAn
GCA_024158125.1_genomic	metaphlan	class	Bray-Curtis distance	0.5	order	d__Bacteria;p__Pseudomonadota;c__Alphaproteobacteria;o__JAMZFT01;f__JAMZFT01;g__JAMZFT01;s__JAMZFT01 sp024158125	novel Bacteria	novel order	MetaPhlAn
GCA_024158125.1_genomic	metaphlan	order	Bray-Curtis distance	0.5	order	d__Bacteria;p__Pseudomonadota;c__Alphaproteobacteria;o__JAMZFT01;f__JAMZFT01;g__JAMZFT01;s__JAMZFT01 sp024158125	novel Bacteria	novel order	MetaPhlAn
GCA_024158125.1_genomic	metaphlan	family	Bray-Curtis distance	0.5	order	d__Bacteria;p__Pseudomonadota;c__Alphaproteobacteria;o__JAMZFT01;f__JAMZFT01;g__JAMZFT01;s__JAMZFT01 sp024158125	novel Bacteria	novel order	MetaPhlAn
GCA_024158125.1_genomic	metaphlan	genus	Bray-Curtis distance	0.5	order	d__Bacteria;p__Pseudomonadota;c__Alphaproteobacteria;o__JAMZFT01;f__JAMZFT01;g__JAMZFT01;s__JAMZFT01 sp024158125	novel Bacteria	novel order	MetaPhlAn
GCA_024158125.1_genomic	metaphlan	species	Bray-Curtis distance	0.5	order	d__Bacteria;p__Pseudomonadota;c__Alphaproteobacteria;o__JAMZFT01;f__JAMZFT01;g__JAMZFT01;s__JAMZFT01 sp024158125	novel Bacteria	novel order	MetaPhlAn
GCA_024158125.1_genomic	singlem	kingdom	Bray-Curtis distance	0.00266240681576143	order	d__Bacteria;p__Pseudomonadota;c__Alphaproteobacteria;o__JAMZFT01;f__JAMZFT01;g__JAMZFT01;s__JAMZFT01 sp024158125	novel Bacteria	novel order	SingleM
GCA_024158125.1_genomic	singlem	phylum	Bray-Curtis distance	0.0104923325262309	order	d__Bacteria;p__Pseudomonadota;c__Alphaproteobacteria;o__JAMZFT01;f__JAMZFT01;g__JAMZFT01;s__JAMZFT01 sp024158125	novel Bacteria	novel order	SingleM
GCA_024158125.1_genomic	singlem	class	Bray-Curtis distance	0.0151351351351352	order	d__Bacteria;p__Pseudomonadota;c__Alphaproteobacteria;o__JAMZFT01;f__JAMZFT01;g__JAMZFT01;s__JAMZFT01 sp024158125	novel Bacteria	novel order	SingleM
GCA_024158125.1_genomic	singlem	order	Bray-Curtis distance	0.422403003754693	order	d__Bacteria;p__Pseudomonadota;c__Alphaproteobacteria;o__JAMZFT01;f__JAMZFT01;g__JAMZFT01;s__JAMZFT01 sp024158125	novel Bacteria	novel order	SingleM
GCA_024158125.1_genomic	singlem	family	Bray-Curtis distance	0.35858234885337	order	d__Bacteria;p__Pseudomonadota;c__Alphaproteobacteria;o__JAMZFT01;f__JAMZFT01;g__JAMZFT01;s__JAMZFT01 sp024158125	novel Bacteria	novel order	SingleM
GCA_024158125.1_genomic	singlem	genus	Bray-Curtis distance	0.351370344342937	order	d__Bacteria;p__Pseudomonadota;c__Alphaproteobacteria;o__JAMZFT01;f__JAMZFT01;g__JAMZFT01;s__JAMZFT01 sp024158125	novel Bacteria	novel order	SingleM
GCA_024158125.1_genomic	singlem	species	Bray-Curtis distance	0.340949660835416	order	d__Bacteria;p__Pseudomonadota;c__Alphaproteobacteria;o__JAMZFT01;f__JAMZFT01;g__JAMZFT01;s__JAMZFT01 sp024158125	novel Bacteria	novel order	SingleM
GCA_024158125.1_genomic	singlem-regime3	kingdom	Bray-Curtis distance	0.0254722381224957	order	d__Bacteria;p__Pseudomonadota;c__Alphaproteobacteria;o__JAMZFT01;f__JAMZFT01;g__JAMZFT01;s__JAMZFT01 sp024158125	novel Bacteria	novel order	
GCA_024158125.1_genomic	singlem-regime3	phylum	Bray-Curtis distance	0.0254722381224957	order	d__Bacteria;p__Pseudomonadota;c__Alphaproteobacteria;o__JAMZFT01;f__JAMZFT01;g__JAMZFT01;s__JAMZFT01 sp024158125	novel Bacteria	novel order	
GCA_024158125.1_genomic	singlem-regime3	class	Bray-Curtis distance	0.0254722381224957	order	d__Bacteria;p__Pseudomonadota;c__Alphaproteobacteria;o__JAMZFT01;f__JAMZFT01;g__JAMZFT01;s__JAMZFT01 sp024158125	novel Bacteria	novel order	
GCA_024158125.1_genomic	singlem-regime3	order	Bray-Curtis distance	0.444369973190349	order	d__Bacteria;p__Pseudomonadota;c__Alphaproteobacteria;o__JAMZFT01;f__JAMZFT01;g__JAMZFT01;s__JAMZFT01 sp024158125	novel Bacteria	novel order	
GCA_024158125.1_genomic	singlem-regime3	family	Bray-Curtis distance	0.356366459627329	order	d__Bacteria;p__Pseudomonadota;c__Alphaproteobacteria;o__JAMZFT01;f__JAMZFT01;g__JAMZFT01;s__JAMZFT01 sp024158125	novel Bacteria	novel order	
GCA_024158125.1_genomic	singlem-regime3	genus	Bray-Curtis distance	0.356366459627329	order	d__Bacteria;p__Pseudomonadota;c__Alphaproteobacteria;o__JAMZFT01;f__JAMZFT01;g__JAMZFT01;s__JAMZFT01 sp024158125	novel Bacteria	novel order	
GCA_024158125.1_genomic	singlem-regime3	species	Bray-Curtis distance	0.356366459627329	order	d__Bacteria;p__Pseudomonadota;c__Alphaproteobacteria;o__JAMZFT01;f__JAMZFT01;g__JAMZFT01;s__JAMZFT01 sp024158125	novel Bacteria	novel order	
GCA_024234955.1_genomic	sylph	kingdom	Bray-Curtis distance	0.5	order	d__Bacteria;p__Pseudomonadota;c__Gammaproteobacteria;o__JACKNK01;f__JACKNK01;g__JACKNK01;s__JACKNK01 sp024234955	novel Bacteria	novel order	sylph
GCA_024234955.1_genomic	sylph	phylum	Bray-Curtis distance	0.5	order	d__Bacteria;p__Pseudomonadota;c__Gammaproteobacteria;o__JACKNK01;f__JACKNK01;g__JACKNK01;s__JACKNK01 sp024234955	novel Bacteria	novel order	sylph
GCA_024234955.1_genomic	sylph	class	Bray-Curtis distance	0.5	order	d__Bacteria;p__Pseudomonadota;c__Gammaproteobacteria;o__JACKNK01;f__JACKNK01;g__JACKNK01;s__JACKNK01 sp024234955	novel Bacteria	novel order	sylph
GCA_024234955.1_genomic	sylph	order	Bray-Curtis distance	0.5	order	d__Bacteria;p__Pseudomonadota;c__Gammaproteobacteria;o__JACKNK01;f__JACKNK01;g__JACKNK01;s__JACKNK01 sp024234955	novel Bacteria	novel order	sylph
GCA_024234955.1_genomic	sylph	family	Bray-Curtis distance	0.5	order	d__Bacteria;p__Pseudomonadota;c__Gammaproteobacteria;o__JACKNK01;f__JACKNK01;g__JACKNK01;s__JACKNK01 sp024234955	novel Bacteria	novel order	sylph
GCA_024234955.1_genomic	sylph	genus	Bray-Curtis distance	0.5	order	d__Bacteria;p__Pseudomonadota;c__Gammaproteobacteria;o__JACKNK01;f__JACKNK01;g__JACKNK01;s__JACKNK01 sp024234955	novel Bacteria	novel order	sylph
GCA_024234955.1_genomic	sylph	species	Bray-Curtis distance	0.5	order	d__Bacteria;p__Pseudomonadota;c__Gammaproteobacteria;o__JACKNK01;f__JACKNK01;g__JACKNK01;s__JACKNK01 sp024234955	novel Bacteria	novel order	sylph
GCA_024234955.1_genomic	metaphlan	kingdom	Bray-Curtis distance	0.5	order	d__Bacteria;p__Pseudomonadota;c__Gammaproteobacteria;o__JACKNK01;f__JACKNK01;g__JACKNK01;s__JACKNK01 sp024234955	novel Bacteria	novel order	MetaPhlAn
GCA_024234955.1_genomic	metaphlan	phylum	Bray-Curtis distance	0.5	order	d__Bacteria;p__Pseudomonadota;c__Gammaproteobacteria;o__JACKNK01;f__JACKNK01;g__JACKNK01;s__JACKNK01 sp024234955	novel Bacteria	novel order	MetaPhlAn
GCA_024234955.1_genomic	metaphlan	class	Bray-Curtis distance	0.5	order	d__Bacteria;p__Pseudomonadota;c__Gammaproteobacteria;o__JACKNK01;f__JACKNK01;g__JACKNK01;s__JACKNK01 sp024234955	novel Bacteria	novel order	MetaPhlAn
GCA_024234955.1_genomic	metaphlan	order	Bray-Curtis distance	0.5	order	d__Bacteria;p__Pseudomonadota;c__Gammaproteobacteria;o__JACKNK01;f__JACKNK01;g__JACKNK01;s__JACKNK01 sp024234955	novel Bacteria	novel order	MetaPhlAn
GCA_024234955.1_genomic	metaphlan	family	Bray-Curtis distance	0.5	order	d__Bacteria;p__Pseudomonadota;c__Gammaproteobacteria;o__JACKNK01;f__JACKNK01;g__JACKNK01;s__JACKNK01 sp024234955	novel Bacteria	novel order	MetaPhlAn
GCA_024234955.1_genomic	metaphlan	genus	Bray-Curtis distance	0.5	order	d__Bacteria;p__Pseudomonadota;c__Gammaproteobacteria;o__JACKNK01;f__JACKNK01;g__JACKNK01;s__JACKNK01 sp024234955	novel Bacteria	novel order	MetaPhlAn
GCA_024234955.1_genomic	metaphlan	species	Bray-Curtis distance	0.5	order	d__Bacteria;p__Pseudomonadota;c__Gammaproteobacteria;o__JACKNK01;f__JACKNK01;g__JACKNK01;s__JACKNK01 sp024234955	novel Bacteria	novel order	MetaPhlAn
GCA_024234955.1_genomic	singlem	kingdom	Bray-Curtis distance	0.0821404226312202	order	d__Bacteria;p__Pseudomonadota;c__Gammaproteobacteria;o__JACKNK01;f__JACKNK01;g__JACKNK01;s__JACKNK01 sp024234955	novel Bacteria	novel order	SingleM
GCA_024234955.1_genomic	singlem	phylum	Bray-Curtis distance	0.0932642487046632	order	d__Bacteria;p__Pseudomonadota;c__Gammaproteobacteria;o__JACKNK01;f__JACKNK01;g__JACKNK01;s__JACKNK01 sp024234955	novel Bacteria	novel order	SingleM
GCA_024234955.1_genomic	singlem	class	Bray-Curtis distance	0.103941402162539	order	d__Bacteria;p__Pseudomonadota;c__Gammaproteobacteria;o__JACKNK01;f__JACKNK01;g__JACKNK01;s__JACKNK01 sp024234955	novel Bacteria	novel order	SingleM
GCA_024234955.1_genomic	singlem	order	Bray-Curtis distance	0.366580310880829	order	d__Bacteria;p__Pseudomonadota;c__Gammaproteobacteria;o__JACKNK01;f__JACKNK01;g__JACKNK01;s__JACKNK01 sp024234955	novel Bacteria	novel order	SingleM
GCA_024234955.1_genomic	singlem	family	Bray-Curtis distance	0.366580310880829	order	d__Bacteria;p__Pseudomonadota;c__Gammaproteobacteria;o__JACKNK01;f__JACKNK01;g__JACKNK01;s__JACKNK01 sp024234955	novel Bacteria	novel order	SingleM
GCA_024234955.1_genomic	singlem	genus	Bray-Curtis distance	0.366580310880829	order	d__Bacteria;p__Pseudomonadota;c__Gammaproteobacteria;o__JACKNK01;f__JACKNK01;g__JACKNK01;s__JACKNK01 sp024234955	novel Bacteria	novel order	SingleM
GCA_024234955.1_genomic	singlem	species	Bray-Curtis distance	0.366580310880829	order	d__Bacteria;p__Pseudomonadota;c__Gammaproteobacteria;o__JACKNK01;f__JACKNK01;g__JACKNK01;s__JACKNK01 sp024234955	novel Bacteria	novel order	SingleM
GCA_024234955.1_genomic	singlem-regime3	kingdom	Bray-Curtis distance	0.0665294924554184	order	d__Bacteria;p__Pseudomonadota;c__Gammaproteobacteria;o__JACKNK01;f__JACKNK01;g__JACKNK01;s__JACKNK01 sp024234955	novel Bacteria	novel order	
GCA_024234955.1_genomic	singlem-regime3	phylum	Bray-Curtis distance	0.0665294924554184	order	d__Bacteria;p__Pseudomonadota;c__Gammaproteobacteria;o__JACKNK01;f__JACKNK01;g__JACKNK01;s__JACKNK01 sp024234955	novel Bacteria	novel order	
GCA_024234955.1_genomic	singlem-regime3	class	Bray-Curtis distance	0.0665294924554184	order	d__Bacteria;p__Pseudomonadota;c__Gammaproteobacteria;o__JACKNK01;f__JACKNK01;g__JACKNK01;s__JACKNK01 sp024234955	novel Bacteria	novel order	
GCA_024234955.1_genomic	singlem-regime3	order	Bray-Curtis distance	0.382203389830509	order	d__Bacteria;p__Pseudomonadota;c__Gammaproteobacteria;o__JACKNK01;f__JACKNK01;g__JACKNK01;s__JACKNK01 sp024234955	novel Bacteria	novel order	
GCA_024234955.1_genomic	singlem-regime3	family	Bray-Curtis distance	0.361646234676007	order	d__Bacteria;p__Pseudomonadota;c__Gammaproteobacteria;o__JACKNK01;f__JACKNK01;g__JACKNK01;s__JACKNK01 sp024234955	novel Bacteria	novel order	
GCA_024234955.1_genomic	singlem-regime3	genus	Bray-Curtis distance	0.361646234676007	order	d__Bacteria;p__Pseudomonadota;c__Gammaproteobacteria;o__JACKNK01;f__JACKNK01;g__JACKNK01;s__JACKNK01 sp024234955	novel Bacteria	novel order	
GCA_024234955.1_genomic	singlem-regime3	species	Bray-Curtis distance	0.361646234676007	order	d__Bacteria;p__Pseudomonadota;c__Gammaproteobacteria;o__JACKNK01;f__JACKNK01;g__JACKNK01;s__JACKNK01 sp024234955	novel Bacteria	novel order	
GCA_024275095.1_genomic	sylph	kingdom	Bray-Curtis distance	0.5	phylum	d__Bacteria;p__JAJRZV01;c__JAJRZV01;o__JAJRZV01;f__JAJRZV01;g__JAJRZV01;s__JAJRZV01 sp024275095	novel Bacteria	novel phylum	sylph
GCA_024275095.1_genomic	sylph	phylum	Bray-Curtis distance	0.5	phylum	d__Bacteria;p__JAJRZV01;c__JAJRZV01;o__JAJRZV01;f__JAJRZV01;g__JAJRZV01;s__JAJRZV01 sp024275095	novel Bacteria	novel phylum	sylph
GCA_024275095.1_genomic	sylph	class	Bray-Curtis distance	0.5	phylum	d__Bacteria;p__JAJRZV01;c__JAJRZV01;o__JAJRZV01;f__JAJRZV01;g__JAJRZV01;s__JAJRZV01 sp024275095	novel Bacteria	novel phylum	sylph
GCA_024275095.1_genomic	sylph	order	Bray-Curtis distance	0.5	phylum	d__Bacteria;p__JAJRZV01;c__JAJRZV01;o__JAJRZV01;f__JAJRZV01;g__JAJRZV01;s__JAJRZV01 sp024275095	novel Bacteria	novel phylum	sylph
GCA_024275095.1_genomic	sylph	family	Bray-Curtis distance	0.5	phylum	d__Bacteria;p__JAJRZV01;c__JAJRZV01;o__JAJRZV01;f__JAJRZV01;g__JAJRZV01;s__JAJRZV01 sp024275095	novel Bacteria	novel phylum	sylph
GCA_024275095.1_genomic	sylph	genus	Bray-Curtis distance	0.5	phylum	d__Bacteria;p__JAJRZV01;c__JAJRZV01;o__JAJRZV01;f__JAJRZV01;g__JAJRZV01;s__JAJRZV01 sp024275095	novel Bacteria	novel phylum	sylph
GCA_024275095.1_genomic	sylph	species	Bray-Curtis distance	0.5	phylum	d__Bacteria;p__JAJRZV01;c__JAJRZV01;o__JAJRZV01;f__JAJRZV01;g__JAJRZV01;s__JAJRZV01 sp024275095	novel Bacteria	novel phylum	sylph
GCA_024275095.1_genomic	metaphlan	kingdom	Bray-Curtis distance	0.5	phylum	d__Bacteria;p__JAJRZV01;c__JAJRZV01;o__JAJRZV01;f__JAJRZV01;g__JAJRZV01;s__JAJRZV01 sp024275095	novel Bacteria	novel phylum	MetaPhlAn
GCA_024275095.1_genomic	metaphlan	phylum	Bray-Curtis distance	0.5	phylum	d__Bacteria;p__JAJRZV01;c__JAJRZV01;o__JAJRZV01;f__JAJRZV01;g__JAJRZV01;s__JAJRZV01 sp024275095	novel Bacteria	novel phylum	MetaPhlAn
GCA_024275095.1_genomic	metaphlan	class	Bray-Curtis distance	0.5	phylum	d__Bacteria;p__JAJRZV01;c__JAJRZV01;o__JAJRZV01;f__JAJRZV01;g__JAJRZV01;s__JAJRZV01 sp024275095	novel Bacteria	novel phylum	MetaPhlAn
GCA_024275095.1_genomic	metaphlan	order	Bray-Curtis distance	0.5	phylum	d__Bacteria;p__JAJRZV01;c__JAJRZV01;o__JAJRZV01;f__JAJRZV01;g__JAJRZV01;s__JAJRZV01 sp024275095	novel Bacteria	novel phylum	MetaPhlAn
GCA_024275095.1_genomic	metaphlan	family	Bray-Curtis distance	0.5	phylum	d__Bacteria;p__JAJRZV01;c__JAJRZV01;o__JAJRZV01;f__JAJRZV01;g__JAJRZV01;s__JAJRZV01 sp024275095	novel Bacteria	novel phylum	MetaPhlAn
GCA_024275095.1_genomic	metaphlan	genus	Bray-Curtis distance	0.5	phylum	d__Bacteria;p__JAJRZV01;c__JAJRZV01;o__JAJRZV01;f__JAJRZV01;g__JAJRZV01;s__JAJRZV01 sp024275095	novel Bacteria	novel phylum	MetaPhlAn
GCA_024275095.1_genomic	metaphlan	species	Bray-Curtis distance	1	phylum	d__Bacteria;p__JAJRZV01;c__JAJRZV01;o__JAJRZV01;f__JAJRZV01;g__JAJRZV01;s__JAJRZV01 sp024275095	novel Bacteria	novel phylum	MetaPhlAn
GCA_024275095.1_genomic	singlem	kingdom	Bray-Curtis distance	0.0180311890838207	phylum	d__Bacteria;p__JAJRZV01;c__JAJRZV01;o__JAJRZV01;f__JAJRZV01;g__JAJRZV01;s__JAJRZV01 sp024275095	novel Bacteria	novel phylum	SingleM
GCA_024275095.1_genomic	singlem	phylum	Bray-Curtis distance	0.392156862745098	phylum	d__Bacteria;p__JAJRZV01;c__JAJRZV01;o__JAJRZV01;f__JAJRZV01;g__JAJRZV01;s__JAJRZV01 sp024275095	novel Bacteria	novel phylum	SingleM
GCA_024275095.1_genomic	singlem	class	Bray-Curtis distance	0.374550212626758	phylum	d__Bacteria;p__JAJRZV01;c__JAJRZV01;o__JAJRZV01;f__JAJRZV01;g__JAJRZV01;s__JAJRZV01 sp024275095	novel Bacteria	novel phylum	SingleM
GCA_024275095.1_genomic	singlem	order	Bray-Curtis distance	0.374550212626758	phylum	d__Bacteria;p__JAJRZV01;c__JAJRZV01;o__JAJRZV01;f__JAJRZV01;g__JAJRZV01;s__JAJRZV01 sp024275095	novel Bacteria	novel phylum	SingleM
GCA_024275095.1_genomic	singlem	family	Bray-Curtis distance	0.36436170212766	phylum	d__Bacteria;p__JAJRZV01;c__JAJRZV01;o__JAJRZV01;f__JAJRZV01;g__JAJRZV01;s__JAJRZV01 sp024275095	novel Bacteria	novel phylum	SingleM
GCA_024275095.1_genomic	singlem	genus	Bray-Curtis distance	0.36436170212766	phylum	d__Bacteria;p__JAJRZV01;c__JAJRZV01;o__JAJRZV01;f__JAJRZV01;g__JAJRZV01;s__JAJRZV01 sp024275095	novel Bacteria	novel phylum	SingleM
GCA_024275095.1_genomic	singlem	species	Bray-Curtis distance	0.36436170212766	phylum	d__Bacteria;p__JAJRZV01;c__JAJRZV01;o__JAJRZV01;f__JAJRZV01;g__JAJRZV01;s__JAJRZV01 sp024275095	novel Bacteria	novel phylum	SingleM
GCA_024275095.1_genomic	singlem-regime3	kingdom	Bray-Curtis distance	0.0185728250244379	phylum	d__Bacteria;p__JAJRZV01;c__JAJRZV01;o__JAJRZV01;f__JAJRZV01;g__JAJRZV01;s__JAJRZV01 sp024275095	novel Bacteria	novel phylum	
GCA_024275095.1_genomic	singlem-regime3	phylum	Bray-Curtis distance	0.368792053828901	phylum	d__Bacteria;p__JAJRZV01;c__JAJRZV01;o__JAJRZV01;f__JAJRZV01;g__JAJRZV01;s__JAJRZV01 sp024275095	novel Bacteria	novel phylum	
GCA_024275095.1_genomic	singlem-regime3	class	Bray-Curtis distance	0.350049488617618	phylum	d__Bacteria;p__JAJRZV01;c__JAJRZV01;o__JAJRZV01;f__JAJRZV01;g__JAJRZV01;s__JAJRZV01 sp024275095	novel Bacteria	novel phylum	
GCA_024275095.1_genomic	singlem-regime3	order	Bray-Curtis distance	0.350049488617618	phylum	d__Bacteria;p__JAJRZV01;c__JAJRZV01;o__JAJRZV01;f__JAJRZV01;g__JAJRZV01;s__JAJRZV01 sp024275095	novel Bacteria	novel phylum	
GCA_024275095.1_genomic	singlem-regime3	family	Bray-Curtis distance	0.350049488617618	phylum	d__Bacteria;p__JAJRZV01;c__JAJRZV01;o__JAJRZV01;f__JAJRZV01;g__JAJRZV01;s__JAJRZV01 sp024275095	novel Bacteria	novel phylum	
GCA_024275095.1_genomic	singlem-regime3	genus	Bray-Curtis distance	0.350049488617618	phylum	d__Bacteria;p__JAJRZV01;c__JAJRZV01;o__JAJRZV01;f__JAJRZV01;g__JAJRZV01;s__JAJRZV01 sp024275095	novel Bacteria	novel phylum	
GCA_024275095.1_genomic	singlem-regime3	species	Bray-Curtis distance	0.350049488617618	phylum	d__Bacteria;p__JAJRZV01;c__JAJRZV01;o__JAJRZV01;f__JAJRZV01;g__JAJRZV01;s__JAJRZV01 sp024275095	novel Bacteria	novel phylum	
GCA_024277065.1_genomic	sylph	kingdom	Bray-Curtis distance	0.5	class	d__Bacteria;p__Planctomycetota;c__JAJSAM01;o__JAKLKS01;f__JAJVHW01;g__JAJRPF01;s__JAJRPF01 sp024277065	novel Bacteria	novel class	sylph
GCA_024277065.1_genomic	sylph	phylum	Bray-Curtis distance	0.5	class	d__Bacteria;p__Planctomycetota;c__JAJSAM01;o__JAKLKS01;f__JAJVHW01;g__JAJRPF01;s__JAJRPF01 sp024277065	novel Bacteria	novel class	sylph
GCA_024277065.1_genomic	sylph	class	Bray-Curtis distance	0.5	class	d__Bacteria;p__Planctomycetota;c__JAJSAM01;o__JAKLKS01;f__JAJVHW01;g__JAJRPF01;s__JAJRPF01 sp024277065	novel Bacteria	novel class	sylph
GCA_024277065.1_genomic	sylph	order	Bray-Curtis distance	0.5	class	d__Bacteria;p__Planctomycetota;c__JAJSAM01;o__JAKLKS01;f__JAJVHW01;g__JAJRPF01;s__JAJRPF01 sp024277065	novel Bacteria	novel class	sylph
GCA_024277065.1_genomic	sylph	family	Bray-Curtis distance	0.5	class	d__Bacteria;p__Planctomycetota;c__JAJSAM01;o__JAKLKS01;f__JAJVHW01;g__JAJRPF01;s__JAJRPF01 sp024277065	novel Bacteria	novel class	sylph
GCA_024277065.1_genomic	sylph	genus	Bray-Curtis distance	0.5	class	d__Bacteria;p__Planctomycetota;c__JAJSAM01;o__JAKLKS01;f__JAJVHW01;g__JAJRPF01;s__JAJRPF01 sp024277065	novel Bacteria	novel class	sylph
GCA_024277065.1_genomic	sylph	species	Bray-Curtis distance	0.5	class	d__Bacteria;p__Planctomycetota;c__JAJSAM01;o__JAKLKS01;f__JAJVHW01;g__JAJRPF01;s__JAJRPF01 sp024277065	novel Bacteria	novel class	sylph
GCA_024277065.1_genomic	metaphlan	kingdom	Bray-Curtis distance	0.5	class	d__Bacteria;p__Planctomycetota;c__JAJSAM01;o__JAKLKS01;f__JAJVHW01;g__JAJRPF01;s__JAJRPF01 sp024277065	novel Bacteria	novel class	MetaPhlAn
GCA_024277065.1_genomic	metaphlan	phylum	Bray-Curtis distance	0.5	class	d__Bacteria;p__Planctomycetota;c__JAJSAM01;o__JAKLKS01;f__JAJVHW01;g__JAJRPF01;s__JAJRPF01 sp024277065	novel Bacteria	novel class	MetaPhlAn
GCA_024277065.1_genomic	metaphlan	class	Bray-Curtis distance	0.5	class	d__Bacteria;p__Planctomycetota;c__JAJSAM01;o__JAKLKS01;f__JAJVHW01;g__JAJRPF01;s__JAJRPF01 sp024277065	novel Bacteria	novel class	MetaPhlAn
GCA_024277065.1_genomic	metaphlan	order	Bray-Curtis distance	0.5	class	d__Bacteria;p__Planctomycetota;c__JAJSAM01;o__JAKLKS01;f__JAJVHW01;g__JAJRPF01;s__JAJRPF01 sp024277065	novel Bacteria	novel class	MetaPhlAn
GCA_024277065.1_genomic	metaphlan	family	Bray-Curtis distance	0.5	class	d__Bacteria;p__Planctomycetota;c__JAJSAM01;o__JAKLKS01;f__JAJVHW01;g__JAJRPF01;s__JAJRPF01 sp024277065	novel Bacteria	novel class	MetaPhlAn
GCA_024277065.1_genomic	metaphlan	genus	Bray-Curtis distance	0.5	class	d__Bacteria;p__Planctomycetota;c__JAJSAM01;o__JAKLKS01;f__JAJVHW01;g__JAJRPF01;s__JAJRPF01 sp024277065	novel Bacteria	novel class	MetaPhlAn
GCA_024277065.1_genomic	metaphlan	species	Bray-Curtis distance	0.5	class	d__Bacteria;p__Planctomycetota;c__JAJSAM01;o__JAKLKS01;f__JAJVHW01;g__JAJRPF01;s__JAJRPF01 sp024277065	novel Bacteria	novel class	MetaPhlAn
GCA_024277065.1_genomic	singlem	kingdom	Bray-Curtis distance	0.032319391634981	class	d__Bacteria;p__Planctomycetota;c__JAJSAM01;o__JAKLKS01;f__JAJVHW01;g__JAJRPF01;s__JAJRPF01 sp024277065	novel Bacteria	novel class	SingleM
GCA_024277065.1_genomic	singlem	phylum	Bray-Curtis distance	0.142780461621041	class	d__Bacteria;p__Planctomycetota;c__JAJSAM01;o__JAKLKS01;f__JAJVHW01;g__JAJRPF01;s__JAJRPF01 sp024277065	novel Bacteria	novel class	SingleM
GCA_024277065.1_genomic	singlem	class	Bray-Curtis distance	0.352416128039397	class	d__Bacteria;p__Planctomycetota;c__JAJSAM01;o__JAKLKS01;f__JAJVHW01;g__JAJRPF01;s__JAJRPF01 sp024277065	novel Bacteria	novel class	SingleM
GCA_024277065.1_genomic	singlem	order	Bray-Curtis distance	0.338572775856649	class	d__Bacteria;p__Planctomycetota;c__JAJSAM01;o__JAKLKS01;f__JAJVHW01;g__JAJRPF01;s__JAJRPF01 sp024277065	novel Bacteria	novel class	SingleM
GCA_024277065.1_genomic	singlem	family	Bray-Curtis distance	0.338572775856649	class	d__Bacteria;p__Planctomycetota;c__JAJSAM01;o__JAKLKS01;f__JAJVHW01;g__JAJRPF01;s__JAJRPF01 sp024277065	novel Bacteria	novel class	SingleM
GCA_024277065.1_genomic	singlem	genus	Bray-Curtis distance	0.338572775856649	class	d__Bacteria;p__Planctomycetota;c__JAJSAM01;o__JAKLKS01;f__JAJVHW01;g__JAJRPF01;s__JAJRPF01 sp024277065	novel Bacteria	novel class	SingleM
GCA_024277065.1_genomic	singlem	species	Bray-Curtis distance	0.338572775856649	class	d__Bacteria;p__Planctomycetota;c__JAJSAM01;o__JAKLKS01;f__JAJVHW01;g__JAJRPF01;s__JAJRPF01 sp024277065	novel Bacteria	novel class	SingleM
GCA_024277065.1_genomic	singlem-regime3	kingdom	Bray-Curtis distance	0.0453230472516876	class	d__Bacteria;p__Planctomycetota;c__JAJSAM01;o__JAKLKS01;f__JAJVHW01;g__JAJRPF01;s__JAJRPF01 sp024277065	novel Bacteria	novel class	
GCA_024277065.1_genomic	singlem-regime3	phylum	Bray-Curtis distance	0.174015131750587	class	d__Bacteria;p__Planctomycetota;c__JAJSAM01;o__JAKLKS01;f__JAJVHW01;g__JAJRPF01;s__JAJRPF01 sp024277065	novel Bacteria	novel class	
GCA_024277065.1_genomic	singlem-regime3	class	Bray-Curtis distance	0.369029510191664	class	d__Bacteria;p__Planctomycetota;c__JAJSAM01;o__JAKLKS01;f__JAJVHW01;g__JAJRPF01;s__JAJRPF01 sp024277065	novel Bacteria	novel class	
GCA_024277065.1_genomic	singlem-regime3	order	Bray-Curtis distance	0.352886115444618	class	d__Bacteria;p__Planctomycetota;c__JAJSAM01;o__JAKLKS01;f__JAJVHW01;g__JAJRPF01;s__JAJRPF01 sp024277065	novel Bacteria	novel class	
GCA_024277065.1_genomic	singlem-regime3	family	Bray-Curtis distance	0.352886115444618	class	d__Bacteria;p__Planctomycetota;c__JAJSAM01;o__JAKLKS01;f__JAJVHW01;g__JAJRPF01;s__JAJRPF01 sp024277065	novel Bacteria	novel class	
GCA_024277065.1_genomic	singlem-regime3	genus	Bray-Curtis distance	0.352886115444618	class	d__Bacteria;p__Planctomycetota;c__JAJSAM01;o__JAKLKS01;f__JAJVHW01;g__JAJRPF01;s__JAJRPF01 sp024277065	novel Bacteria	novel class	
GCA_024277065.1_genomic	singlem-regime3	species	Bray-Curtis distance	0.352886115444618	class	d__Bacteria;p__Planctomycetota;c__JAJSAM01;o__JAKLKS01;f__JAJVHW01;g__JAJRPF01;s__JAJRPF01 sp024277065	novel Bacteria	novel class	
GCA_024281315.1_genomic	sylph	kingdom	Bray-Curtis distance	0.5	order	d__Archaea;p__Thermoplasmatota;c__Thermoplasmata;o__JAJSAE01;f__JAJSAE01;g__JAJSAE01;s__JAJSAE01 sp024281315	novel Archaea	novel order	sylph
GCA_024281315.1_genomic	sylph	phylum	Bray-Curtis distance	0.5	order	d__Archaea;p__Thermoplasmatota;c__Thermoplasmata;o__JAJSAE01;f__JAJSAE01;g__JAJSAE01;s__JAJSAE01 sp024281315	novel Archaea	novel order	sylph
GCA_024281315.1_genomic	sylph	class	Bray-Curtis distance	0.5	order	d__Archaea;p__Thermoplasmatota;c__Thermoplasmata;o__JAJSAE01;f__JAJSAE01;g__JAJSAE01;s__JAJSAE01 sp024281315	novel Archaea	novel order	sylph
GCA_024281315.1_genomic	sylph	order	Bray-Curtis distance	0.5	order	d__Archaea;p__Thermoplasmatota;c__Thermoplasmata;o__JAJSAE01;f__JAJSAE01;g__JAJSAE01;s__JAJSAE01 sp024281315	novel Archaea	novel order	sylph
GCA_024281315.1_genomic	sylph	family	Bray-Curtis distance	0.5	order	d__Archaea;p__Thermoplasmatota;c__Thermoplasmata;o__JAJSAE01;f__JAJSAE01;g__JAJSAE01;s__JAJSAE01 sp024281315	novel Archaea	novel order	sylph
GCA_024281315.1_genomic	sylph	genus	Bray-Curtis distance	0.5	order	d__Archaea;p__Thermoplasmatota;c__Thermoplasmata;o__JAJSAE01;f__JAJSAE01;g__JAJSAE01;s__JAJSAE01 sp024281315	novel Archaea	novel order	sylph
GCA_024281315.1_genomic	sylph	species	Bray-Curtis distance	0.5	order	d__Archaea;p__Thermoplasmatota;c__Thermoplasmata;o__JAJSAE01;f__JAJSAE01;g__JAJSAE01;s__JAJSAE01 sp024281315	novel Archaea	novel order	sylph
GCA_024281315.1_genomic	metaphlan	kingdom	Bray-Curtis distance	0.5	order	d__Archaea;p__Thermoplasmatota;c__Thermoplasmata;o__JAJSAE01;f__JAJSAE01;g__JAJSAE01;s__JAJSAE01 sp024281315	novel Archaea	novel order	MetaPhlAn
GCA_024281315.1_genomic	metaphlan	phylum	Bray-Curtis distance	0.5	order	d__Archaea;p__Thermoplasmatota;c__Thermoplasmata;o__JAJSAE01;f__JAJSAE01;g__JAJSAE01;s__JAJSAE01 sp024281315	novel Archaea	novel order	MetaPhlAn
GCA_024281315.1_genomic	metaphlan	class	Bray-Curtis distance	0.5	order	d__Archaea;p__Thermoplasmatota;c__Thermoplasmata;o__JAJSAE01;f__JAJSAE01;g__JAJSAE01;s__JAJSAE01 sp024281315	novel Archaea	novel order	MetaPhlAn
GCA_024281315.1_genomic	metaphlan	order	Bray-Curtis distance	0.5	order	d__Archaea;p__Thermoplasmatota;c__Thermoplasmata;o__JAJSAE01;f__JAJSAE01;g__JAJSAE01;s__JAJSAE01 sp024281315	novel Archaea	novel order	MetaPhlAn
GCA_024281315.1_genomic	metaphlan	family	Bray-Curtis distance	0.5	order	d__Archaea;p__Thermoplasmatota;c__Thermoplasmata;o__JAJSAE01;f__JAJSAE01;g__JAJSAE01;s__JAJSAE01 sp024281315	novel Archaea	novel order	MetaPhlAn
GCA_024281315.1_genomic	metaphlan	genus	Bray-Curtis distance	0.5	order	d__Archaea;p__Thermoplasmatota;c__Thermoplasmata;o__JAJSAE01;f__JAJSAE01;g__JAJSAE01;s__JAJSAE01 sp024281315	novel Archaea	novel order	MetaPhlAn
GCA_024281315.1_genomic	metaphlan	species	Bray-Curtis distance	0.5	order	d__Archaea;p__Thermoplasmatota;c__Thermoplasmata;o__JAJSAE01;f__JAJSAE01;g__JAJSAE01;s__JAJSAE01 sp024281315	novel Archaea	novel order	MetaPhlAn
GCA_024281315.1_genomic	singlem	kingdom	Bray-Curtis distance	0.2544	order	d__Archaea;p__Thermoplasmatota;c__Thermoplasmata;o__JAJSAE01;f__JAJSAE01;g__JAJSAE01;s__JAJSAE01 sp024281315	novel Archaea	novel order	SingleM
GCA_024281315.1_genomic	singlem	phylum	Bray-Curtis distance	0.245954692556634	order	d__Archaea;p__Thermoplasmatota;c__Thermoplasmata;o__JAJSAE01;f__JAJSAE01;g__JAJSAE01;s__JAJSAE01 sp024281315	novel Archaea	novel order	SingleM
GCA_024281315.1_genomic	singlem	class	Bray-Curtis distance	0.242584315318976	order	d__Archaea;p__Thermoplasmatota;c__Thermoplasmata;o__JAJSAE01;f__JAJSAE01;g__JAJSAE01;s__JAJSAE01 sp024281315	novel Archaea	novel order	SingleM
GCA_024281315.1_genomic	singlem	order	Bray-Curtis distance	0.693153423288356	order	d__Archaea;p__Thermoplasmatota;c__Thermoplasmata;o__JAJSAE01;f__JAJSAE01;g__JAJSAE01;s__JAJSAE01 sp024281315	novel Archaea	novel order	SingleM
GCA_024281315.1_genomic	singlem	family	Bray-Curtis distance	0.659182498560737	order	d__Archaea;p__Thermoplasmatota;c__Thermoplasmata;o__JAJSAE01;f__JAJSAE01;g__JAJSAE01;s__JAJSAE01 sp024281315	novel Archaea	novel order	SingleM
GCA_024281315.1_genomic	singlem	genus	Bray-Curtis distance	0.617076326002587	order	d__Archaea;p__Thermoplasmatota;c__Thermoplasmata;o__JAJSAE01;f__JAJSAE01;g__JAJSAE01;s__JAJSAE01 sp024281315	novel Archaea	novel order	SingleM
GCA_024281315.1_genomic	singlem	species	Bray-Curtis distance	0.617076326002587	order	d__Archaea;p__Thermoplasmatota;c__Thermoplasmata;o__JAJSAE01;f__JAJSAE01;g__JAJSAE01;s__JAJSAE01 sp024281315	novel Archaea	novel order	SingleM
GCA_024281315.1_genomic	singlem-regime3	kingdom	Bray-Curtis distance	0.0882352941176471	order	d__Archaea;p__Thermoplasmatota;c__Thermoplasmata;o__JAJSAE01;f__JAJSAE01;g__JAJSAE01;s__JAJSAE01 sp024281315	novel Archaea	novel order	
GCA_024281315.1_genomic	singlem-regime3	phylum	Bray-Curtis distance	0.0578718108276291	order	d__Archaea;p__Thermoplasmatota;c__Thermoplasmata;o__JAJSAE01;f__JAJSAE01;g__JAJSAE01;s__JAJSAE01 sp024281315	novel Archaea	novel order	
GCA_024281315.1_genomic	singlem-regime3	class	Bray-Curtis distance	0.0578718108276291	order	d__Archaea;p__Thermoplasmatota;c__Thermoplasmata;o__JAJSAE01;f__JAJSAE01;g__JAJSAE01;s__JAJSAE01 sp024281315	novel Archaea	novel order	
GCA_024281315.1_genomic	singlem-regime3	order	Bray-Curtis distance	0.472693032015066	order	d__Archaea;p__Thermoplasmatota;c__Thermoplasmata;o__JAJSAE01;f__JAJSAE01;g__JAJSAE01;s__JAJSAE01 sp024281315	novel Archaea	novel order	
GCA_024281315.1_genomic	singlem-regime3	family	Bray-Curtis distance	0.472693032015066	order	d__Archaea;p__Thermoplasmatota;c__Thermoplasmata;o__JAJSAE01;f__JAJSAE01;g__JAJSAE01;s__JAJSAE01 sp024281315	novel Archaea	novel order	
GCA_024281315.1_genomic	singlem-regime3	genus	Bray-Curtis distance	0.416666666666667	order	d__Archaea;p__Thermoplasmatota;c__Thermoplasmata;o__JAJSAE01;f__JAJSAE01;g__JAJSAE01;s__JAJSAE01 sp024281315	novel Archaea	novel order	
GCA_024281315.1_genomic	singlem-regime3	species	Bray-Curtis distance	0.416666666666667	order	d__Archaea;p__Thermoplasmatota;c__Thermoplasmata;o__JAJSAE01;f__JAJSAE01;g__JAJSAE01;s__JAJSAE01 sp024281315	novel Archaea	novel order	
GCA_024518575.1_genomic	sylph	kingdom	Bray-Curtis distance	0.5	species	d__Archaea;p__Halobacteriota;c__Methanosarcinia;o__Methanotrichales;f__Methanotrichaceae;g__Methanothrix_B;s__Methanothrix_B sp024518575	novel Archaea	novel species	sylph
GCA_024518575.1_genomic	sylph	phylum	Bray-Curtis distance	0.5	species	d__Archaea;p__Halobacteriota;c__Methanosarcinia;o__Methanotrichales;f__Methanotrichaceae;g__Methanothrix_B;s__Methanothrix_B sp024518575	novel Archaea	novel species	sylph
GCA_024518575.1_genomic	sylph	class	Bray-Curtis distance	0.5	species	d__Archaea;p__Halobacteriota;c__Methanosarcinia;o__Methanotrichales;f__Methanotrichaceae;g__Methanothrix_B;s__Methanothrix_B sp024518575	novel Archaea	novel species	sylph
GCA_024518575.1_genomic	sylph	order	Bray-Curtis distance	0.5	species	d__Archaea;p__Halobacteriota;c__Methanosarcinia;o__Methanotrichales;f__Methanotrichaceae;g__Methanothrix_B;s__Methanothrix_B sp024518575	novel Archaea	novel species	sylph
GCA_024518575.1_genomic	sylph	family	Bray-Curtis distance	0.5	species	d__Archaea;p__Halobacteriota;c__Methanosarcinia;o__Methanotrichales;f__Methanotrichaceae;g__Methanothrix_B;s__Methanothrix_B sp024518575	novel Archaea	novel species	sylph
GCA_024518575.1_genomic	sylph	genus	Bray-Curtis distance	0.5	species	d__Archaea;p__Halobacteriota;c__Methanosarcinia;o__Methanotrichales;f__Methanotrichaceae;g__Methanothrix_B;s__Methanothrix_B sp024518575	novel Archaea	novel species	sylph
GCA_024518575.1_genomic	sylph	species	Bray-Curtis distance	0.5	species	d__Archaea;p__Halobacteriota;c__Methanosarcinia;o__Methanotrichales;f__Methanotrichaceae;g__Methanothrix_B;s__Methanothrix_B sp024518575	novel Archaea	novel species	sylph
GCA_024518575.1_genomic	metaphlan	kingdom	Bray-Curtis distance	0.5	species	d__Archaea;p__Halobacteriota;c__Methanosarcinia;o__Methanotrichales;f__Methanotrichaceae;g__Methanothrix_B;s__Methanothrix_B sp024518575	novel Archaea	novel species	MetaPhlAn
GCA_024518575.1_genomic	metaphlan	phylum	Bray-Curtis distance	0.5	species	d__Archaea;p__Halobacteriota;c__Methanosarcinia;o__Methanotrichales;f__Methanotrichaceae;g__Methanothrix_B;s__Methanothrix_B sp024518575	novel Archaea	novel species	MetaPhlAn
GCA_024518575.1_genomic	metaphlan	class	Bray-Curtis distance	0.5	species	d__Archaea;p__Halobacteriota;c__Methanosarcinia;o__Methanotrichales;f__Methanotrichaceae;g__Methanothrix_B;s__Methanothrix_B sp024518575	novel Archaea	novel species	MetaPhlAn
GCA_024518575.1_genomic	metaphlan	order	Bray-Curtis distance	0.5	species	d__Archaea;p__Halobacteriota;c__Methanosarcinia;o__Methanotrichales;f__Methanotrichaceae;g__Methanothrix_B;s__Methanothrix_B sp024518575	novel Archaea	novel species	MetaPhlAn
GCA_024518575.1_genomic	metaphlan	family	Bray-Curtis distance	0.5	species	d__Archaea;p__Halobacteriota;c__Methanosarcinia;o__Methanotrichales;f__Methanotrichaceae;g__Methanothrix_B;s__Methanothrix_B sp024518575	novel Archaea	novel species	MetaPhlAn
GCA_024518575.1_genomic	metaphlan	genus	Bray-Curtis distance	0.5	species	d__Archaea;p__Halobacteriota;c__Methanosarcinia;o__Methanotrichales;f__Methanotrichaceae;g__Methanothrix_B;s__Methanothrix_B sp024518575	novel Archaea	novel species	MetaPhlAn
GCA_024518575.1_genomic	metaphlan	species	Bray-Curtis distance	1	species	d__Archaea;p__Halobacteriota;c__Methanosarcinia;o__Methanotrichales;f__Methanotrichaceae;g__Methanothrix_B;s__Methanothrix_B sp024518575	novel Archaea	novel species	MetaPhlAn
GCA_024518575.1_genomic	singlem	kingdom	Bray-Curtis distance	0.0680289705121573	species	d__Archaea;p__Halobacteriota;c__Methanosarcinia;o__Methanotrichales;f__Methanotrichaceae;g__Methanothrix_B;s__Methanothrix_B sp024518575	novel Archaea	novel species	SingleM
GCA_024518575.1_genomic	singlem	phylum	Bray-Curtis distance	0.072006261414036	species	d__Archaea;p__Halobacteriota;c__Methanosarcinia;o__Methanotrichales;f__Methanotrichaceae;g__Methanothrix_B;s__Methanothrix_B sp024518575	novel Archaea	novel species	SingleM
GCA_024518575.1_genomic	singlem	class	Bray-Curtis distance	0.072006261414036	species	d__Archaea;p__Halobacteriota;c__Methanosarcinia;o__Methanotrichales;f__Methanotrichaceae;g__Methanothrix_B;s__Methanothrix_B sp024518575	novel Archaea	novel species	SingleM
GCA_024518575.1_genomic	singlem	order	Bray-Curtis distance	0.072006261414036	species	d__Archaea;p__Halobacteriota;c__Methanosarcinia;o__Methanotrichales;f__Methanotrichaceae;g__Methanothrix_B;s__Methanothrix_B sp024518575	novel Archaea	novel species	SingleM
GCA_024518575.1_genomic	singlem	family	Bray-Curtis distance	0.072006261414036	species	d__Archaea;p__Halobacteriota;c__Methanosarcinia;o__Methanotrichales;f__Methanotrichaceae;g__Methanothrix_B;s__Methanothrix_B sp024518575	novel Archaea	novel species	SingleM
GCA_024518575.1_genomic	singlem	genus	Bray-Curtis distance	0.0609820485744456	species	d__Archaea;p__Halobacteriota;c__Methanosarcinia;o__Methanotrichales;f__Methanotrichaceae;g__Methanothrix_B;s__Methanothrix_B sp024518575	novel Archaea	novel species	SingleM
GCA_024518575.1_genomic	singlem	species	Bray-Curtis distance	0.408378870673953	species	d__Archaea;p__Halobacteriota;c__Methanosarcinia;o__Methanotrichales;f__Methanotrichaceae;g__Methanothrix_B;s__Methanothrix_B sp024518575	novel Archaea	novel species	SingleM
GCA_024518575.1_genomic	singlem-regime3	kingdom	Bray-Curtis distance	0.0214356929212363	species	d__Archaea;p__Halobacteriota;c__Methanosarcinia;o__Methanotrichales;f__Methanotrichaceae;g__Methanothrix_B;s__Methanothrix_B sp024518575	novel Archaea	novel species	
GCA_024518575.1_genomic	singlem-regime3	phylum	Bray-Curtis distance	0.0214356929212363	species	d__Archaea;p__Halobacteriota;c__Methanosarcinia;o__Methanotrichales;f__Methanotrichaceae;g__Methanothrix_B;s__Methanothrix_B sp024518575	novel Archaea	novel species	
GCA_024518575.1_genomic	singlem-regime3	class	Bray-Curtis distance	0.0214356929212363	species	d__Archaea;p__Halobacteriota;c__Methanosarcinia;o__Methanotrichales;f__Methanotrichaceae;g__Methanothrix_B;s__Methanothrix_B sp024518575	novel Archaea	novel species	
GCA_024518575.1_genomic	singlem-regime3	order	Bray-Curtis distance	0.0214356929212363	species	d__Archaea;p__Halobacteriota;c__Methanosarcinia;o__Methanotrichales;f__Methanotrichaceae;g__Methanothrix_B;s__Methanothrix_B sp024518575	novel Archaea	novel species	
GCA_024518575.1_genomic	singlem-regime3	family	Bray-Curtis distance	0.0214356929212363	species	d__Archaea;p__Halobacteriota;c__Methanosarcinia;o__Methanotrichales;f__Methanotrichaceae;g__Methanothrix_B;s__Methanothrix_B sp024518575	novel Archaea	novel species	
GCA_024518575.1_genomic	singlem-regime3	genus	Bray-Curtis distance	0.0187912646013205	species	d__Archaea;p__Halobacteriota;c__Methanosarcinia;o__Methanotrichales;f__Methanotrichaceae;g__Methanothrix_B;s__Methanothrix_B sp024518575	novel Archaea	novel species	
GCA_024518575.1_genomic	singlem-regime3	species	Bray-Curtis distance	0.402322404371585	species	d__Archaea;p__Halobacteriota;c__Methanosarcinia;o__Methanotrichales;f__Methanotrichaceae;g__Methanothrix_B;s__Methanothrix_B sp024518575	novel Archaea	novel species	
GCA_024655865.1_genomic	sylph	kingdom	Bray-Curtis distance	0.5	phylum	d__Bacteria;p__JANLFM01;c__JANLFM01;o__JANLFM01;f__JANLFM01;g__JANLFM01;s__JANLFM01 sp024655865	novel Bacteria	novel phylum	sylph
GCA_024655865.1_genomic	sylph	phylum	Bray-Curtis distance	0.5	phylum	d__Bacteria;p__JANLFM01;c__JANLFM01;o__JANLFM01;f__JANLFM01;g__JANLFM01;s__JANLFM01 sp024655865	novel Bacteria	novel phylum	sylph
GCA_024655865.1_genomic	sylph	class	Bray-Curtis distance	0.5	phylum	d__Bacteria;p__JANLFM01;c__JANLFM01;o__JANLFM01;f__JANLFM01;g__JANLFM01;s__JANLFM01 sp024655865	novel Bacteria	novel phylum	sylph
GCA_024655865.1_genomic	sylph	order	Bray-Curtis distance	0.5	phylum	d__Bacteria;p__JANLFM01;c__JANLFM01;o__JANLFM01;f__JANLFM01;g__JANLFM01;s__JANLFM01 sp024655865	novel Bacteria	novel phylum	sylph
GCA_024655865.1_genomic	sylph	family	Bray-Curtis distance	0.5	phylum	d__Bacteria;p__JANLFM01;c__JANLFM01;o__JANLFM01;f__JANLFM01;g__JANLFM01;s__JANLFM01 sp024655865	novel Bacteria	novel phylum	sylph
GCA_024655865.1_genomic	sylph	genus	Bray-Curtis distance	0.5	phylum	d__Bacteria;p__JANLFM01;c__JANLFM01;o__JANLFM01;f__JANLFM01;g__JANLFM01;s__JANLFM01 sp024655865	novel Bacteria	novel phylum	sylph
GCA_024655865.1_genomic	sylph	species	Bray-Curtis distance	0.5	phylum	d__Bacteria;p__JANLFM01;c__JANLFM01;o__JANLFM01;f__JANLFM01;g__JANLFM01;s__JANLFM01 sp024655865	novel Bacteria	novel phylum	sylph
GCA_024655865.1_genomic	metaphlan	kingdom	Bray-Curtis distance	0.5	phylum	d__Bacteria;p__JANLFM01;c__JANLFM01;o__JANLFM01;f__JANLFM01;g__JANLFM01;s__JANLFM01 sp024655865	novel Bacteria	novel phylum	MetaPhlAn
GCA_024655865.1_genomic	metaphlan	phylum	Bray-Curtis distance	0.5	phylum	d__Bacteria;p__JANLFM01;c__JANLFM01;o__JANLFM01;f__JANLFM01;g__JANLFM01;s__JANLFM01 sp024655865	novel Bacteria	novel phylum	MetaPhlAn
GCA_024655865.1_genomic	metaphlan	class	Bray-Curtis distance	0.5	phylum	d__Bacteria;p__JANLFM01;c__JANLFM01;o__JANLFM01;f__JANLFM01;g__JANLFM01;s__JANLFM01 sp024655865	novel Bacteria	novel phylum	MetaPhlAn
GCA_024655865.1_genomic	metaphlan	order	Bray-Curtis distance	0.5	phylum	d__Bacteria;p__JANLFM01;c__JANLFM01;o__JANLFM01;f__JANLFM01;g__JANLFM01;s__JANLFM01 sp024655865	novel Bacteria	novel phylum	MetaPhlAn
GCA_024655865.1_genomic	metaphlan	family	Bray-Curtis distance	0.5	phylum	d__Bacteria;p__JANLFM01;c__JANLFM01;o__JANLFM01;f__JANLFM01;g__JANLFM01;s__JANLFM01 sp024655865	novel Bacteria	novel phylum	MetaPhlAn
GCA_024655865.1_genomic	metaphlan	genus	Bray-Curtis distance	0.5	phylum	d__Bacteria;p__JANLFM01;c__JANLFM01;o__JANLFM01;f__JANLFM01;g__JANLFM01;s__JANLFM01 sp024655865	novel Bacteria	novel phylum	MetaPhlAn
GCA_024655865.1_genomic	metaphlan	species	Bray-Curtis distance	0.5	phylum	d__Bacteria;p__JANLFM01;c__JANLFM01;o__JANLFM01;f__JANLFM01;g__JANLFM01;s__JANLFM01 sp024655865	novel Bacteria	novel phylum	MetaPhlAn
GCA_024655865.1_genomic	singlem	kingdom	Bray-Curtis distance	0.0679916317991632	phylum	d__Bacteria;p__JANLFM01;c__JANLFM01;o__JANLFM01;f__JANLFM01;g__JANLFM01;s__JANLFM01 sp024655865	novel Bacteria	novel phylum	SingleM
GCA_024655865.1_genomic	singlem	phylum	Bray-Curtis distance	0.420505200594354	phylum	d__Bacteria;p__JANLFM01;c__JANLFM01;o__JANLFM01;f__JANLFM01;g__JANLFM01;s__JANLFM01 sp024655865	novel Bacteria	novel phylum	SingleM
GCA_024655865.1_genomic	singlem	class	Bray-Curtis distance	0.420505200594354	phylum	d__Bacteria;p__JANLFM01;c__JANLFM01;o__JANLFM01;f__JANLFM01;g__JANLFM01;s__JANLFM01 sp024655865	novel Bacteria	novel phylum	SingleM
GCA_024655865.1_genomic	singlem	order	Bray-Curtis distance	0.420505200594354	phylum	d__Bacteria;p__JANLFM01;c__JANLFM01;o__JANLFM01;f__JANLFM01;g__JANLFM01;s__JANLFM01 sp024655865	novel Bacteria	novel phylum	SingleM
GCA_024655865.1_genomic	singlem	family	Bray-Curtis distance	0.420505200594354	phylum	d__Bacteria;p__JANLFM01;c__JANLFM01;o__JANLFM01;f__JANLFM01;g__JANLFM01;s__JANLFM01 sp024655865	novel Bacteria	novel phylum	SingleM
GCA_024655865.1_genomic	singlem	genus	Bray-Curtis distance	0.420505200594354	phylum	d__Bacteria;p__JANLFM01;c__JANLFM01;o__JANLFM01;f__JANLFM01;g__JANLFM01;s__JANLFM01 sp024655865	novel Bacteria	novel phylum	SingleM
GCA_024655865.1_genomic	singlem	species	Bray-Curtis distance	0.420505200594354	phylum	d__Bacteria;p__JANLFM01;c__JANLFM01;o__JANLFM01;f__JANLFM01;g__JANLFM01;s__JANLFM01 sp024655865	novel Bacteria	novel phylum	SingleM
GCA_024655865.1_genomic	singlem-regime3	kingdom	Bray-Curtis distance	0.0057128663686041	phylum	d__Bacteria;p__JANLFM01;c__JANLFM01;o__JANLFM01;f__JANLFM01;g__JANLFM01;s__JANLFM01 sp024655865	novel Bacteria	novel phylum	
GCA_024655865.1_genomic	singlem-regime3	phylum	Bray-Curtis distance	0.3731241473397	phylum	d__Bacteria;p__JANLFM01;c__JANLFM01;o__JANLFM01;f__JANLFM01;g__JANLFM01;s__JANLFM01 sp024655865	novel Bacteria	novel phylum	
GCA_024655865.1_genomic	singlem-regime3	class	Bray-Curtis distance	0.3731241473397	phylum	d__Bacteria;p__JANLFM01;c__JANLFM01;o__JANLFM01;f__JANLFM01;g__JANLFM01;s__JANLFM01 sp024655865	novel Bacteria	novel phylum	
GCA_024655865.1_genomic	singlem-regime3	order	Bray-Curtis distance	0.3731241473397	phylum	d__Bacteria;p__JANLFM01;c__JANLFM01;o__JANLFM01;f__JANLFM01;g__JANLFM01;s__JANLFM01 sp024655865	novel Bacteria	novel phylum	
GCA_024655865.1_genomic	singlem-regime3	family	Bray-Curtis distance	0.3731241473397	phylum	d__Bacteria;p__JANLFM01;c__JANLFM01;o__JANLFM01;f__JANLFM01;g__JANLFM01;s__JANLFM01 sp024655865	novel Bacteria	novel phylum	
GCA_024655865.1_genomic	singlem-regime3	genus	Bray-Curtis distance	0.3731241473397	phylum	d__Bacteria;p__JANLFM01;c__JANLFM01;o__JANLFM01;f__JANLFM01;g__JANLFM01;s__JANLFM01 sp024655865	novel Bacteria	novel phylum	
GCA_024655865.1_genomic	singlem-regime3	species	Bray-Curtis distance	0.3731241473397	phylum	d__Bacteria;p__JANLFM01;c__JANLFM01;o__JANLFM01;f__JANLFM01;g__JANLFM01;s__JANLFM01 sp024655865	novel Bacteria	novel phylum	
GCA_024655965.1_genomic	sylph	kingdom	Bray-Curtis distance	0.5	phylum	d__Bacteria;p__JANLFM01;c__JANLFM01;o__JANLFM01;f__JANLFM01;g__JANLFM01;s__JANLFM01 sp024655965	novel Bacteria	novel phylum	sylph
GCA_024655965.1_genomic	sylph	phylum	Bray-Curtis distance	0.5	phylum	d__Bacteria;p__JANLFM01;c__JANLFM01;o__JANLFM01;f__JANLFM01;g__JANLFM01;s__JANLFM01 sp024655965	novel Bacteria	novel phylum	sylph
GCA_024655965.1_genomic	sylph	class	Bray-Curtis distance	0.5	phylum	d__Bacteria;p__JANLFM01;c__JANLFM01;o__JANLFM01;f__JANLFM01;g__JANLFM01;s__JANLFM01 sp024655965	novel Bacteria	novel phylum	sylph
GCA_024655965.1_genomic	sylph	order	Bray-Curtis distance	0.5	phylum	d__Bacteria;p__JANLFM01;c__JANLFM01;o__JANLFM01;f__JANLFM01;g__JANLFM01;s__JANLFM01 sp024655965	novel Bacteria	novel phylum	sylph
GCA_024655965.1_genomic	sylph	family	Bray-Curtis distance	0.5	phylum	d__Bacteria;p__JANLFM01;c__JANLFM01;o__JANLFM01;f__JANLFM01;g__JANLFM01;s__JANLFM01 sp024655965	novel Bacteria	novel phylum	sylph
GCA_024655965.1_genomic	sylph	genus	Bray-Curtis distance	0.5	phylum	d__Bacteria;p__JANLFM01;c__JANLFM01;o__JANLFM01;f__JANLFM01;g__JANLFM01;s__JANLFM01 sp024655965	novel Bacteria	novel phylum	sylph
GCA_024655965.1_genomic	sylph	species	Bray-Curtis distance	0.5	phylum	d__Bacteria;p__JANLFM01;c__JANLFM01;o__JANLFM01;f__JANLFM01;g__JANLFM01;s__JANLFM01 sp024655965	novel Bacteria	novel phylum	sylph
GCA_024655965.1_genomic	metaphlan	kingdom	Bray-Curtis distance	0.5	phylum	d__Bacteria;p__JANLFM01;c__JANLFM01;o__JANLFM01;f__JANLFM01;g__JANLFM01;s__JANLFM01 sp024655965	novel Bacteria	novel phylum	MetaPhlAn
GCA_024655965.1_genomic	metaphlan	phylum	Bray-Curtis distance	0.5	phylum	d__Bacteria;p__JANLFM01;c__JANLFM01;o__JANLFM01;f__JANLFM01;g__JANLFM01;s__JANLFM01 sp024655965	novel Bacteria	novel phylum	MetaPhlAn
GCA_024655965.1_genomic	metaphlan	class	Bray-Curtis distance	0.5	phylum	d__Bacteria;p__JANLFM01;c__JANLFM01;o__JANLFM01;f__JANLFM01;g__JANLFM01;s__JANLFM01 sp024655965	novel Bacteria	novel phylum	MetaPhlAn
GCA_024655965.1_genomic	metaphlan	order	Bray-Curtis distance	0.5	phylum	d__Bacteria;p__JANLFM01;c__JANLFM01;o__JANLFM01;f__JANLFM01;g__JANLFM01;s__JANLFM01 sp024655965	novel Bacteria	novel phylum	MetaPhlAn
GCA_024655965.1_genomic	metaphlan	family	Bray-Curtis distance	0.5	phylum	d__Bacteria;p__JANLFM01;c__JANLFM01;o__JANLFM01;f__JANLFM01;g__JANLFM01;s__JANLFM01 sp024655965	novel Bacteria	novel phylum	MetaPhlAn
GCA_024655965.1_genomic	metaphlan	genus	Bray-Curtis distance	0.5	phylum	d__Bacteria;p__JANLFM01;c__JANLFM01;o__JANLFM01;f__JANLFM01;g__JANLFM01;s__JANLFM01 sp024655965	novel Bacteria	novel phylum	MetaPhlAn
GCA_024655965.1_genomic	metaphlan	species	Bray-Curtis distance	0.5	phylum	d__Bacteria;p__JANLFM01;c__JANLFM01;o__JANLFM01;f__JANLFM01;g__JANLFM01;s__JANLFM01 sp024655965	novel Bacteria	novel phylum	MetaPhlAn
GCA_024655965.1_genomic	singlem	kingdom	Bray-Curtis distance	0.0694200351493849	phylum	d__Bacteria;p__JANLFM01;c__JANLFM01;o__JANLFM01;f__JANLFM01;g__JANLFM01;s__JANLFM01 sp024655965	novel Bacteria	novel phylum	SingleM
GCA_024655965.1_genomic	singlem	phylum	Bray-Curtis distance	0.432247687977483	phylum	d__Bacteria;p__JANLFM01;c__JANLFM01;o__JANLFM01;f__JANLFM01;g__JANLFM01;s__JANLFM01 sp024655965	novel Bacteria	novel phylum	SingleM
GCA_024655965.1_genomic	singlem	class	Bray-Curtis distance	0.414836303356817	phylum	d__Bacteria;p__JANLFM01;c__JANLFM01;o__JANLFM01;f__JANLFM01;g__JANLFM01;s__JANLFM01 sp024655965	novel Bacteria	novel phylum	SingleM
GCA_024655965.1_genomic	singlem	order	Bray-Curtis distance	0.414836303356817	phylum	d__Bacteria;p__JANLFM01;c__JANLFM01;o__JANLFM01;f__JANLFM01;g__JANLFM01;s__JANLFM01 sp024655965	novel Bacteria	novel phylum	SingleM
GCA_024655965.1_genomic	singlem	family	Bray-Curtis distance	0.414836303356817	phylum	d__Bacteria;p__JANLFM01;c__JANLFM01;o__JANLFM01;f__JANLFM01;g__JANLFM01;s__JANLFM01 sp024655965	novel Bacteria	novel phylum	SingleM
GCA_024655965.1_genomic	singlem	genus	Bray-Curtis distance	0.414836303356817	phylum	d__Bacteria;p__JANLFM01;c__JANLFM01;o__JANLFM01;f__JANLFM01;g__JANLFM01;s__JANLFM01 sp024655965	novel Bacteria	novel phylum	SingleM
GCA_024655965.1_genomic	singlem	species	Bray-Curtis distance	0.414836303356817	phylum	d__Bacteria;p__JANLFM01;c__JANLFM01;o__JANLFM01;f__JANLFM01;g__JANLFM01;s__JANLFM01 sp024655965	novel Bacteria	novel phylum	SingleM
GCA_024655965.1_genomic	singlem-regime3	kingdom	Bray-Curtis distance	0.0385064177362894	phylum	d__Bacteria;p__JANLFM01;c__JANLFM01;o__JANLFM01;f__JANLFM01;g__JANLFM01;s__JANLFM01 sp024655965	novel Bacteria	novel phylum	
GCA_024655965.1_genomic	singlem-regime3	phylum	Bray-Curtis distance	0.380336858597728	phylum	d__Bacteria;p__JANLFM01;c__JANLFM01;o__JANLFM01;f__JANLFM01;g__JANLFM01;s__JANLFM01 sp024655965	novel Bacteria	novel phylum	
GCA_024655965.1_genomic	singlem-regime3	class	Bray-Curtis distance	0.368463073852295	phylum	d__Bacteria;p__JANLFM01;c__JANLFM01;o__JANLFM01;f__JANLFM01;g__JANLFM01;s__JANLFM01 sp024655965	novel Bacteria	novel phylum	
GCA_024655965.1_genomic	singlem-regime3	order	Bray-Curtis distance	0.368463073852295	phylum	d__Bacteria;p__JANLFM01;c__JANLFM01;o__JANLFM01;f__JANLFM01;g__JANLFM01;s__JANLFM01 sp024655965	novel Bacteria	novel phylum	
GCA_024655965.1_genomic	singlem-regime3	family	Bray-Curtis distance	0.368463073852295	phylum	d__Bacteria;p__JANLFM01;c__JANLFM01;o__JANLFM01;f__JANLFM01;g__JANLFM01;s__JANLFM01 sp024655965	novel Bacteria	novel phylum	
GCA_024655965.1_genomic	singlem-regime3	genus	Bray-Curtis distance	0.368463073852295	phylum	d__Bacteria;p__JANLFM01;c__JANLFM01;o__JANLFM01;f__JANLFM01;g__JANLFM01;s__JANLFM01 sp024655965	novel Bacteria	novel phylum	
GCA_024655965.1_genomic	singlem-regime3	species	Bray-Curtis distance	0.368463073852295	phylum	d__Bacteria;p__JANLFM01;c__JANLFM01;o__JANLFM01;f__JANLFM01;g__JANLFM01;s__JANLFM01 sp024655965	novel Bacteria	novel phylum	
GCA_024720975.1_genomic	sylph	kingdom	Bray-Curtis distance	0.5	class	d__Archaea;p__Thermoproteota;c__JANJXX01;o__JANJXX01;f__JANJXX01;g__JANJXX01;s__JANJXX01 sp024720975	novel Archaea	novel class	sylph
GCA_024720975.1_genomic	sylph	phylum	Bray-Curtis distance	0.5	class	d__Archaea;p__Thermoproteota;c__JANJXX01;o__JANJXX01;f__JANJXX01;g__JANJXX01;s__JANJXX01 sp024720975	novel Archaea	novel class	sylph
GCA_024720975.1_genomic	sylph	class	Bray-Curtis distance	0.5	class	d__Archaea;p__Thermoproteota;c__JANJXX01;o__JANJXX01;f__JANJXX01;g__JANJXX01;s__JANJXX01 sp024720975	novel Archaea	novel class	sylph
GCA_024720975.1_genomic	sylph	order	Bray-Curtis distance	0.5	class	d__Archaea;p__Thermoproteota;c__JANJXX01;o__JANJXX01;f__JANJXX01;g__JANJXX01;s__JANJXX01 sp024720975	novel Archaea	novel class	sylph
GCA_024720975.1_genomic	sylph	family	Bray-Curtis distance	0.5	class	d__Archaea;p__Thermoproteota;c__JANJXX01;o__JANJXX01;f__JANJXX01;g__JANJXX01;s__JANJXX01 sp024720975	novel Archaea	novel class	sylph
GCA_024720975.1_genomic	sylph	genus	Bray-Curtis distance	0.5	class	d__Archaea;p__Thermoproteota;c__JANJXX01;o__JANJXX01;f__JANJXX01;g__JANJXX01;s__JANJXX01 sp024720975	novel Archaea	novel class	sylph
GCA_024720975.1_genomic	sylph	species	Bray-Curtis distance	0.5	class	d__Archaea;p__Thermoproteota;c__JANJXX01;o__JANJXX01;f__JANJXX01;g__JANJXX01;s__JANJXX01 sp024720975	novel Archaea	novel class	sylph
GCA_024720975.1_genomic	metaphlan	kingdom	Bray-Curtis distance	0.5	class	d__Archaea;p__Thermoproteota;c__JANJXX01;o__JANJXX01;f__JANJXX01;g__JANJXX01;s__JANJXX01 sp024720975	novel Archaea	novel class	MetaPhlAn
GCA_024720975.1_genomic	metaphlan	phylum	Bray-Curtis distance	0.5	class	d__Archaea;p__Thermoproteota;c__JANJXX01;o__JANJXX01;f__JANJXX01;g__JANJXX01;s__JANJXX01 sp024720975	novel Archaea	novel class	MetaPhlAn
GCA_024720975.1_genomic	metaphlan	class	Bray-Curtis distance	0.5	class	d__Archaea;p__Thermoproteota;c__JANJXX01;o__JANJXX01;f__JANJXX01;g__JANJXX01;s__JANJXX01 sp024720975	novel Archaea	novel class	MetaPhlAn
GCA_024720975.1_genomic	metaphlan	order	Bray-Curtis distance	0.5	class	d__Archaea;p__Thermoproteota;c__JANJXX01;o__JANJXX01;f__JANJXX01;g__JANJXX01;s__JANJXX01 sp024720975	novel Archaea	novel class	MetaPhlAn
GCA_024720975.1_genomic	metaphlan	family	Bray-Curtis distance	0.5	class	d__Archaea;p__Thermoproteota;c__JANJXX01;o__JANJXX01;f__JANJXX01;g__JANJXX01;s__JANJXX01 sp024720975	novel Archaea	novel class	MetaPhlAn
GCA_024720975.1_genomic	metaphlan	genus	Bray-Curtis distance	0.5	class	d__Archaea;p__Thermoproteota;c__JANJXX01;o__JANJXX01;f__JANJXX01;g__JANJXX01;s__JANJXX01 sp024720975	novel Archaea	novel class	MetaPhlAn
GCA_024720975.1_genomic	metaphlan	species	Bray-Curtis distance	0.5	class	d__Archaea;p__Thermoproteota;c__JANJXX01;o__JANJXX01;f__JANJXX01;g__JANJXX01;s__JANJXX01 sp024720975	novel Archaea	novel class	MetaPhlAn
GCA_024720975.1_genomic	singlem	kingdom	Bray-Curtis distance	0.0455043859649123	class	d__Archaea;p__Thermoproteota;c__JANJXX01;o__JANJXX01;f__JANJXX01;g__JANJXX01;s__JANJXX01 sp024720975	novel Archaea	novel class	SingleM
GCA_024720975.1_genomic	singlem	phylum	Bray-Curtis distance	0.440319116293342	class	d__Archaea;p__Thermoproteota;c__JANJXX01;o__JANJXX01;f__JANJXX01;g__JANJXX01;s__JANJXX01 sp024720975	novel Archaea	novel class	SingleM
GCA_024720975.1_genomic	singlem	class	Bray-Curtis distance	0.409708737864078	class	d__Archaea;p__Thermoproteota;c__JANJXX01;o__JANJXX01;f__JANJXX01;g__JANJXX01;s__JANJXX01 sp024720975	novel Archaea	novel class	SingleM
GCA_024720975.1_genomic	singlem	order	Bray-Curtis distance	0.369076444136977	class	d__Archaea;p__Thermoproteota;c__JANJXX01;o__JANJXX01;f__JANJXX01;g__JANJXX01;s__JANJXX01 sp024720975	novel Archaea	novel class	SingleM
GCA_024720975.1_genomic	singlem	family	Bray-Curtis distance	0.352962043277758	class	d__Archaea;p__Thermoproteota;c__JANJXX01;o__JANJXX01;f__JANJXX01;g__JANJXX01;s__JANJXX01 sp024720975	novel Archaea	novel class	SingleM
GCA_024720975.1_genomic	singlem	genus	Bray-Curtis distance	0.343648794530407	class	d__Archaea;p__Thermoproteota;c__JANJXX01;o__JANJXX01;f__JANJXX01;g__JANJXX01;s__JANJXX01 sp024720975	novel Archaea	novel class	SingleM
GCA_024720975.1_genomic	singlem	species	Bray-Curtis distance	0.343648794530407	class	d__Archaea;p__Thermoproteota;c__JANJXX01;o__JANJXX01;f__JANJXX01;g__JANJXX01;s__JANJXX01 sp024720975	novel Archaea	novel class	SingleM
GCA_024720975.1_genomic	singlem-regime3	kingdom	Bray-Curtis distance	0.0243832472748136	class	d__Archaea;p__Thermoproteota;c__JANJXX01;o__JANJXX01;f__JANJXX01;g__JANJXX01;s__JANJXX01 sp024720975	novel Archaea	novel class	
GCA_024720975.1_genomic	singlem-regime3	phylum	Bray-Curtis distance	0.462064474112667	class	d__Archaea;p__Thermoproteota;c__JANJXX01;o__JANJXX01;f__JANJXX01;g__JANJXX01;s__JANJXX01 sp024720975	novel Archaea	novel class	
GCA_024720975.1_genomic	singlem-regime3	class	Bray-Curtis distance	0.407247936849659	class	d__Archaea;p__Thermoproteota;c__JANJXX01;o__JANJXX01;f__JANJXX01;g__JANJXX01;s__JANJXX01 sp024720975	novel Archaea	novel class	
GCA_024720975.1_genomic	singlem-regime3	order	Bray-Curtis distance	0.391976444608024	class	d__Archaea;p__Thermoproteota;c__JANJXX01;o__JANJXX01;f__JANJXX01;g__JANJXX01;s__JANJXX01 sp024720975	novel Archaea	novel class	
GCA_024720975.1_genomic	singlem-regime3	family	Bray-Curtis distance	0.356948228882834	class	d__Archaea;p__Thermoproteota;c__JANJXX01;o__JANJXX01;f__JANJXX01;g__JANJXX01;s__JANJXX01 sp024720975	novel Archaea	novel class	
GCA_024720975.1_genomic	singlem-regime3	genus	Bray-Curtis distance	0.356948228882834	class	d__Archaea;p__Thermoproteota;c__JANJXX01;o__JANJXX01;f__JANJXX01;g__JANJXX01;s__JANJXX01 sp024720975	novel Archaea	novel class	
GCA_024720975.1_genomic	singlem-regime3	species	Bray-Curtis distance	0.356948228882834	class	d__Archaea;p__Thermoproteota;c__JANJXX01;o__JANJXX01;f__JANJXX01;g__JANJXX01;s__JANJXX01 sp024720975	novel Archaea	novel class	
GCA_024860865.1_genomic	sylph	kingdom	Bray-Curtis distance	0.5	phylum	d__Archaea;p__JACRDV01;c__JACRDV01;o__JACRDV01;f__JACRDV01;g__JACRDV01;s__JACRDV01 sp024860865	novel Archaea	novel phylum	sylph
GCA_024860865.1_genomic	sylph	phylum	Bray-Curtis distance	0.5	phylum	d__Archaea;p__JACRDV01;c__JACRDV01;o__JACRDV01;f__JACRDV01;g__JACRDV01;s__JACRDV01 sp024860865	novel Archaea	novel phylum	sylph
GCA_024860865.1_genomic	sylph	class	Bray-Curtis distance	0.5	phylum	d__Archaea;p__JACRDV01;c__JACRDV01;o__JACRDV01;f__JACRDV01;g__JACRDV01;s__JACRDV01 sp024860865	novel Archaea	novel phylum	sylph
GCA_024860865.1_genomic	sylph	order	Bray-Curtis distance	0.5	phylum	d__Archaea;p__JACRDV01;c__JACRDV01;o__JACRDV01;f__JACRDV01;g__JACRDV01;s__JACRDV01 sp024860865	novel Archaea	novel phylum	sylph
GCA_024860865.1_genomic	sylph	family	Bray-Curtis distance	0.5	phylum	d__Archaea;p__JACRDV01;c__JACRDV01;o__JACRDV01;f__JACRDV01;g__JACRDV01;s__JACRDV01 sp024860865	novel Archaea	novel phylum	sylph
GCA_024860865.1_genomic	sylph	genus	Bray-Curtis distance	0.5	phylum	d__Archaea;p__JACRDV01;c__JACRDV01;o__JACRDV01;f__JACRDV01;g__JACRDV01;s__JACRDV01 sp024860865	novel Archaea	novel phylum	sylph
GCA_024860865.1_genomic	sylph	species	Bray-Curtis distance	0.5	phylum	d__Archaea;p__JACRDV01;c__JACRDV01;o__JACRDV01;f__JACRDV01;g__JACRDV01;s__JACRDV01 sp024860865	novel Archaea	novel phylum	sylph
GCA_024860865.1_genomic	metaphlan	kingdom	Bray-Curtis distance	0.5	phylum	d__Archaea;p__JACRDV01;c__JACRDV01;o__JACRDV01;f__JACRDV01;g__JACRDV01;s__JACRDV01 sp024860865	novel Archaea	novel phylum	MetaPhlAn
GCA_024860865.1_genomic	metaphlan	phylum	Bray-Curtis distance	0.5	phylum	d__Archaea;p__JACRDV01;c__JACRDV01;o__JACRDV01;f__JACRDV01;g__JACRDV01;s__JACRDV01 sp024860865	novel Archaea	novel phylum	MetaPhlAn
GCA_024860865.1_genomic	metaphlan	class	Bray-Curtis distance	0.5	phylum	d__Archaea;p__JACRDV01;c__JACRDV01;o__JACRDV01;f__JACRDV01;g__JACRDV01;s__JACRDV01 sp024860865	novel Archaea	novel phylum	MetaPhlAn
GCA_024860865.1_genomic	metaphlan	order	Bray-Curtis distance	0.5	phylum	d__Archaea;p__JACRDV01;c__JACRDV01;o__JACRDV01;f__JACRDV01;g__JACRDV01;s__JACRDV01 sp024860865	novel Archaea	novel phylum	MetaPhlAn
GCA_024860865.1_genomic	metaphlan	family	Bray-Curtis distance	0.5	phylum	d__Archaea;p__JACRDV01;c__JACRDV01;o__JACRDV01;f__JACRDV01;g__JACRDV01;s__JACRDV01 sp024860865	novel Archaea	novel phylum	MetaPhlAn
GCA_024860865.1_genomic	metaphlan	genus	Bray-Curtis distance	0.5	phylum	d__Archaea;p__JACRDV01;c__JACRDV01;o__JACRDV01;f__JACRDV01;g__JACRDV01;s__JACRDV01 sp024860865	novel Archaea	novel phylum	MetaPhlAn
GCA_024860865.1_genomic	metaphlan	species	Bray-Curtis distance	0.5	phylum	d__Archaea;p__JACRDV01;c__JACRDV01;o__JACRDV01;f__JACRDV01;g__JACRDV01;s__JACRDV01 sp024860865	novel Archaea	novel phylum	MetaPhlAn
GCA_024860865.1_genomic	singlem	kingdom	Bray-Curtis distance	0.0346633416458853	phylum	d__Archaea;p__JACRDV01;c__JACRDV01;o__JACRDV01;f__JACRDV01;g__JACRDV01;s__JACRDV01 sp024860865	novel Archaea	novel phylum	SingleM
GCA_024860865.1_genomic	singlem	phylum	Bray-Curtis distance	0.459653317393903	phylum	d__Archaea;p__JACRDV01;c__JACRDV01;o__JACRDV01;f__JACRDV01;g__JACRDV01;s__JACRDV01 sp024860865	novel Archaea	novel phylum	SingleM
GCA_024860865.1_genomic	singlem	class	Bray-Curtis distance	0.403103334433807	phylum	d__Archaea;p__JACRDV01;c__JACRDV01;o__JACRDV01;f__JACRDV01;g__JACRDV01;s__JACRDV01 sp024860865	novel Archaea	novel phylum	SingleM
GCA_024860865.1_genomic	singlem	order	Bray-Curtis distance	0.403103334433807	phylum	d__Archaea;p__JACRDV01;c__JACRDV01;o__JACRDV01;f__JACRDV01;g__JACRDV01;s__JACRDV01 sp024860865	novel Archaea	novel phylum	SingleM
GCA_024860865.1_genomic	singlem	family	Bray-Curtis distance	0.378480577518047	phylum	d__Archaea;p__JACRDV01;c__JACRDV01;o__JACRDV01;f__JACRDV01;g__JACRDV01;s__JACRDV01 sp024860865	novel Archaea	novel phylum	SingleM
GCA_024860865.1_genomic	singlem	genus	Bray-Curtis distance	0.378480577518047	phylum	d__Archaea;p__JACRDV01;c__JACRDV01;o__JACRDV01;f__JACRDV01;g__JACRDV01;s__JACRDV01 sp024860865	novel Archaea	novel phylum	SingleM
GCA_024860865.1_genomic	singlem	species	Bray-Curtis distance	0.378480577518047	phylum	d__Archaea;p__JACRDV01;c__JACRDV01;o__JACRDV01;f__JACRDV01;g__JACRDV01;s__JACRDV01 sp024860865	novel Archaea	novel phylum	SingleM
GCA_024860865.1_genomic	singlem-regime3	kingdom	Bray-Curtis distance	0.0452016689847009	phylum	d__Archaea;p__JACRDV01;c__JACRDV01;o__JACRDV01;f__JACRDV01;g__JACRDV01;s__JACRDV01 sp024860865	novel Archaea	novel phylum	
GCA_024860865.1_genomic	singlem-regime3	phylum	Bray-Curtis distance	0.473712446351931	phylum	d__Archaea;p__JACRDV01;c__JACRDV01;o__JACRDV01;f__JACRDV01;g__JACRDV01;s__JACRDV01 sp024860865	novel Archaea	novel phylum	
GCA_024860865.1_genomic	singlem-regime3	class	Bray-Curtis distance	0.423788546255507	phylum	d__Archaea;p__JACRDV01;c__JACRDV01;o__JACRDV01;f__JACRDV01;g__JACRDV01;s__JACRDV01 sp024860865	novel Archaea	novel phylum	
GCA_024860865.1_genomic	singlem-regime3	order	Bray-Curtis distance	0.409747292418773	phylum	d__Archaea;p__JACRDV01;c__JACRDV01;o__JACRDV01;f__JACRDV01;g__JACRDV01;s__JACRDV01 sp024860865	novel Archaea	novel phylum	
GCA_024860865.1_genomic	singlem-regime3	family	Bray-Curtis distance	0.389735614307932	phylum	d__Archaea;p__JACRDV01;c__JACRDV01;o__JACRDV01;f__JACRDV01;g__JACRDV01;s__JACRDV01 sp024860865	novel Archaea	novel phylum	
GCA_024860865.1_genomic	singlem-regime3	genus	Bray-Curtis distance	0.374760994263862	phylum	d__Archaea;p__JACRDV01;c__JACRDV01;o__JACRDV01;f__JACRDV01;g__JACRDV01;s__JACRDV01 sp024860865	novel Archaea	novel phylum	
GCA_024860865.1_genomic	singlem-regime3	species	Bray-Curtis distance	0.374760994263862	phylum	d__Archaea;p__JACRDV01;c__JACRDV01;o__JACRDV01;f__JACRDV01;g__JACRDV01;s__JACRDV01 sp024860865	novel Archaea	novel phylum	
GCA_025057955.1_genomic	sylph	kingdom	Bray-Curtis distance	0.5	genus	d__Archaea;p__Thermoproteota;c__Methanomethylicia;o__Methanomethylicales;f__Methanomethylicaceae;g__JANXER01;s__JANXER01 sp025057955	novel Archaea	novel genus	sylph
GCA_025057955.1_genomic	sylph	phylum	Bray-Curtis distance	0.5	genus	d__Archaea;p__Thermoproteota;c__Methanomethylicia;o__Methanomethylicales;f__Methanomethylicaceae;g__JANXER01;s__JANXER01 sp025057955	novel Archaea	novel genus	sylph
GCA_025057955.1_genomic	sylph	class	Bray-Curtis distance	0.5	genus	d__Archaea;p__Thermoproteota;c__Methanomethylicia;o__Methanomethylicales;f__Methanomethylicaceae;g__JANXER01;s__JANXER01 sp025057955	novel Archaea	novel genus	sylph
GCA_025057955.1_genomic	sylph	order	Bray-Curtis distance	0.5	genus	d__Archaea;p__Thermoproteota;c__Methanomethylicia;o__Methanomethylicales;f__Methanomethylicaceae;g__JANXER01;s__JANXER01 sp025057955	novel Archaea	novel genus	sylph
GCA_025057955.1_genomic	sylph	family	Bray-Curtis distance	0.5	genus	d__Archaea;p__Thermoproteota;c__Methanomethylicia;o__Methanomethylicales;f__Methanomethylicaceae;g__JANXER01;s__JANXER01 sp025057955	novel Archaea	novel genus	sylph
GCA_025057955.1_genomic	sylph	genus	Bray-Curtis distance	0.5	genus	d__Archaea;p__Thermoproteota;c__Methanomethylicia;o__Methanomethylicales;f__Methanomethylicaceae;g__JANXER01;s__JANXER01 sp025057955	novel Archaea	novel genus	sylph
GCA_025057955.1_genomic	sylph	species	Bray-Curtis distance	0.5	genus	d__Archaea;p__Thermoproteota;c__Methanomethylicia;o__Methanomethylicales;f__Methanomethylicaceae;g__JANXER01;s__JANXER01 sp025057955	novel Archaea	novel genus	sylph
GCA_025057955.1_genomic	metaphlan	kingdom	Bray-Curtis distance	0.5	genus	d__Archaea;p__Thermoproteota;c__Methanomethylicia;o__Methanomethylicales;f__Methanomethylicaceae;g__JANXER01;s__JANXER01 sp025057955	novel Archaea	novel genus	MetaPhlAn
GCA_025057955.1_genomic	metaphlan	phylum	Bray-Curtis distance	0.5	genus	d__Archaea;p__Thermoproteota;c__Methanomethylicia;o__Methanomethylicales;f__Methanomethylicaceae;g__JANXER01;s__JANXER01 sp025057955	novel Archaea	novel genus	MetaPhlAn
GCA_025057955.1_genomic	metaphlan	class	Bray-Curtis distance	0.5	genus	d__Archaea;p__Thermoproteota;c__Methanomethylicia;o__Methanomethylicales;f__Methanomethylicaceae;g__JANXER01;s__JANXER01 sp025057955	novel Archaea	novel genus	MetaPhlAn
GCA_025057955.1_genomic	metaphlan	order	Bray-Curtis distance	0.5	genus	d__Archaea;p__Thermoproteota;c__Methanomethylicia;o__Methanomethylicales;f__Methanomethylicaceae;g__JANXER01;s__JANXER01 sp025057955	novel Archaea	novel genus	MetaPhlAn
GCA_025057955.1_genomic	metaphlan	family	Bray-Curtis distance	0.5	genus	d__Archaea;p__Thermoproteota;c__Methanomethylicia;o__Methanomethylicales;f__Methanomethylicaceae;g__JANXER01;s__JANXER01 sp025057955	novel Archaea	novel genus	MetaPhlAn
GCA_025057955.1_genomic	metaphlan	genus	Bray-Curtis distance	0.5	genus	d__Archaea;p__Thermoproteota;c__Methanomethylicia;o__Methanomethylicales;f__Methanomethylicaceae;g__JANXER01;s__JANXER01 sp025057955	novel Archaea	novel genus	MetaPhlAn
GCA_025057955.1_genomic	metaphlan	species	Bray-Curtis distance	0.5	genus	d__Archaea;p__Thermoproteota;c__Methanomethylicia;o__Methanomethylicales;f__Methanomethylicaceae;g__JANXER01;s__JANXER01 sp025057955	novel Archaea	novel genus	MetaPhlAn
GCA_025057955.1_genomic	singlem	kingdom	Bray-Curtis distance	0.00106837606837612	genus	d__Archaea;p__Thermoproteota;c__Methanomethylicia;o__Methanomethylicales;f__Methanomethylicaceae;g__JANXER01;s__JANXER01 sp025057955	novel Archaea	novel genus	SingleM
GCA_025057955.1_genomic	singlem	phylum	Bray-Curtis distance	0.00618113410373551	genus	d__Archaea;p__Thermoproteota;c__Methanomethylicia;o__Methanomethylicales;f__Methanomethylicaceae;g__JANXER01;s__JANXER01 sp025057955	novel Archaea	novel genus	SingleM
GCA_025057955.1_genomic	singlem	class	Bray-Curtis distance	0.00780619111709284	genus	d__Archaea;p__Thermoproteota;c__Methanomethylicia;o__Methanomethylicales;f__Methanomethylicaceae;g__JANXER01;s__JANXER01 sp025057955	novel Archaea	novel genus	SingleM
GCA_025057955.1_genomic	singlem	order	Bray-Curtis distance	0.0107991360691144	genus	d__Archaea;p__Thermoproteota;c__Methanomethylicia;o__Methanomethylicales;f__Methanomethylicaceae;g__JANXER01;s__JANXER01 sp025057955	novel Archaea	novel genus	SingleM
GCA_025057955.1_genomic	singlem	family	Bray-Curtis distance	0.0107991360691144	genus	d__Archaea;p__Thermoproteota;c__Methanomethylicia;o__Methanomethylicales;f__Methanomethylicaceae;g__JANXER01;s__JANXER01 sp025057955	novel Archaea	novel genus	SingleM
GCA_025057955.1_genomic	singlem	genus	Bray-Curtis distance	0.489528064786373	genus	d__Archaea;p__Thermoproteota;c__Methanomethylicia;o__Methanomethylicales;f__Methanomethylicaceae;g__JANXER01;s__JANXER01 sp025057955	novel Archaea	novel genus	SingleM
GCA_025057955.1_genomic	singlem	species	Bray-Curtis distance	0.343862167982771	genus	d__Archaea;p__Thermoproteota;c__Methanomethylicia;o__Methanomethylicales;f__Methanomethylicaceae;g__JANXER01;s__JANXER01 sp025057955	novel Archaea	novel genus	SingleM
GCA_025057955.1_genomic	singlem-regime3	kingdom	Bray-Curtis distance	0.0364829396325459	genus	d__Archaea;p__Thermoproteota;c__Methanomethylicia;o__Methanomethylicales;f__Methanomethylicaceae;g__JANXER01;s__JANXER01 sp025057955	novel Archaea	novel genus	
GCA_025057955.1_genomic	singlem-regime3	phylum	Bray-Curtis distance	0.0364829396325459	genus	d__Archaea;p__Thermoproteota;c__Methanomethylicia;o__Methanomethylicales;f__Methanomethylicaceae;g__JANXER01;s__JANXER01 sp025057955	novel Archaea	novel genus	
GCA_025057955.1_genomic	singlem-regime3	class	Bray-Curtis distance	0.0364829396325459	genus	d__Archaea;p__Thermoproteota;c__Methanomethylicia;o__Methanomethylicales;f__Methanomethylicaceae;g__JANXER01;s__JANXER01 sp025057955	novel Archaea	novel genus	
GCA_025057955.1_genomic	singlem-regime3	order	Bray-Curtis distance	0.0202828929810515	genus	d__Archaea;p__Thermoproteota;c__Methanomethylicia;o__Methanomethylicales;f__Methanomethylicaceae;g__JANXER01;s__JANXER01 sp025057955	novel Archaea	novel genus	
GCA_025057955.1_genomic	singlem-regime3	family	Bray-Curtis distance	0.0202828929810515	genus	d__Archaea;p__Thermoproteota;c__Methanomethylicia;o__Methanomethylicales;f__Methanomethylicaceae;g__JANXER01;s__JANXER01 sp025057955	novel Archaea	novel genus	
GCA_025057955.1_genomic	singlem-regime3	genus	Bray-Curtis distance	0.491593274619696	genus	d__Archaea;p__Thermoproteota;c__Methanomethylicia;o__Methanomethylicales;f__Methanomethylicaceae;g__JANXER01;s__JANXER01 sp025057955	novel Archaea	novel genus	
GCA_025057955.1_genomic	singlem-regime3	species	Bray-Curtis distance	0.334846368715084	genus	d__Archaea;p__Thermoproteota;c__Methanomethylicia;o__Methanomethylicales;f__Methanomethylicaceae;g__JANXER01;s__JANXER01 sp025057955	novel Archaea	novel genus	
GCA_025059945.1_genomic	sylph	kingdom	Bray-Curtis distance	0.5	order	d__Bacteria;p__Bacteroidota;c__Rhodothermia;o__JANXDC01;f__JANXDC01;g__JANXDC01;s__JANXDC01 sp025059945	novel Bacteria	novel order	sylph
GCA_025059945.1_genomic	sylph	phylum	Bray-Curtis distance	0.5	order	d__Bacteria;p__Bacteroidota;c__Rhodothermia;o__JANXDC01;f__JANXDC01;g__JANXDC01;s__JANXDC01 sp025059945	novel Bacteria	novel order	sylph
GCA_025059945.1_genomic	sylph	class	Bray-Curtis distance	0.5	order	d__Bacteria;p__Bacteroidota;c__Rhodothermia;o__JANXDC01;f__JANXDC01;g__JANXDC01;s__JANXDC01 sp025059945	novel Bacteria	novel order	sylph
GCA_025059945.1_genomic	sylph	order	Bray-Curtis distance	0.5	order	d__Bacteria;p__Bacteroidota;c__Rhodothermia;o__JANXDC01;f__JANXDC01;g__JANXDC01;s__JANXDC01 sp025059945	novel Bacteria	novel order	sylph
GCA_025059945.1_genomic	sylph	family	Bray-Curtis distance	0.5	order	d__Bacteria;p__Bacteroidota;c__Rhodothermia;o__JANXDC01;f__JANXDC01;g__JANXDC01;s__JANXDC01 sp025059945	novel Bacteria	novel order	sylph
GCA_025059945.1_genomic	sylph	genus	Bray-Curtis distance	0.5	order	d__Bacteria;p__Bacteroidota;c__Rhodothermia;o__JANXDC01;f__JANXDC01;g__JANXDC01;s__JANXDC01 sp025059945	novel Bacteria	novel order	sylph
GCA_025059945.1_genomic	sylph	species	Bray-Curtis distance	0.5	order	d__Bacteria;p__Bacteroidota;c__Rhodothermia;o__JANXDC01;f__JANXDC01;g__JANXDC01;s__JANXDC01 sp025059945	novel Bacteria	novel order	sylph
GCA_025059945.1_genomic	metaphlan	kingdom	Bray-Curtis distance	0.5	order	d__Bacteria;p__Bacteroidota;c__Rhodothermia;o__JANXDC01;f__JANXDC01;g__JANXDC01;s__JANXDC01 sp025059945	novel Bacteria	novel order	MetaPhlAn
GCA_025059945.1_genomic	metaphlan	phylum	Bray-Curtis distance	0.5	order	d__Bacteria;p__Bacteroidota;c__Rhodothermia;o__JANXDC01;f__JANXDC01;g__JANXDC01;s__JANXDC01 sp025059945	novel Bacteria	novel order	MetaPhlAn
GCA_025059945.1_genomic	metaphlan	class	Bray-Curtis distance	0.5	order	d__Bacteria;p__Bacteroidota;c__Rhodothermia;o__JANXDC01;f__JANXDC01;g__JANXDC01;s__JANXDC01 sp025059945	novel Bacteria	novel order	MetaPhlAn
GCA_025059945.1_genomic	metaphlan	order	Bray-Curtis distance	0.5	order	d__Bacteria;p__Bacteroidota;c__Rhodothermia;o__JANXDC01;f__JANXDC01;g__JANXDC01;s__JANXDC01 sp025059945	novel Bacteria	novel order	MetaPhlAn
GCA_025059945.1_genomic	metaphlan	family	Bray-Curtis distance	0.5	order	d__Bacteria;p__Bacteroidota;c__Rhodothermia;o__JANXDC01;f__JANXDC01;g__JANXDC01;s__JANXDC01 sp025059945	novel Bacteria	novel order	MetaPhlAn
GCA_025059945.1_genomic	metaphlan	genus	Bray-Curtis distance	0.5	order	d__Bacteria;p__Bacteroidota;c__Rhodothermia;o__JANXDC01;f__JANXDC01;g__JANXDC01;s__JANXDC01 sp025059945	novel Bacteria	novel order	MetaPhlAn
GCA_025059945.1_genomic	metaphlan	species	Bray-Curtis distance	0.5	order	d__Bacteria;p__Bacteroidota;c__Rhodothermia;o__JANXDC01;f__JANXDC01;g__JANXDC01;s__JANXDC01 sp025059945	novel Bacteria	novel order	MetaPhlAn
GCA_025059945.1_genomic	singlem	kingdom	Bray-Curtis distance	0.0122184954480115	order	d__Bacteria;p__Bacteroidota;c__Rhodothermia;o__JANXDC01;f__JANXDC01;g__JANXDC01;s__JANXDC01 sp025059945	novel Bacteria	novel order	SingleM
GCA_025059945.1_genomic	singlem	phylum	Bray-Curtis distance	0.13177874186551	order	d__Bacteria;p__Bacteroidota;c__Rhodothermia;o__JANXDC01;f__JANXDC01;g__JANXDC01;s__JANXDC01 sp025059945	novel Bacteria	novel order	SingleM
GCA_025059945.1_genomic	singlem	class	Bray-Curtis distance	0.423021165555233	order	d__Bacteria;p__Bacteroidota;c__Rhodothermia;o__JANXDC01;f__JANXDC01;g__JANXDC01;s__JANXDC01 sp025059945	novel Bacteria	novel order	SingleM
GCA_025059945.1_genomic	singlem	order	Bray-Curtis distance	0.408618127786033	order	d__Bacteria;p__Bacteroidota;c__Rhodothermia;o__JANXDC01;f__JANXDC01;g__JANXDC01;s__JANXDC01 sp025059945	novel Bacteria	novel order	SingleM
GCA_025059945.1_genomic	singlem	family	Bray-Curtis distance	0.390691977954685	order	d__Bacteria;p__Bacteroidota;c__Rhodothermia;o__JANXDC01;f__JANXDC01;g__JANXDC01;s__JANXDC01 sp025059945	novel Bacteria	novel order	SingleM
GCA_025059945.1_genomic	singlem	genus	Bray-Curtis distance	0.390691977954685	order	d__Bacteria;p__Bacteroidota;c__Rhodothermia;o__JANXDC01;f__JANXDC01;g__JANXDC01;s__JANXDC01 sp025059945	novel Bacteria	novel order	SingleM
GCA_025059945.1_genomic	singlem	species	Bray-Curtis distance	0.354315379623621	order	d__Bacteria;p__Bacteroidota;c__Rhodothermia;o__JANXDC01;f__JANXDC01;g__JANXDC01;s__JANXDC01 sp025059945	novel Bacteria	novel order	SingleM
GCA_025059945.1_genomic	singlem-regime3	kingdom	Bray-Curtis distance	0.00761904761904766	order	d__Bacteria;p__Bacteroidota;c__Rhodothermia;o__JANXDC01;f__JANXDC01;g__JANXDC01;s__JANXDC01 sp025059945	novel Bacteria	novel order	
GCA_025059945.1_genomic	singlem-regime3	phylum	Bray-Curtis distance	0.25	order	d__Bacteria;p__Bacteroidota;c__Rhodothermia;o__JANXDC01;f__JANXDC01;g__JANXDC01;s__JANXDC01 sp025059945	novel Bacteria	novel order	
GCA_025059945.1_genomic	singlem-regime3	class	Bray-Curtis distance	0.413690476190476	order	d__Bacteria;p__Bacteroidota;c__Rhodothermia;o__JANXDC01;f__JANXDC01;g__JANXDC01;s__JANXDC01 sp025059945	novel Bacteria	novel order	
GCA_025059945.1_genomic	singlem-regime3	order	Bray-Curtis distance	0.402305825242718	order	d__Bacteria;p__Bacteroidota;c__Rhodothermia;o__JANXDC01;f__JANXDC01;g__JANXDC01;s__JANXDC01 sp025059945	novel Bacteria	novel order	
GCA_025059945.1_genomic	singlem-regime3	family	Bray-Curtis distance	0.361426256077796	order	d__Bacteria;p__Bacteroidota;c__Rhodothermia;o__JANXDC01;f__JANXDC01;g__JANXDC01;s__JANXDC01 sp025059945	novel Bacteria	novel order	
GCA_025059945.1_genomic	singlem-regime3	genus	Bray-Curtis distance	0.361426256077796	order	d__Bacteria;p__Bacteroidota;c__Rhodothermia;o__JANXDC01;f__JANXDC01;g__JANXDC01;s__JANXDC01 sp025059945	novel Bacteria	novel order	
GCA_025059945.1_genomic	singlem-regime3	species	Bray-Curtis distance	0.361426256077796	order	d__Bacteria;p__Bacteroidota;c__Rhodothermia;o__JANXDC01;f__JANXDC01;g__JANXDC01;s__JANXDC01 sp025059945	novel Bacteria	novel order	
GCA_919901855.1_genomic	sylph	kingdom	Bray-Curtis distance	0.5	phylum	d__Bacteria;p__CAKKQC01;c__CAKKQC01;o__CAKKQC01;f__CAKKQC01;g__CAKKQC01;s__CAKKQC01 sp919901855	novel Bacteria	novel phylum	sylph
GCA_919901855.1_genomic	sylph	phylum	Bray-Curtis distance	0.5	phylum	d__Bacteria;p__CAKKQC01;c__CAKKQC01;o__CAKKQC01;f__CAKKQC01;g__CAKKQC01;s__CAKKQC01 sp919901855	novel Bacteria	novel phylum	sylph
GCA_919901855.1_genomic	sylph	class	Bray-Curtis distance	0.5	phylum	d__Bacteria;p__CAKKQC01;c__CAKKQC01;o__CAKKQC01;f__CAKKQC01;g__CAKKQC01;s__CAKKQC01 sp919901855	novel Bacteria	novel phylum	sylph
GCA_919901855.1_genomic	sylph	order	Bray-Curtis distance	0.5	phylum	d__Bacteria;p__CAKKQC01;c__CAKKQC01;o__CAKKQC01;f__CAKKQC01;g__CAKKQC01;s__CAKKQC01 sp919901855	novel Bacteria	novel phylum	sylph
GCA_919901855.1_genomic	sylph	family	Bray-Curtis distance	0.5	phylum	d__Bacteria;p__CAKKQC01;c__CAKKQC01;o__CAKKQC01;f__CAKKQC01;g__CAKKQC01;s__CAKKQC01 sp919901855	novel Bacteria	novel phylum	sylph
GCA_919901855.1_genomic	sylph	genus	Bray-Curtis distance	0.5	phylum	d__Bacteria;p__CAKKQC01;c__CAKKQC01;o__CAKKQC01;f__CAKKQC01;g__CAKKQC01;s__CAKKQC01 sp919901855	novel Bacteria	novel phylum	sylph
GCA_919901855.1_genomic	sylph	species	Bray-Curtis distance	0.5	phylum	d__Bacteria;p__CAKKQC01;c__CAKKQC01;o__CAKKQC01;f__CAKKQC01;g__CAKKQC01;s__CAKKQC01 sp919901855	novel Bacteria	novel phylum	sylph
GCA_919901855.1_genomic	metaphlan	kingdom	Bray-Curtis distance	0.5	phylum	d__Bacteria;p__CAKKQC01;c__CAKKQC01;o__CAKKQC01;f__CAKKQC01;g__CAKKQC01;s__CAKKQC01 sp919901855	novel Bacteria	novel phylum	MetaPhlAn
GCA_919901855.1_genomic	metaphlan	phylum	Bray-Curtis distance	0.5	phylum	d__Bacteria;p__CAKKQC01;c__CAKKQC01;o__CAKKQC01;f__CAKKQC01;g__CAKKQC01;s__CAKKQC01 sp919901855	novel Bacteria	novel phylum	MetaPhlAn
GCA_919901855.1_genomic	metaphlan	class	Bray-Curtis distance	0.5	phylum	d__Bacteria;p__CAKKQC01;c__CAKKQC01;o__CAKKQC01;f__CAKKQC01;g__CAKKQC01;s__CAKKQC01 sp919901855	novel Bacteria	novel phylum	MetaPhlAn
GCA_919901855.1_genomic	metaphlan	order	Bray-Curtis distance	0.5	phylum	d__Bacteria;p__CAKKQC01;c__CAKKQC01;o__CAKKQC01;f__CAKKQC01;g__CAKKQC01;s__CAKKQC01 sp919901855	novel Bacteria	novel phylum	MetaPhlAn
GCA_919901855.1_genomic	metaphlan	family	Bray-Curtis distance	0.5	phylum	d__Bacteria;p__CAKKQC01;c__CAKKQC01;o__CAKKQC01;f__CAKKQC01;g__CAKKQC01;s__CAKKQC01 sp919901855	novel Bacteria	novel phylum	MetaPhlAn
GCA_919901855.1_genomic	metaphlan	genus	Bray-Curtis distance	0.5	phylum	d__Bacteria;p__CAKKQC01;c__CAKKQC01;o__CAKKQC01;f__CAKKQC01;g__CAKKQC01;s__CAKKQC01 sp919901855	novel Bacteria	novel phylum	MetaPhlAn
GCA_919901855.1_genomic	metaphlan	species	Bray-Curtis distance	0.5	phylum	d__Bacteria;p__CAKKQC01;c__CAKKQC01;o__CAKKQC01;f__CAKKQC01;g__CAKKQC01;s__CAKKQC01 sp919901855	novel Bacteria	novel phylum	MetaPhlAn
GCA_919901855.1_genomic	singlem	kingdom	Bray-Curtis distance	0.0574308485700891	phylum	d__Bacteria;p__CAKKQC01;c__CAKKQC01;o__CAKKQC01;f__CAKKQC01;g__CAKKQC01;s__CAKKQC01 sp919901855	novel Bacteria	novel phylum	SingleM
GCA_919901855.1_genomic	singlem	phylum	Bray-Curtis distance	0.357916917519567	phylum	d__Bacteria;p__CAKKQC01;c__CAKKQC01;o__CAKKQC01;f__CAKKQC01;g__CAKKQC01;s__CAKKQC01 sp919901855	novel Bacteria	novel phylum	SingleM
GCA_919901855.1_genomic	singlem	class	Bray-Curtis distance	0.357916917519567	phylum	d__Bacteria;p__CAKKQC01;c__CAKKQC01;o__CAKKQC01;f__CAKKQC01;g__CAKKQC01;s__CAKKQC01 sp919901855	novel Bacteria	novel phylum	SingleM
GCA_919901855.1_genomic	singlem	order	Bray-Curtis distance	0.357916917519567	phylum	d__Bacteria;p__CAKKQC01;c__CAKKQC01;o__CAKKQC01;f__CAKKQC01;g__CAKKQC01;s__CAKKQC01 sp919901855	novel Bacteria	novel phylum	SingleM
GCA_919901855.1_genomic	singlem	family	Bray-Curtis distance	0.356949050346699	phylum	d__Bacteria;p__CAKKQC01;c__CAKKQC01;o__CAKKQC01;f__CAKKQC01;g__CAKKQC01;s__CAKKQC01 sp919901855	novel Bacteria	novel phylum	SingleM
GCA_919901855.1_genomic	singlem	genus	Bray-Curtis distance	0.355978260869565	phylum	d__Bacteria;p__CAKKQC01;c__CAKKQC01;o__CAKKQC01;f__CAKKQC01;g__CAKKQC01;s__CAKKQC01 sp919901855	novel Bacteria	novel phylum	SingleM
GCA_919901855.1_genomic	singlem	species	Bray-Curtis distance	0.355978260869565	phylum	d__Bacteria;p__CAKKQC01;c__CAKKQC01;o__CAKKQC01;f__CAKKQC01;g__CAKKQC01;s__CAKKQC01 sp919901855	novel Bacteria	novel phylum	SingleM
GCA_919901855.1_genomic	singlem-regime3	kingdom	Bray-Curtis distance	0.0328185328185328	phylum	d__Bacteria;p__CAKKQC01;c__CAKKQC01;o__CAKKQC01;f__CAKKQC01;g__CAKKQC01;s__CAKKQC01 sp919901855	novel Bacteria	novel phylum	
GCA_919901855.1_genomic	singlem-regime3	phylum	Bray-Curtis distance	0.355721393034826	phylum	d__Bacteria;p__CAKKQC01;c__CAKKQC01;o__CAKKQC01;f__CAKKQC01;g__CAKKQC01;s__CAKKQC01 sp919901855	novel Bacteria	novel phylum	
GCA_919901855.1_genomic	singlem-regime3	class	Bray-Curtis distance	0.347607052896725	phylum	d__Bacteria;p__CAKKQC01;c__CAKKQC01;o__CAKKQC01;f__CAKKQC01;g__CAKKQC01;s__CAKKQC01 sp919901855	novel Bacteria	novel phylum	
GCA_919901855.1_genomic	singlem-regime3	order	Bray-Curtis distance	0.347607052896725	phylum	d__Bacteria;p__CAKKQC01;c__CAKKQC01;o__CAKKQC01;f__CAKKQC01;g__CAKKQC01;s__CAKKQC01 sp919901855	novel Bacteria	novel phylum	
GCA_919901855.1_genomic	singlem-regime3	family	Bray-Curtis distance	0.347607052896725	phylum	d__Bacteria;p__CAKKQC01;c__CAKKQC01;o__CAKKQC01;f__CAKKQC01;g__CAKKQC01;s__CAKKQC01 sp919901855	novel Bacteria	novel phylum	
GCA_919901855.1_genomic	singlem-regime3	genus	Bray-Curtis distance	0.347607052896725	phylum	d__Bacteria;p__CAKKQC01;c__CAKKQC01;o__CAKKQC01;f__CAKKQC01;g__CAKKQC01;s__CAKKQC01 sp919901855	novel Bacteria	novel phylum	
GCA_919901855.1_genomic	singlem-regime3	species	Bray-Curtis distance	0.352039151712887	phylum	d__Bacteria;p__CAKKQC01;c__CAKKQC01;o__CAKKQC01;f__CAKKQC01;g__CAKKQC01;s__CAKKQC01 sp919901855	novel Bacteria	novel phylum	
GCA_944388995.1_genomic	sylph	kingdom	Bray-Curtis distance	0.5	family	d__Bacteria;p__Spirochaetota;c__Spirochaetia;o__JAFGXN01;f__CALXOJ01;g__CALXOJ01;s__CALXOJ01 sp944388995	novel Bacteria	novel family	sylph
GCA_944388995.1_genomic	sylph	phylum	Bray-Curtis distance	0.5	family	d__Bacteria;p__Spirochaetota;c__Spirochaetia;o__JAFGXN01;f__CALXOJ01;g__CALXOJ01;s__CALXOJ01 sp944388995	novel Bacteria	novel family	sylph
GCA_944388995.1_genomic	sylph	class	Bray-Curtis distance	0.5	family	d__Bacteria;p__Spirochaetota;c__Spirochaetia;o__JAFGXN01;f__CALXOJ01;g__CALXOJ01;s__CALXOJ01 sp944388995	novel Bacteria	novel family	sylph
GCA_944388995.1_genomic	sylph	order	Bray-Curtis distance	0.5	family	d__Bacteria;p__Spirochaetota;c__Spirochaetia;o__JAFGXN01;f__CALXOJ01;g__CALXOJ01;s__CALXOJ01 sp944388995	novel Bacteria	novel family	sylph
GCA_944388995.1_genomic	sylph	family	Bray-Curtis distance	0.5	family	d__Bacteria;p__Spirochaetota;c__Spirochaetia;o__JAFGXN01;f__CALXOJ01;g__CALXOJ01;s__CALXOJ01 sp944388995	novel Bacteria	novel family	sylph
GCA_944388995.1_genomic	sylph	genus	Bray-Curtis distance	0.5	family	d__Bacteria;p__Spirochaetota;c__Spirochaetia;o__JAFGXN01;f__CALXOJ01;g__CALXOJ01;s__CALXOJ01 sp944388995	novel Bacteria	novel family	sylph
GCA_944388995.1_genomic	sylph	species	Bray-Curtis distance	0.5	family	d__Bacteria;p__Spirochaetota;c__Spirochaetia;o__JAFGXN01;f__CALXOJ01;g__CALXOJ01;s__CALXOJ01 sp944388995	novel Bacteria	novel family	sylph
GCA_944388995.1_genomic	metaphlan	kingdom	Bray-Curtis distance	0.5	family	d__Bacteria;p__Spirochaetota;c__Spirochaetia;o__JAFGXN01;f__CALXOJ01;g__CALXOJ01;s__CALXOJ01 sp944388995	novel Bacteria	novel family	MetaPhlAn
GCA_944388995.1_genomic	metaphlan	phylum	Bray-Curtis distance	0.5	family	d__Bacteria;p__Spirochaetota;c__Spirochaetia;o__JAFGXN01;f__CALXOJ01;g__CALXOJ01;s__CALXOJ01 sp944388995	novel Bacteria	novel family	MetaPhlAn
GCA_944388995.1_genomic	metaphlan	class	Bray-Curtis distance	0.5	family	d__Bacteria;p__Spirochaetota;c__Spirochaetia;o__JAFGXN01;f__CALXOJ01;g__CALXOJ01;s__CALXOJ01 sp944388995	novel Bacteria	novel family	MetaPhlAn
GCA_944388995.1_genomic	metaphlan	order	Bray-Curtis distance	0.5	family	d__Bacteria;p__Spirochaetota;c__Spirochaetia;o__JAFGXN01;f__CALXOJ01;g__CALXOJ01;s__CALXOJ01 sp944388995	novel Bacteria	novel family	MetaPhlAn
GCA_944388995.1_genomic	metaphlan	family	Bray-Curtis distance	0.5	family	d__Bacteria;p__Spirochaetota;c__Spirochaetia;o__JAFGXN01;f__CALXOJ01;g__CALXOJ01;s__CALXOJ01 sp944388995	novel Bacteria	novel family	MetaPhlAn
GCA_944388995.1_genomic	metaphlan	genus	Bray-Curtis distance	0.5	family	d__Bacteria;p__Spirochaetota;c__Spirochaetia;o__JAFGXN01;f__CALXOJ01;g__CALXOJ01;s__CALXOJ01 sp944388995	novel Bacteria	novel family	MetaPhlAn
GCA_944388995.1_genomic	metaphlan	species	Bray-Curtis distance	0.5	family	d__Bacteria;p__Spirochaetota;c__Spirochaetia;o__JAFGXN01;f__CALXOJ01;g__CALXOJ01;s__CALXOJ01 sp944388995	novel Bacteria	novel family	MetaPhlAn
GCA_944388995.1_genomic	singlem	kingdom	Bray-Curtis distance	0.212678169542386	family	d__Bacteria;p__Spirochaetota;c__Spirochaetia;o__JAFGXN01;f__CALXOJ01;g__CALXOJ01;s__CALXOJ01 sp944388995	novel Bacteria	novel family	SingleM
GCA_944388995.1_genomic	singlem	phylum	Bray-Curtis distance	0.156641098102543	family	d__Bacteria;p__Spirochaetota;c__Spirochaetia;o__JAFGXN01;f__CALXOJ01;g__CALXOJ01;s__CALXOJ01 sp944388995	novel Bacteria	novel family	SingleM
GCA_944388995.1_genomic	singlem	class	Bray-Curtis distance	0.156641098102543	family	d__Bacteria;p__Spirochaetota;c__Spirochaetia;o__JAFGXN01;f__CALXOJ01;g__CALXOJ01;s__CALXOJ01 sp944388995	novel Bacteria	novel family	SingleM
GCA_944388995.1_genomic	singlem	order	Bray-Curtis distance	0.58845944474687	family	d__Bacteria;p__Spirochaetota;c__Spirochaetia;o__JAFGXN01;f__CALXOJ01;g__CALXOJ01;s__CALXOJ01 sp944388995	novel Bacteria	novel family	SingleM
GCA_944388995.1_genomic	singlem	family	Bray-Curtis distance	0.567258156840298	family	d__Bacteria;p__Spirochaetota;c__Spirochaetia;o__JAFGXN01;f__CALXOJ01;g__CALXOJ01;s__CALXOJ01 sp944388995	novel Bacteria	novel family	SingleM
GCA_944388995.1_genomic	singlem	genus	Bray-Curtis distance	0.558153126826417	family	d__Bacteria;p__Spirochaetota;c__Spirochaetia;o__JAFGXN01;f__CALXOJ01;g__CALXOJ01;s__CALXOJ01 sp944388995	novel Bacteria	novel family	SingleM
GCA_944388995.1_genomic	singlem	species	Bray-Curtis distance	0.558153126826417	family	d__Bacteria;p__Spirochaetota;c__Spirochaetia;o__JAFGXN01;f__CALXOJ01;g__CALXOJ01;s__CALXOJ01 sp944388995	novel Bacteria	novel family	SingleM
GCA_944388995.1_genomic	singlem-regime3	kingdom	Bray-Curtis distance	0.0134997452878248	family	d__Bacteria;p__Spirochaetota;c__Spirochaetia;o__JAFGXN01;f__CALXOJ01;g__CALXOJ01;s__CALXOJ01 sp944388995	novel Bacteria	novel family	
GCA_944388995.1_genomic	singlem-regime3	phylum	Bray-Curtis distance	0.0750273822562978	family	d__Bacteria;p__Spirochaetota;c__Spirochaetia;o__JAFGXN01;f__CALXOJ01;g__CALXOJ01;s__CALXOJ01 sp944388995	novel Bacteria	novel family	
GCA_944388995.1_genomic	singlem-regime3	class	Bray-Curtis distance	0.0750273822562978	family	d__Bacteria;p__Spirochaetota;c__Spirochaetia;o__JAFGXN01;f__CALXOJ01;g__CALXOJ01;s__CALXOJ01 sp944388995	novel Bacteria	novel family	
GCA_944388995.1_genomic	singlem-regime3	order	Bray-Curtis distance	0.442770118627765	family	d__Bacteria;p__Spirochaetota;c__Spirochaetia;o__JAFGXN01;f__CALXOJ01;g__CALXOJ01;s__CALXOJ01 sp944388995	novel Bacteria	novel family	
GCA_944388995.1_genomic	singlem-regime3	family	Bray-Curtis distance	0.386299435028249	family	d__Bacteria;p__Spirochaetota;c__Spirochaetia;o__JAFGXN01;f__CALXOJ01;g__CALXOJ01;s__CALXOJ01 sp944388995	novel Bacteria	novel family	
GCA_944388995.1_genomic	singlem-regime3	genus	Bray-Curtis distance	0.386299435028249	family	d__Bacteria;p__Spirochaetota;c__Spirochaetia;o__JAFGXN01;f__CALXOJ01;g__CALXOJ01;s__CALXOJ01 sp944388995	novel Bacteria	novel family	
GCA_944388995.1_genomic	singlem-regime3	species	Bray-Curtis distance	0.386299435028249	family	d__Bacteria;p__Spirochaetota;c__Spirochaetia;o__JAFGXN01;f__CALXOJ01;g__CALXOJ01;s__CALXOJ01 sp944388995	novel Bacteria	novel family	
GCA_944390005.1_genomic	sylph	kingdom	Bray-Curtis distance	0.5	family	d__Bacteria;p__Spirochaetota;c__Spirochaetia;o__JAFGXN01;f__CALXOJ01;g__CALXOJ01;s__CALXOJ01 sp944390005	novel Bacteria	novel family	sylph
GCA_944390005.1_genomic	sylph	phylum	Bray-Curtis distance	0.5	family	d__Bacteria;p__Spirochaetota;c__Spirochaetia;o__JAFGXN01;f__CALXOJ01;g__CALXOJ01;s__CALXOJ01 sp944390005	novel Bacteria	novel family	sylph
GCA_944390005.1_genomic	sylph	class	Bray-Curtis distance	0.5	family	d__Bacteria;p__Spirochaetota;c__Spirochaetia;o__JAFGXN01;f__CALXOJ01;g__CALXOJ01;s__CALXOJ01 sp944390005	novel Bacteria	novel family	sylph
GCA_944390005.1_genomic	sylph	order	Bray-Curtis distance	0.5	family	d__Bacteria;p__Spirochaetota;c__Spirochaetia;o__JAFGXN01;f__CALXOJ01;g__CALXOJ01;s__CALXOJ01 sp944390005	novel Bacteria	novel family	sylph
GCA_944390005.1_genomic	sylph	family	Bray-Curtis distance	0.5	family	d__Bacteria;p__Spirochaetota;c__Spirochaetia;o__JAFGXN01;f__CALXOJ01;g__CALXOJ01;s__CALXOJ01 sp944390005	novel Bacteria	novel family	sylph
GCA_944390005.1_genomic	sylph	genus	Bray-Curtis distance	0.5	family	d__Bacteria;p__Spirochaetota;c__Spirochaetia;o__JAFGXN01;f__CALXOJ01;g__CALXOJ01;s__CALXOJ01 sp944390005	novel Bacteria	novel family	sylph
GCA_944390005.1_genomic	sylph	species	Bray-Curtis distance	0.5	family	d__Bacteria;p__Spirochaetota;c__Spirochaetia;o__JAFGXN01;f__CALXOJ01;g__CALXOJ01;s__CALXOJ01 sp944390005	novel Bacteria	novel family	sylph
GCA_944390005.1_genomic	metaphlan	kingdom	Bray-Curtis distance	0.5	family	d__Bacteria;p__Spirochaetota;c__Spirochaetia;o__JAFGXN01;f__CALXOJ01;g__CALXOJ01;s__CALXOJ01 sp944390005	novel Bacteria	novel family	MetaPhlAn
GCA_944390005.1_genomic	metaphlan	phylum	Bray-Curtis distance	0.5	family	d__Bacteria;p__Spirochaetota;c__Spirochaetia;o__JAFGXN01;f__CALXOJ01;g__CALXOJ01;s__CALXOJ01 sp944390005	novel Bacteria	novel family	MetaPhlAn
GCA_944390005.1_genomic	metaphlan	class	Bray-Curtis distance	0.5	family	d__Bacteria;p__Spirochaetota;c__Spirochaetia;o__JAFGXN01;f__CALXOJ01;g__CALXOJ01;s__CALXOJ01 sp944390005	novel Bacteria	novel family	MetaPhlAn
GCA_944390005.1_genomic	metaphlan	order	Bray-Curtis distance	0.5	family	d__Bacteria;p__Spirochaetota;c__Spirochaetia;o__JAFGXN01;f__CALXOJ01;g__CALXOJ01;s__CALXOJ01 sp944390005	novel Bacteria	novel family	MetaPhlAn
GCA_944390005.1_genomic	metaphlan	family	Bray-Curtis distance	0.5	family	d__Bacteria;p__Spirochaetota;c__Spirochaetia;o__JAFGXN01;f__CALXOJ01;g__CALXOJ01;s__CALXOJ01 sp944390005	novel Bacteria	novel family	MetaPhlAn
GCA_944390005.1_genomic	metaphlan	genus	Bray-Curtis distance	0.5	family	d__Bacteria;p__Spirochaetota;c__Spirochaetia;o__JAFGXN01;f__CALXOJ01;g__CALXOJ01;s__CALXOJ01 sp944390005	novel Bacteria	novel family	MetaPhlAn
GCA_944390005.1_genomic	metaphlan	species	Bray-Curtis distance	0.5	family	d__Bacteria;p__Spirochaetota;c__Spirochaetia;o__JAFGXN01;f__CALXOJ01;g__CALXOJ01;s__CALXOJ01 sp944390005	novel Bacteria	novel family	MetaPhlAn
GCA_944390005.1_genomic	singlem	kingdom	Bray-Curtis distance	0.00837385197190713	family	d__Bacteria;p__Spirochaetota;c__Spirochaetia;o__JAFGXN01;f__CALXOJ01;g__CALXOJ01;s__CALXOJ01 sp944390005	novel Bacteria	novel family	SingleM
GCA_944390005.1_genomic	singlem	phylum	Bray-Curtis distance	0.0526016491327837	family	d__Bacteria;p__Spirochaetota;c__Spirochaetia;o__JAFGXN01;f__CALXOJ01;g__CALXOJ01;s__CALXOJ01 sp944390005	novel Bacteria	novel family	SingleM
GCA_944390005.1_genomic	singlem	class	Bray-Curtis distance	0.0541002277904329	family	d__Bacteria;p__Spirochaetota;c__Spirochaetia;o__JAFGXN01;f__CALXOJ01;g__CALXOJ01;s__CALXOJ01 sp944390005	novel Bacteria	novel family	SingleM
GCA_944390005.1_genomic	singlem	order	Bray-Curtis distance	0.383630852138767	family	d__Bacteria;p__Spirochaetota;c__Spirochaetia;o__JAFGXN01;f__CALXOJ01;g__CALXOJ01;s__CALXOJ01 sp944390005	novel Bacteria	novel family	SingleM
GCA_944390005.1_genomic	singlem	family	Bray-Curtis distance	0.358119957909505	family	d__Bacteria;p__Spirochaetota;c__Spirochaetia;o__JAFGXN01;f__CALXOJ01;g__CALXOJ01;s__CALXOJ01 sp944390005	novel Bacteria	novel family	SingleM
GCA_944390005.1_genomic	singlem	genus	Bray-Curtis distance	0.3512938674229	family	d__Bacteria;p__Spirochaetota;c__Spirochaetia;o__JAFGXN01;f__CALXOJ01;g__CALXOJ01;s__CALXOJ01 sp944390005	novel Bacteria	novel family	SingleM
GCA_944390005.1_genomic	singlem	species	Bray-Curtis distance	0.338394793926247	family	d__Bacteria;p__Spirochaetota;c__Spirochaetia;o__JAFGXN01;f__CALXOJ01;g__CALXOJ01;s__CALXOJ01 sp944390005	novel Bacteria	novel family	SingleM
GCA_944390005.1_genomic	singlem-regime3	kingdom	Bray-Curtis distance	0.00466321243523321	family	d__Bacteria;p__Spirochaetota;c__Spirochaetia;o__JAFGXN01;f__CALXOJ01;g__CALXOJ01;s__CALXOJ01 sp944390005	novel Bacteria	novel family	
GCA_944390005.1_genomic	singlem-regime3	phylum	Bray-Curtis distance	0.0419129500268673	family	d__Bacteria;p__Spirochaetota;c__Spirochaetia;o__JAFGXN01;f__CALXOJ01;g__CALXOJ01;s__CALXOJ01 sp944390005	novel Bacteria	novel family	
GCA_944390005.1_genomic	singlem-regime3	class	Bray-Curtis distance	0.0419129500268673	family	d__Bacteria;p__Spirochaetota;c__Spirochaetia;o__JAFGXN01;f__CALXOJ01;g__CALXOJ01;s__CALXOJ01 sp944390005	novel Bacteria	novel family	
GCA_944390005.1_genomic	singlem-regime3	order	Bray-Curtis distance	0.35559265442404	family	d__Bacteria;p__Spirochaetota;c__Spirochaetia;o__JAFGXN01;f__CALXOJ01;g__CALXOJ01;s__CALXOJ01 sp944390005	novel Bacteria	novel family	
GCA_944390005.1_genomic	singlem-regime3	family	Bray-Curtis distance	0.35559265442404	family	d__Bacteria;p__Spirochaetota;c__Spirochaetia;o__JAFGXN01;f__CALXOJ01;g__CALXOJ01;s__CALXOJ01 sp944390005	novel Bacteria	novel family	
GCA_944390005.1_genomic	singlem-regime3	genus	Bray-Curtis distance	0.335399449035813	family	d__Bacteria;p__Spirochaetota;c__Spirochaetia;o__JAFGXN01;f__CALXOJ01;g__CALXOJ01;s__CALXOJ01 sp944390005	novel Bacteria	novel family	
GCA_944390005.1_genomic	singlem-regime3	species	Bray-Curtis distance	0.335399449035813	family	d__Bacteria;p__Spirochaetota;c__Spirochaetia;o__JAFGXN01;f__CALXOJ01;g__CALXOJ01;s__CALXOJ01 sp944390005	novel Bacteria	novel family	
GCF_019704315.1_genomic	sylph	kingdom	Bray-Curtis distance	0.5	species	d__Archaea;p__Thermoproteota;c__Thermoprotei_A;o__Sulfolobales;f__Sulfolobaceae;g__Stygiolobus;s__Stygiolobus caldivivus	novel Archaea	novel species	sylph
GCF_019704315.1_genomic	sylph	phylum	Bray-Curtis distance	0.5	species	d__Archaea;p__Thermoproteota;c__Thermoprotei_A;o__Sulfolobales;f__Sulfolobaceae;g__Stygiolobus;s__Stygiolobus caldivivus	novel Archaea	novel species	sylph
GCF_019704315.1_genomic	sylph	class	Bray-Curtis distance	0.5	species	d__Archaea;p__Thermoproteota;c__Thermoprotei_A;o__Sulfolobales;f__Sulfolobaceae;g__Stygiolobus;s__Stygiolobus caldivivus	novel Archaea	novel species	sylph
GCF_019704315.1_genomic	sylph	order	Bray-Curtis distance	0.5	species	d__Archaea;p__Thermoproteota;c__Thermoprotei_A;o__Sulfolobales;f__Sulfolobaceae;g__Stygiolobus;s__Stygiolobus caldivivus	novel Archaea	novel species	sylph
GCF_019704315.1_genomic	sylph	family	Bray-Curtis distance	0.5	species	d__Archaea;p__Thermoproteota;c__Thermoprotei_A;o__Sulfolobales;f__Sulfolobaceae;g__Stygiolobus;s__Stygiolobus caldivivus	novel Archaea	novel species	sylph
GCF_019704315.1_genomic	sylph	genus	Bray-Curtis distance	0.5	species	d__Archaea;p__Thermoproteota;c__Thermoprotei_A;o__Sulfolobales;f__Sulfolobaceae;g__Stygiolobus;s__Stygiolobus caldivivus	novel Archaea	novel species	sylph
GCF_019704315.1_genomic	sylph	species	Bray-Curtis distance	0.5	species	d__Archaea;p__Thermoproteota;c__Thermoprotei_A;o__Sulfolobales;f__Sulfolobaceae;g__Stygiolobus;s__Stygiolobus caldivivus	novel Archaea	novel species	sylph
GCF_019704315.1_genomic	metaphlan	kingdom	Bray-Curtis distance	0.5	species	d__Archaea;p__Thermoproteota;c__Thermoprotei_A;o__Sulfolobales;f__Sulfolobaceae;g__Stygiolobus;s__Stygiolobus caldivivus	novel Archaea	novel species	MetaPhlAn
GCF_019704315.1_genomic	metaphlan	phylum	Bray-Curtis distance	0.5	species	d__Archaea;p__Thermoproteota;c__Thermoprotei_A;o__Sulfolobales;f__Sulfolobaceae;g__Stygiolobus;s__Stygiolobus caldivivus	novel Archaea	novel species	MetaPhlAn
GCF_019704315.1_genomic	metaphlan	class	Bray-Curtis distance	0.5	species	d__Archaea;p__Thermoproteota;c__Thermoprotei_A;o__Sulfolobales;f__Sulfolobaceae;g__Stygiolobus;s__Stygiolobus caldivivus	novel Archaea	novel species	MetaPhlAn
GCF_019704315.1_genomic	metaphlan	order	Bray-Curtis distance	0.5	species	d__Archaea;p__Thermoproteota;c__Thermoprotei_A;o__Sulfolobales;f__Sulfolobaceae;g__Stygiolobus;s__Stygiolobus caldivivus	novel Archaea	novel species	MetaPhlAn
GCF_019704315.1_genomic	metaphlan	family	Bray-Curtis distance	0.5	species	d__Archaea;p__Thermoproteota;c__Thermoprotei_A;o__Sulfolobales;f__Sulfolobaceae;g__Stygiolobus;s__Stygiolobus caldivivus	novel Archaea	novel species	MetaPhlAn
GCF_019704315.1_genomic	metaphlan	genus	Bray-Curtis distance	0.5	species	d__Archaea;p__Thermoproteota;c__Thermoprotei_A;o__Sulfolobales;f__Sulfolobaceae;g__Stygiolobus;s__Stygiolobus caldivivus	novel Archaea	novel species	MetaPhlAn
GCF_019704315.1_genomic	metaphlan	species	Bray-Curtis distance	0.5	species	d__Archaea;p__Thermoproteota;c__Thermoprotei_A;o__Sulfolobales;f__Sulfolobaceae;g__Stygiolobus;s__Stygiolobus caldivivus	novel Archaea	novel species	MetaPhlAn
GCF_019704315.1_genomic	singlem	kingdom	Bray-Curtis distance	0.0341188021600393	species	d__Archaea;p__Thermoproteota;c__Thermoprotei_A;o__Sulfolobales;f__Sulfolobaceae;g__Stygiolobus;s__Stygiolobus caldivivus	novel Archaea	novel species	SingleM
GCF_019704315.1_genomic	singlem	phylum	Bray-Curtis distance	0.041635687732342	species	d__Archaea;p__Thermoproteota;c__Thermoprotei_A;o__Sulfolobales;f__Sulfolobaceae;g__Stygiolobus;s__Stygiolobus caldivivus	novel Archaea	novel species	SingleM
GCF_019704315.1_genomic	singlem	class	Bray-Curtis distance	0.0404466501240694	species	d__Archaea;p__Thermoproteota;c__Thermoprotei_A;o__Sulfolobales;f__Sulfolobaceae;g__Stygiolobus;s__Stygiolobus caldivivus	novel Archaea	novel species	SingleM
GCF_019704315.1_genomic	singlem	order	Bray-Curtis distance	0.0404466501240694	species	d__Archaea;p__Thermoproteota;c__Thermoprotei_A;o__Sulfolobales;f__Sulfolobaceae;g__Stygiolobus;s__Stygiolobus caldivivus	novel Archaea	novel species	SingleM
GCF_019704315.1_genomic	singlem	family	Bray-Curtis distance	0.0404466501240694	species	d__Archaea;p__Thermoproteota;c__Thermoprotei_A;o__Sulfolobales;f__Sulfolobaceae;g__Stygiolobus;s__Stygiolobus caldivivus	novel Archaea	novel species	SingleM
GCF_019704315.1_genomic	singlem	genus	Bray-Curtis distance	0.0334916270932266	species	d__Archaea;p__Thermoproteota;c__Thermoprotei_A;o__Sulfolobales;f__Sulfolobaceae;g__Stygiolobus;s__Stygiolobus caldivivus	novel Archaea	novel species	SingleM
GCF_019704315.1_genomic	singlem	species	Bray-Curtis distance	0.380081300813008	species	d__Archaea;p__Thermoproteota;c__Thermoprotei_A;o__Sulfolobales;f__Sulfolobaceae;g__Stygiolobus;s__Stygiolobus caldivivus	novel Archaea	novel species	SingleM
GCF_019704315.1_genomic	singlem-regime3	kingdom	Bray-Curtis distance	0.0263157894736842	species	d__Archaea;p__Thermoproteota;c__Thermoprotei_A;o__Sulfolobales;f__Sulfolobaceae;g__Stygiolobus;s__Stygiolobus caldivivus	novel Archaea	novel species	
GCF_019704315.1_genomic	singlem-regime3	phylum	Bray-Curtis distance	0.0263157894736842	species	d__Archaea;p__Thermoproteota;c__Thermoprotei_A;o__Sulfolobales;f__Sulfolobaceae;g__Stygiolobus;s__Stygiolobus caldivivus	novel Archaea	novel species	
GCF_019704315.1_genomic	singlem-regime3	class	Bray-Curtis distance	0.0263157894736842	species	d__Archaea;p__Thermoproteota;c__Thermoprotei_A;o__Sulfolobales;f__Sulfolobaceae;g__Stygiolobus;s__Stygiolobus caldivivus	novel Archaea	novel species	
GCF_019704315.1_genomic	singlem-regime3	order	Bray-Curtis distance	0.0263157894736842	species	d__Archaea;p__Thermoproteota;c__Thermoprotei_A;o__Sulfolobales;f__Sulfolobaceae;g__Stygiolobus;s__Stygiolobus caldivivus	novel Archaea	novel species	
GCF_019704315.1_genomic	singlem-regime3	family	Bray-Curtis distance	0.0263157894736842	species	d__Archaea;p__Thermoproteota;c__Thermoprotei_A;o__Sulfolobales;f__Sulfolobaceae;g__Stygiolobus;s__Stygiolobus caldivivus	novel Archaea	novel species	
GCF_019704315.1_genomic	singlem-regime3	genus	Bray-Curtis distance	0.0155490767735665	species	d__Archaea;p__Thermoproteota;c__Thermoprotei_A;o__Sulfolobales;f__Sulfolobaceae;g__Stygiolobus;s__Stygiolobus caldivivus	novel Archaea	novel species	
GCF_019704315.1_genomic	singlem-regime3	species	Bray-Curtis distance	0.357142857142857	species	d__Archaea;p__Thermoproteota;c__Thermoprotei_A;o__Sulfolobales;f__Sulfolobaceae;g__Stygiolobus;s__Stygiolobus caldivivus	novel Archaea	novel species	
GCF_020148105.1_genomic	sylph	kingdom	Bray-Curtis distance	0.5	species	d__Archaea;p__Methanobacteriota;c__Methanobacteria;o__Methanobacteriales;f__Methanobacteriaceae;g__Methanobrevibacter_C;s__Methanobrevibacter_C sp020148105	novel Archaea	novel species	sylph
GCF_020148105.1_genomic	sylph	phylum	Bray-Curtis distance	0.5	species	d__Archaea;p__Methanobacteriota;c__Methanobacteria;o__Methanobacteriales;f__Methanobacteriaceae;g__Methanobrevibacter_C;s__Methanobrevibacter_C sp020148105	novel Archaea	novel species	sylph
GCF_020148105.1_genomic	sylph	class	Bray-Curtis distance	0.5	species	d__Archaea;p__Methanobacteriota;c__Methanobacteria;o__Methanobacteriales;f__Methanobacteriaceae;g__Methanobrevibacter_C;s__Methanobrevibacter_C sp020148105	novel Archaea	novel species	sylph
GCF_020148105.1_genomic	sylph	order	Bray-Curtis distance	0.5	species	d__Archaea;p__Methanobacteriota;c__Methanobacteria;o__Methanobacteriales;f__Methanobacteriaceae;g__Methanobrevibacter_C;s__Methanobrevibacter_C sp020148105	novel Archaea	novel species	sylph
GCF_020148105.1_genomic	sylph	family	Bray-Curtis distance	0.5	species	d__Archaea;p__Methanobacteriota;c__Methanobacteria;o__Methanobacteriales;f__Methanobacteriaceae;g__Methanobrevibacter_C;s__Methanobrevibacter_C sp020148105	novel Archaea	novel species	sylph
GCF_020148105.1_genomic	sylph	genus	Bray-Curtis distance	0.5	species	d__Archaea;p__Methanobacteriota;c__Methanobacteria;o__Methanobacteriales;f__Methanobacteriaceae;g__Methanobrevibacter_C;s__Methanobrevibacter_C sp020148105	novel Archaea	novel species	sylph
GCF_020148105.1_genomic	sylph	species	Bray-Curtis distance	0.5	species	d__Archaea;p__Methanobacteriota;c__Methanobacteria;o__Methanobacteriales;f__Methanobacteriaceae;g__Methanobrevibacter_C;s__Methanobrevibacter_C sp020148105	novel Archaea	novel species	sylph
GCF_020148105.1_genomic	metaphlan	kingdom	Bray-Curtis distance	0.5	species	d__Archaea;p__Methanobacteriota;c__Methanobacteria;o__Methanobacteriales;f__Methanobacteriaceae;g__Methanobrevibacter_C;s__Methanobrevibacter_C sp020148105	novel Archaea	novel species	MetaPhlAn
GCF_020148105.1_genomic	metaphlan	phylum	Bray-Curtis distance	0.5	species	d__Archaea;p__Methanobacteriota;c__Methanobacteria;o__Methanobacteriales;f__Methanobacteriaceae;g__Methanobrevibacter_C;s__Methanobrevibacter_C sp020148105	novel Archaea	novel species	MetaPhlAn
GCF_020148105.1_genomic	metaphlan	class	Bray-Curtis distance	0.5	species	d__Archaea;p__Methanobacteriota;c__Methanobacteria;o__Methanobacteriales;f__Methanobacteriaceae;g__Methanobrevibacter_C;s__Methanobrevibacter_C sp020148105	novel Archaea	novel species	MetaPhlAn
GCF_020148105.1_genomic	metaphlan	order	Bray-Curtis distance	0.5	species	d__Archaea;p__Methanobacteriota;c__Methanobacteria;o__Methanobacteriales;f__Methanobacteriaceae;g__Methanobrevibacter_C;s__Methanobrevibacter_C sp020148105	novel Archaea	novel species	MetaPhlAn
GCF_020148105.1_genomic	metaphlan	family	Bray-Curtis distance	0.5	species	d__Archaea;p__Methanobacteriota;c__Methanobacteria;o__Methanobacteriales;f__Methanobacteriaceae;g__Methanobrevibacter_C;s__Methanobrevibacter_C sp020148105	novel Archaea	novel species	MetaPhlAn
GCF_020148105.1_genomic	metaphlan	genus	Bray-Curtis distance	0.5	species	d__Archaea;p__Methanobacteriota;c__Methanobacteria;o__Methanobacteriales;f__Methanobacteriaceae;g__Methanobrevibacter_C;s__Methanobrevibacter_C sp020148105	novel Archaea	novel species	MetaPhlAn
GCF_020148105.1_genomic	metaphlan	species	Bray-Curtis distance	0.5	species	d__Archaea;p__Methanobacteriota;c__Methanobacteria;o__Methanobacteriales;f__Methanobacteriaceae;g__Methanobrevibacter_C;s__Methanobrevibacter_C sp020148105	novel Archaea	novel species	MetaPhlAn
GCF_020148105.1_genomic	singlem	kingdom	Bray-Curtis distance	0.090964590964591	species	d__Archaea;p__Methanobacteriota;c__Methanobacteria;o__Methanobacteriales;f__Methanobacteriaceae;g__Methanobrevibacter_C;s__Methanobrevibacter_C sp020148105	novel Archaea	novel species	SingleM
GCF_020148105.1_genomic	singlem	phylum	Bray-Curtis distance	0.106159083874961	species	d__Archaea;p__Methanobacteriota;c__Methanobacteria;o__Methanobacteriales;f__Methanobacteriaceae;g__Methanobrevibacter_C;s__Methanobrevibacter_C sp020148105	novel Archaea	novel species	SingleM
GCF_020148105.1_genomic	singlem	class	Bray-Curtis distance	0.106159083874961	species	d__Archaea;p__Methanobacteriota;c__Methanobacteria;o__Methanobacteriales;f__Methanobacteriaceae;g__Methanobrevibacter_C;s__Methanobrevibacter_C sp020148105	novel Archaea	novel species	SingleM
GCF_020148105.1_genomic	singlem	order	Bray-Curtis distance	0.106159083874961	species	d__Archaea;p__Methanobacteriota;c__Methanobacteria;o__Methanobacteriales;f__Methanobacteriaceae;g__Methanobrevibacter_C;s__Methanobrevibacter_C sp020148105	novel Archaea	novel species	SingleM
GCF_020148105.1_genomic	singlem	family	Bray-Curtis distance	0.106159083874961	species	d__Archaea;p__Methanobacteriota;c__Methanobacteria;o__Methanobacteriales;f__Methanobacteriaceae;g__Methanobrevibacter_C;s__Methanobrevibacter_C sp020148105	novel Archaea	novel species	SingleM
GCF_020148105.1_genomic	singlem	genus	Bray-Curtis distance	0.104773713577185	species	d__Archaea;p__Methanobacteriota;c__Methanobacteria;o__Methanobacteriales;f__Methanobacteriaceae;g__Methanobrevibacter_C;s__Methanobrevibacter_C sp020148105	novel Archaea	novel species	SingleM
GCF_020148105.1_genomic	singlem	species	Bray-Curtis distance	0.447635881573133	species	d__Archaea;p__Methanobacteriota;c__Methanobacteria;o__Methanobacteriales;f__Methanobacteriaceae;g__Methanobrevibacter_C;s__Methanobrevibacter_C sp020148105	novel Archaea	novel species	SingleM
GCF_020148105.1_genomic	singlem-regime3	kingdom	Bray-Curtis distance	0.0556189389617799	species	d__Archaea;p__Methanobacteriota;c__Methanobacteria;o__Methanobacteriales;f__Methanobacteriaceae;g__Methanobrevibacter_C;s__Methanobrevibacter_C sp020148105	novel Archaea	novel species	
GCF_020148105.1_genomic	singlem-regime3	phylum	Bray-Curtis distance	0.0556189389617799	species	d__Archaea;p__Methanobacteriota;c__Methanobacteria;o__Methanobacteriales;f__Methanobacteriaceae;g__Methanobrevibacter_C;s__Methanobrevibacter_C sp020148105	novel Archaea	novel species	
GCF_020148105.1_genomic	singlem-regime3	class	Bray-Curtis distance	0.0556189389617799	species	d__Archaea;p__Methanobacteriota;c__Methanobacteria;o__Methanobacteriales;f__Methanobacteriaceae;g__Methanobrevibacter_C;s__Methanobrevibacter_C sp020148105	novel Archaea	novel species	
GCF_020148105.1_genomic	singlem-regime3	order	Bray-Curtis distance	0.0556189389617799	species	d__Archaea;p__Methanobacteriota;c__Methanobacteria;o__Methanobacteriales;f__Methanobacteriaceae;g__Methanobrevibacter_C;s__Methanobrevibacter_C sp020148105	novel Archaea	novel species	
GCF_020148105.1_genomic	singlem-regime3	family	Bray-Curtis distance	0.0556189389617799	species	d__Archaea;p__Methanobacteriota;c__Methanobacteria;o__Methanobacteriales;f__Methanobacteriaceae;g__Methanobrevibacter_C;s__Methanobrevibacter_C sp020148105	novel Archaea	novel species	
GCF_020148105.1_genomic	singlem-regime3	genus	Bray-Curtis distance	0.0556189389617799	species	d__Archaea;p__Methanobacteriota;c__Methanobacteria;o__Methanobacteriales;f__Methanobacteriaceae;g__Methanobrevibacter_C;s__Methanobrevibacter_C sp020148105	novel Archaea	novel species	
GCF_020148105.1_genomic	singlem-regime3	species	Bray-Curtis distance	0.384676145339653	species	d__Archaea;p__Methanobacteriota;c__Methanobacteria;o__Methanobacteriales;f__Methanobacteriaceae;g__Methanobrevibacter_C;s__Methanobrevibacter_C sp020148105	novel Archaea	novel species	
GCF_021184045.1_genomic	sylph	kingdom	Bray-Curtis distance	0.00521993318485528	species	d__Archaea;p__Halobacteriota;c__Methanosarcinia;o__Methanosarcinales;f__Methanosarcinaceae;g__Methanococcoides;s__Methanococcoides orientis	novel Archaea	novel species	sylph
GCF_021184045.1_genomic	sylph	phylum	Bray-Curtis distance	0.00521993318485528	species	d__Archaea;p__Halobacteriota;c__Methanosarcinia;o__Methanosarcinales;f__Methanosarcinaceae;g__Methanococcoides;s__Methanococcoides orientis	novel Archaea	novel species	sylph
GCF_021184045.1_genomic	sylph	class	Bray-Curtis distance	0.00521993318485528	species	d__Archaea;p__Halobacteriota;c__Methanosarcinia;o__Methanosarcinales;f__Methanosarcinaceae;g__Methanococcoides;s__Methanococcoides orientis	novel Archaea	novel species	sylph
GCF_021184045.1_genomic	sylph	order	Bray-Curtis distance	0.00521993318485528	species	d__Archaea;p__Halobacteriota;c__Methanosarcinia;o__Methanosarcinales;f__Methanosarcinaceae;g__Methanococcoides;s__Methanococcoides orientis	novel Archaea	novel species	sylph
GCF_021184045.1_genomic	sylph	family	Bray-Curtis distance	0.00521993318485528	species	d__Archaea;p__Halobacteriota;c__Methanosarcinia;o__Methanosarcinales;f__Methanosarcinaceae;g__Methanococcoides;s__Methanococcoides orientis	novel Archaea	novel species	sylph
GCF_021184045.1_genomic	sylph	genus	Bray-Curtis distance	0.00521993318485528	species	d__Archaea;p__Halobacteriota;c__Methanosarcinia;o__Methanosarcinales;f__Methanosarcinaceae;g__Methanococcoides;s__Methanococcoides orientis	novel Archaea	novel species	sylph
GCF_021184045.1_genomic	sylph	species	Bray-Curtis distance	0.505219933184855	species	d__Archaea;p__Halobacteriota;c__Methanosarcinia;o__Methanosarcinales;f__Methanosarcinaceae;g__Methanococcoides;s__Methanococcoides orientis	novel Archaea	novel species	sylph
GCF_021184045.1_genomic	metaphlan	kingdom	Bray-Curtis distance	0.5	species	d__Archaea;p__Halobacteriota;c__Methanosarcinia;o__Methanosarcinales;f__Methanosarcinaceae;g__Methanococcoides;s__Methanococcoides orientis	novel Archaea	novel species	MetaPhlAn
GCF_021184045.1_genomic	metaphlan	phylum	Bray-Curtis distance	0.5	species	d__Archaea;p__Halobacteriota;c__Methanosarcinia;o__Methanosarcinales;f__Methanosarcinaceae;g__Methanococcoides;s__Methanococcoides orientis	novel Archaea	novel species	MetaPhlAn
GCF_021184045.1_genomic	metaphlan	class	Bray-Curtis distance	0.5	species	d__Archaea;p__Halobacteriota;c__Methanosarcinia;o__Methanosarcinales;f__Methanosarcinaceae;g__Methanococcoides;s__Methanococcoides orientis	novel Archaea	novel species	MetaPhlAn
GCF_021184045.1_genomic	metaphlan	order	Bray-Curtis distance	0.5	species	d__Archaea;p__Halobacteriota;c__Methanosarcinia;o__Methanosarcinales;f__Methanosarcinaceae;g__Methanococcoides;s__Methanococcoides orientis	novel Archaea	novel species	MetaPhlAn
GCF_021184045.1_genomic	metaphlan	family	Bray-Curtis distance	0.5	species	d__Archaea;p__Halobacteriota;c__Methanosarcinia;o__Methanosarcinales;f__Methanosarcinaceae;g__Methanococcoides;s__Methanococcoides orientis	novel Archaea	novel species	MetaPhlAn
GCF_021184045.1_genomic	metaphlan	genus	Bray-Curtis distance	0.5	species	d__Archaea;p__Halobacteriota;c__Methanosarcinia;o__Methanosarcinales;f__Methanosarcinaceae;g__Methanococcoides;s__Methanococcoides orientis	novel Archaea	novel species	MetaPhlAn
GCF_021184045.1_genomic	metaphlan	species	Bray-Curtis distance	1	species	d__Archaea;p__Halobacteriota;c__Methanosarcinia;o__Methanosarcinales;f__Methanosarcinaceae;g__Methanococcoides;s__Methanococcoides orientis	novel Archaea	novel species	MetaPhlAn
GCF_021184045.1_genomic	singlem	kingdom	Bray-Curtis distance	0.00462287104622874	species	d__Archaea;p__Halobacteriota;c__Methanosarcinia;o__Methanosarcinales;f__Methanosarcinaceae;g__Methanococcoides;s__Methanococcoides orientis	novel Archaea	novel species	SingleM
GCF_021184045.1_genomic	singlem	phylum	Bray-Curtis distance	0.010549558390579	species	d__Archaea;p__Halobacteriota;c__Methanosarcinia;o__Methanosarcinales;f__Methanosarcinaceae;g__Methanococcoides;s__Methanococcoides orientis	novel Archaea	novel species	SingleM
GCF_021184045.1_genomic	singlem	class	Bray-Curtis distance	0.0135635018495685	species	d__Archaea;p__Halobacteriota;c__Methanosarcinia;o__Methanosarcinales;f__Methanosarcinaceae;g__Methanococcoides;s__Methanococcoides orientis	novel Archaea	novel species	SingleM
GCF_021184045.1_genomic	singlem	order	Bray-Curtis distance	0.0135635018495685	species	d__Archaea;p__Halobacteriota;c__Methanosarcinia;o__Methanosarcinales;f__Methanosarcinaceae;g__Methanococcoides;s__Methanococcoides orientis	novel Archaea	novel species	SingleM
GCF_021184045.1_genomic	singlem	family	Bray-Curtis distance	0.0188398611799703	species	d__Archaea;p__Halobacteriota;c__Methanosarcinia;o__Methanosarcinales;f__Methanosarcinaceae;g__Methanococcoides;s__Methanococcoides orientis	novel Archaea	novel species	SingleM
GCF_021184045.1_genomic	singlem	genus	Bray-Curtis distance	0.0188398611799703	species	d__Archaea;p__Halobacteriota;c__Methanosarcinia;o__Methanosarcinales;f__Methanosarcinaceae;g__Methanococcoides;s__Methanococcoides orientis	novel Archaea	novel species	SingleM
GCF_021184045.1_genomic	singlem	species	Bray-Curtis distance	0.476581106112728	species	d__Archaea;p__Halobacteriota;c__Methanosarcinia;o__Methanosarcinales;f__Methanosarcinaceae;g__Methanococcoides;s__Methanococcoides orientis	novel Archaea	novel species	SingleM
GCF_021184045.1_genomic	singlem-regime3	kingdom	Bray-Curtis distance	0.00339805825242717	species	d__Archaea;p__Halobacteriota;c__Methanosarcinia;o__Methanosarcinales;f__Methanosarcinaceae;g__Methanococcoides;s__Methanococcoides orientis	novel Archaea	novel species	
GCF_021184045.1_genomic	singlem-regime3	phylum	Bray-Curtis distance	0.00339805825242717	species	d__Archaea;p__Halobacteriota;c__Methanosarcinia;o__Methanosarcinales;f__Methanosarcinaceae;g__Methanococcoides;s__Methanococcoides orientis	novel Archaea	novel species	
GCF_021184045.1_genomic	singlem-regime3	class	Bray-Curtis distance	0.00339805825242717	species	d__Archaea;p__Halobacteriota;c__Methanosarcinia;o__Methanosarcinales;f__Methanosarcinaceae;g__Methanococcoides;s__Methanococcoides orientis	novel Archaea	novel species	
GCF_021184045.1_genomic	singlem-regime3	order	Bray-Curtis distance	0.00339805825242717	species	d__Archaea;p__Halobacteriota;c__Methanosarcinia;o__Methanosarcinales;f__Methanosarcinaceae;g__Methanococcoides;s__Methanococcoides orientis	novel Archaea	novel species	
GCF_021184045.1_genomic	singlem-regime3	family	Bray-Curtis distance	0.00339805825242717	species	d__Archaea;p__Halobacteriota;c__Methanosarcinia;o__Methanosarcinales;f__Methanosarcinaceae;g__Methanococcoides;s__Methanococcoides orientis	novel Archaea	novel species	
GCF_021184045.1_genomic	singlem-regime3	genus	Bray-Curtis distance	0.00339805825242717	species	d__Archaea;p__Halobacteriota;c__Methanosarcinia;o__Methanosarcinales;f__Methanosarcinaceae;g__Methanococcoides;s__Methanococcoides orientis	novel Archaea	novel species	
GCF_021184045.1_genomic	singlem-regime3	species	Bray-Curtis distance	0.493586454592099	species	d__Archaea;p__Halobacteriota;c__Methanosarcinia;o__Methanosarcinales;f__Methanosarcinaceae;g__Methanococcoides;s__Methanococcoides orientis	novel Archaea	novel species	
GCF_023702065.1_genomic	sylph	kingdom	Bray-Curtis distance	0.5	species	d__Archaea;p__Halobacteriota;c__Methanomicrobia;o__Methanomicrobiales;f__Methanoculleaceae;g__Methanoculleus;s__Methanoculleus sp023702065	novel Archaea	novel species	sylph
GCF_023702065.1_genomic	sylph	phylum	Bray-Curtis distance	0.5	species	d__Archaea;p__Halobacteriota;c__Methanomicrobia;o__Methanomicrobiales;f__Methanoculleaceae;g__Methanoculleus;s__Methanoculleus sp023702065	novel Archaea	novel species	sylph
GCF_023702065.1_genomic	sylph	class	Bray-Curtis distance	0.5	species	d__Archaea;p__Halobacteriota;c__Methanomicrobia;o__Methanomicrobiales;f__Methanoculleaceae;g__Methanoculleus;s__Methanoculleus sp023702065	novel Archaea	novel species	sylph
GCF_023702065.1_genomic	sylph	order	Bray-Curtis distance	0.5	species	d__Archaea;p__Halobacteriota;c__Methanomicrobia;o__Methanomicrobiales;f__Methanoculleaceae;g__Methanoculleus;s__Methanoculleus sp023702065	novel Archaea	novel species	sylph
GCF_023702065.1_genomic	sylph	family	Bray-Curtis distance	0.5	species	d__Archaea;p__Halobacteriota;c__Methanomicrobia;o__Methanomicrobiales;f__Methanoculleaceae;g__Methanoculleus;s__Methanoculleus sp023702065	novel Archaea	novel species	sylph
GCF_023702065.1_genomic	sylph	genus	Bray-Curtis distance	0.5	species	d__Archaea;p__Halobacteriota;c__Methanomicrobia;o__Methanomicrobiales;f__Methanoculleaceae;g__Methanoculleus;s__Methanoculleus sp023702065	novel Archaea	novel species	sylph
GCF_023702065.1_genomic	sylph	species	Bray-Curtis distance	0.5	species	d__Archaea;p__Halobacteriota;c__Methanomicrobia;o__Methanomicrobiales;f__Methanoculleaceae;g__Methanoculleus;s__Methanoculleus sp023702065	novel Archaea	novel species	sylph
GCF_023702065.1_genomic	metaphlan	kingdom	Bray-Curtis distance	0.5	species	d__Archaea;p__Halobacteriota;c__Methanomicrobia;o__Methanomicrobiales;f__Methanoculleaceae;g__Methanoculleus;s__Methanoculleus sp023702065	novel Archaea	novel species	MetaPhlAn
GCF_023702065.1_genomic	metaphlan	phylum	Bray-Curtis distance	0.5	species	d__Archaea;p__Halobacteriota;c__Methanomicrobia;o__Methanomicrobiales;f__Methanoculleaceae;g__Methanoculleus;s__Methanoculleus sp023702065	novel Archaea	novel species	MetaPhlAn
GCF_023702065.1_genomic	metaphlan	class	Bray-Curtis distance	0.5	species	d__Archaea;p__Halobacteriota;c__Methanomicrobia;o__Methanomicrobiales;f__Methanoculleaceae;g__Methanoculleus;s__Methanoculleus sp023702065	novel Archaea	novel species	MetaPhlAn
GCF_023702065.1_genomic	metaphlan	order	Bray-Curtis distance	0.5	species	d__Archaea;p__Halobacteriota;c__Methanomicrobia;o__Methanomicrobiales;f__Methanoculleaceae;g__Methanoculleus;s__Methanoculleus sp023702065	novel Archaea	novel species	MetaPhlAn
GCF_023702065.1_genomic	metaphlan	family	Bray-Curtis distance	0.5	species	d__Archaea;p__Halobacteriota;c__Methanomicrobia;o__Methanomicrobiales;f__Methanoculleaceae;g__Methanoculleus;s__Methanoculleus sp023702065	novel Archaea	novel species	MetaPhlAn
GCF_023702065.1_genomic	metaphlan	genus	Bray-Curtis distance	0.5	species	d__Archaea;p__Halobacteriota;c__Methanomicrobia;o__Methanomicrobiales;f__Methanoculleaceae;g__Methanoculleus;s__Methanoculleus sp023702065	novel Archaea	novel species	MetaPhlAn
GCF_023702065.1_genomic	metaphlan	species	Bray-Curtis distance	0.5	species	d__Archaea;p__Halobacteriota;c__Methanomicrobia;o__Methanomicrobiales;f__Methanoculleaceae;g__Methanoculleus;s__Methanoculleus sp023702065	novel Archaea	novel species	MetaPhlAn
GCF_023702065.1_genomic	singlem	kingdom	Bray-Curtis distance	0.0448916408668731	species	d__Archaea;p__Halobacteriota;c__Methanomicrobia;o__Methanomicrobiales;f__Methanoculleaceae;g__Methanoculleus;s__Methanoculleus sp023702065	novel Archaea	novel species	SingleM
GCF_023702065.1_genomic	singlem	phylum	Bray-Curtis distance	0.0448916408668731	species	d__Archaea;p__Halobacteriota;c__Methanomicrobia;o__Methanomicrobiales;f__Methanoculleaceae;g__Methanoculleus;s__Methanoculleus sp023702065	novel Archaea	novel species	SingleM
GCF_023702065.1_genomic	singlem	class	Bray-Curtis distance	0.0448916408668731	species	d__Archaea;p__Halobacteriota;c__Methanomicrobia;o__Methanomicrobiales;f__Methanoculleaceae;g__Methanoculleus;s__Methanoculleus sp023702065	novel Archaea	novel species	SingleM
GCF_023702065.1_genomic	singlem	order	Bray-Curtis distance	0.0409326424870466	species	d__Archaea;p__Halobacteriota;c__Methanomicrobia;o__Methanomicrobiales;f__Methanoculleaceae;g__Methanoculleus;s__Methanoculleus sp023702065	novel Archaea	novel species	SingleM
GCF_023702065.1_genomic	singlem	family	Bray-Curtis distance	0.0409326424870466	species	d__Archaea;p__Halobacteriota;c__Methanomicrobia;o__Methanomicrobiales;f__Methanoculleaceae;g__Methanoculleus;s__Methanoculleus sp023702065	novel Archaea	novel species	SingleM
GCF_023702065.1_genomic	singlem	genus	Bray-Curtis distance	0.0409326424870466	species	d__Archaea;p__Halobacteriota;c__Methanomicrobia;o__Methanomicrobiales;f__Methanoculleaceae;g__Methanoculleus;s__Methanoculleus sp023702065	novel Archaea	novel species	SingleM
GCF_023702065.1_genomic	singlem	species	Bray-Curtis distance	0.349227669576897	species	d__Archaea;p__Halobacteriota;c__Methanomicrobia;o__Methanomicrobiales;f__Methanoculleaceae;g__Methanoculleus;s__Methanoculleus sp023702065	novel Archaea	novel species	SingleM
GCF_023702065.1_genomic	singlem-regime3	kingdom	Bray-Curtis distance	0.142380085003036	species	d__Archaea;p__Halobacteriota;c__Methanomicrobia;o__Methanomicrobiales;f__Methanoculleaceae;g__Methanoculleus;s__Methanoculleus sp023702065	novel Archaea	novel species	
GCF_023702065.1_genomic	singlem-regime3	phylum	Bray-Curtis distance	0.142380085003036	species	d__Archaea;p__Halobacteriota;c__Methanomicrobia;o__Methanomicrobiales;f__Methanoculleaceae;g__Methanoculleus;s__Methanoculleus sp023702065	novel Archaea	novel species	
GCF_023702065.1_genomic	singlem-regime3	class	Bray-Curtis distance	0.142380085003036	species	d__Archaea;p__Halobacteriota;c__Methanomicrobia;o__Methanomicrobiales;f__Methanoculleaceae;g__Methanoculleus;s__Methanoculleus sp023702065	novel Archaea	novel species	
GCF_023702065.1_genomic	singlem-regime3	order	Bray-Curtis distance	0.142380085003036	species	d__Archaea;p__Halobacteriota;c__Methanomicrobia;o__Methanomicrobiales;f__Methanoculleaceae;g__Methanoculleus;s__Methanoculleus sp023702065	novel Archaea	novel species	
GCF_023702065.1_genomic	singlem-regime3	family	Bray-Curtis distance	0.142380085003036	species	d__Archaea;p__Halobacteriota;c__Methanomicrobia;o__Methanomicrobiales;f__Methanoculleaceae;g__Methanoculleus;s__Methanoculleus sp023702065	novel Archaea	novel species	
GCF_023702065.1_genomic	singlem-regime3	genus	Bray-Curtis distance	0.142380085003036	species	d__Archaea;p__Halobacteriota;c__Methanomicrobia;o__Methanomicrobiales;f__Methanoculleaceae;g__Methanoculleus;s__Methanoculleus sp023702065	novel Archaea	novel species	
GCF_023702065.1_genomic	singlem-regime3	species	Bray-Curtis distance	0.37542662116041	species	d__Archaea;p__Halobacteriota;c__Methanomicrobia;o__Methanomicrobiales;f__Methanoculleaceae;g__Methanoculleus;s__Methanoculleus sp023702065	novel Archaea	novel species	
GCF_024296665.1_genomic	sylph	kingdom	Bray-Curtis distance	0.5	genus	d__Archaea;p__Halobacteriota;c__Halobacteria;o__Halobacteriales;f__Natrialbaceae;g__AD-4;s__AD-4 sp024296665	novel Archaea	novel genus	sylph
GCF_024296665.1_genomic	sylph	phylum	Bray-Curtis distance	0.5	genus	d__Archaea;p__Halobacteriota;c__Halobacteria;o__Halobacteriales;f__Natrialbaceae;g__AD-4;s__AD-4 sp024296665	novel Archaea	novel genus	sylph
GCF_024296665.1_genomic	sylph	class	Bray-Curtis distance	0.5	genus	d__Archaea;p__Halobacteriota;c__Halobacteria;o__Halobacteriales;f__Natrialbaceae;g__AD-4;s__AD-4 sp024296665	novel Archaea	novel genus	sylph
GCF_024296665.1_genomic	sylph	order	Bray-Curtis distance	0.5	genus	d__Archaea;p__Halobacteriota;c__Halobacteria;o__Halobacteriales;f__Natrialbaceae;g__AD-4;s__AD-4 sp024296665	novel Archaea	novel genus	sylph
GCF_024296665.1_genomic	sylph	family	Bray-Curtis distance	0.5	genus	d__Archaea;p__Halobacteriota;c__Halobacteria;o__Halobacteriales;f__Natrialbaceae;g__AD-4;s__AD-4 sp024296665	novel Archaea	novel genus	sylph
GCF_024296665.1_genomic	sylph	genus	Bray-Curtis distance	0.5	genus	d__Archaea;p__Halobacteriota;c__Halobacteria;o__Halobacteriales;f__Natrialbaceae;g__AD-4;s__AD-4 sp024296665	novel Archaea	novel genus	sylph
GCF_024296665.1_genomic	sylph	species	Bray-Curtis distance	0.5	genus	d__Archaea;p__Halobacteriota;c__Halobacteria;o__Halobacteriales;f__Natrialbaceae;g__AD-4;s__AD-4 sp024296665	novel Archaea	novel genus	sylph
GCF_024296665.1_genomic	metaphlan	kingdom	Bray-Curtis distance	0.5	genus	d__Archaea;p__Halobacteriota;c__Halobacteria;o__Halobacteriales;f__Natrialbaceae;g__AD-4;s__AD-4 sp024296665	novel Archaea	novel genus	MetaPhlAn
GCF_024296665.1_genomic	metaphlan	phylum	Bray-Curtis distance	0.5	genus	d__Archaea;p__Halobacteriota;c__Halobacteria;o__Halobacteriales;f__Natrialbaceae;g__AD-4;s__AD-4 sp024296665	novel Archaea	novel genus	MetaPhlAn
GCF_024296665.1_genomic	metaphlan	class	Bray-Curtis distance	0.5	genus	d__Archaea;p__Halobacteriota;c__Halobacteria;o__Halobacteriales;f__Natrialbaceae;g__AD-4;s__AD-4 sp024296665	novel Archaea	novel genus	MetaPhlAn
GCF_024296665.1_genomic	metaphlan	order	Bray-Curtis distance	0.5	genus	d__Archaea;p__Halobacteriota;c__Halobacteria;o__Halobacteriales;f__Natrialbaceae;g__AD-4;s__AD-4 sp024296665	novel Archaea	novel genus	MetaPhlAn
GCF_024296665.1_genomic	metaphlan	family	Bray-Curtis distance	0.5	genus	d__Archaea;p__Halobacteriota;c__Halobacteria;o__Halobacteriales;f__Natrialbaceae;g__AD-4;s__AD-4 sp024296665	novel Archaea	novel genus	MetaPhlAn
GCF_024296665.1_genomic	metaphlan	genus	Bray-Curtis distance	0.5	genus	d__Archaea;p__Halobacteriota;c__Halobacteria;o__Halobacteriales;f__Natrialbaceae;g__AD-4;s__AD-4 sp024296665	novel Archaea	novel genus	MetaPhlAn
GCF_024296665.1_genomic	metaphlan	species	Bray-Curtis distance	0.5	genus	d__Archaea;p__Halobacteriota;c__Halobacteria;o__Halobacteriales;f__Natrialbaceae;g__AD-4;s__AD-4 sp024296665	novel Archaea	novel genus	MetaPhlAn
GCF_024296665.1_genomic	singlem	kingdom	Bray-Curtis distance	0.0118191161356629	genus	d__Archaea;p__Halobacteriota;c__Halobacteria;o__Halobacteriales;f__Natrialbaceae;g__AD-4;s__AD-4 sp024296665	novel Archaea	novel genus	SingleM
GCF_024296665.1_genomic	singlem	phylum	Bray-Curtis distance	0.0169845832244578	genus	d__Archaea;p__Halobacteriota;c__Halobacteria;o__Halobacteriales;f__Natrialbaceae;g__AD-4;s__AD-4 sp024296665	novel Archaea	novel genus	SingleM
GCF_024296665.1_genomic	singlem	class	Bray-Curtis distance	0.0169845832244578	genus	d__Archaea;p__Halobacteriota;c__Halobacteria;o__Halobacteriales;f__Natrialbaceae;g__AD-4;s__AD-4 sp024296665	novel Archaea	novel genus	SingleM
GCF_024296665.1_genomic	singlem	order	Bray-Curtis distance	0.0217904961932266	genus	d__Archaea;p__Halobacteriota;c__Halobacteria;o__Halobacteriales;f__Natrialbaceae;g__AD-4;s__AD-4 sp024296665	novel Archaea	novel genus	SingleM
GCF_024296665.1_genomic	singlem	family	Bray-Curtis distance	0.0886713286713287	genus	d__Archaea;p__Halobacteriota;c__Halobacteria;o__Halobacteriales;f__Natrialbaceae;g__AD-4;s__AD-4 sp024296665	novel Archaea	novel genus	SingleM
GCF_024296665.1_genomic	singlem	genus	Bray-Curtis distance	0.380985426786954	genus	d__Archaea;p__Halobacteriota;c__Halobacteria;o__Halobacteriales;f__Natrialbaceae;g__AD-4;s__AD-4 sp024296665	novel Archaea	novel genus	SingleM
GCF_024296665.1_genomic	singlem	species	Bray-Curtis distance	0.37138830162086	genus	d__Archaea;p__Halobacteriota;c__Halobacteria;o__Halobacteriales;f__Natrialbaceae;g__AD-4;s__AD-4 sp024296665	novel Archaea	novel genus	SingleM
GCF_024296665.1_genomic	singlem-regime3	kingdom	Bray-Curtis distance	0.0992532669570629	genus	d__Archaea;p__Halobacteriota;c__Halobacteria;o__Halobacteriales;f__Natrialbaceae;g__AD-4;s__AD-4 sp024296665	novel Archaea	novel genus	
GCF_024296665.1_genomic	singlem-regime3	phylum	Bray-Curtis distance	0.0992532669570629	genus	d__Archaea;p__Halobacteriota;c__Halobacteria;o__Halobacteriales;f__Natrialbaceae;g__AD-4;s__AD-4 sp024296665	novel Archaea	novel genus	
GCF_024296665.1_genomic	singlem-regime3	class	Bray-Curtis distance	0.0992532669570629	genus	d__Archaea;p__Halobacteriota;c__Halobacteria;o__Halobacteriales;f__Natrialbaceae;g__AD-4;s__AD-4 sp024296665	novel Archaea	novel genus	
GCF_024296665.1_genomic	singlem-regime3	order	Bray-Curtis distance	0.0992532669570629	genus	d__Archaea;p__Halobacteriota;c__Halobacteria;o__Halobacteriales;f__Natrialbaceae;g__AD-4;s__AD-4 sp024296665	novel Archaea	novel genus	
GCF_024296665.1_genomic	singlem-regime3	family	Bray-Curtis distance	0.0992532669570629	genus	d__Archaea;p__Halobacteriota;c__Halobacteria;o__Halobacteriales;f__Natrialbaceae;g__AD-4;s__AD-4 sp024296665	novel Archaea	novel genus	
GCF_024296665.1_genomic	singlem-regime3	genus	Bray-Curtis distance	0.413075237399562	genus	d__Archaea;p__Halobacteriota;c__Halobacteria;o__Halobacteriales;f__Natrialbaceae;g__AD-4;s__AD-4 sp024296665	novel Archaea	novel genus	
GCF_024296665.1_genomic	singlem-regime3	species	Bray-Curtis distance	0.374708171206226	genus	d__Archaea;p__Halobacteriota;c__Halobacteria;o__Halobacteriales;f__Natrialbaceae;g__AD-4;s__AD-4 sp024296665	novel Archaea	novel genus	
GCF_024296685.1_genomic	sylph	kingdom	Bray-Curtis distance	0.5	species	d__Archaea;p__Halobacteriota;c__Halobacteria;o__Halobacteriales;f__Natrialbaceae;g__Natrinema;s__Natrinema sp024296685	novel Archaea	novel species	sylph
GCF_024296685.1_genomic	sylph	phylum	Bray-Curtis distance	0.5	species	d__Archaea;p__Halobacteriota;c__Halobacteria;o__Halobacteriales;f__Natrialbaceae;g__Natrinema;s__Natrinema sp024296685	novel Archaea	novel species	sylph
GCF_024296685.1_genomic	sylph	class	Bray-Curtis distance	0.5	species	d__Archaea;p__Halobacteriota;c__Halobacteria;o__Halobacteriales;f__Natrialbaceae;g__Natrinema;s__Natrinema sp024296685	novel Archaea	novel species	sylph
GCF_024296685.1_genomic	sylph	order	Bray-Curtis distance	0.5	species	d__Archaea;p__Halobacteriota;c__Halobacteria;o__Halobacteriales;f__Natrialbaceae;g__Natrinema;s__Natrinema sp024296685	novel Archaea	novel species	sylph
GCF_024296685.1_genomic	sylph	family	Bray-Curtis distance	0.5	species	d__Archaea;p__Halobacteriota;c__Halobacteria;o__Halobacteriales;f__Natrialbaceae;g__Natrinema;s__Natrinema sp024296685	novel Archaea	novel species	sylph
GCF_024296685.1_genomic	sylph	genus	Bray-Curtis distance	0.5	species	d__Archaea;p__Halobacteriota;c__Halobacteria;o__Halobacteriales;f__Natrialbaceae;g__Natrinema;s__Natrinema sp024296685	novel Archaea	novel species	sylph
GCF_024296685.1_genomic	sylph	species	Bray-Curtis distance	0.5	species	d__Archaea;p__Halobacteriota;c__Halobacteria;o__Halobacteriales;f__Natrialbaceae;g__Natrinema;s__Natrinema sp024296685	novel Archaea	novel species	sylph
GCF_024296685.1_genomic	metaphlan	kingdom	Bray-Curtis distance	0.5	species	d__Archaea;p__Halobacteriota;c__Halobacteria;o__Halobacteriales;f__Natrialbaceae;g__Natrinema;s__Natrinema sp024296685	novel Archaea	novel species	MetaPhlAn
GCF_024296685.1_genomic	metaphlan	phylum	Bray-Curtis distance	0.5	species	d__Archaea;p__Halobacteriota;c__Halobacteria;o__Halobacteriales;f__Natrialbaceae;g__Natrinema;s__Natrinema sp024296685	novel Archaea	novel species	MetaPhlAn
GCF_024296685.1_genomic	metaphlan	class	Bray-Curtis distance	0.5	species	d__Archaea;p__Halobacteriota;c__Halobacteria;o__Halobacteriales;f__Natrialbaceae;g__Natrinema;s__Natrinema sp024296685	novel Archaea	novel species	MetaPhlAn
GCF_024296685.1_genomic	metaphlan	order	Bray-Curtis distance	0.5	species	d__Archaea;p__Halobacteriota;c__Halobacteria;o__Halobacteriales;f__Natrialbaceae;g__Natrinema;s__Natrinema sp024296685	novel Archaea	novel species	MetaPhlAn
GCF_024296685.1_genomic	metaphlan	family	Bray-Curtis distance	0.5	species	d__Archaea;p__Halobacteriota;c__Halobacteria;o__Halobacteriales;f__Natrialbaceae;g__Natrinema;s__Natrinema sp024296685	novel Archaea	novel species	MetaPhlAn
GCF_024296685.1_genomic	metaphlan	genus	Bray-Curtis distance	0.5	species	d__Archaea;p__Halobacteriota;c__Halobacteria;o__Halobacteriales;f__Natrialbaceae;g__Natrinema;s__Natrinema sp024296685	novel Archaea	novel species	MetaPhlAn
GCF_024296685.1_genomic	metaphlan	species	Bray-Curtis distance	0.5	species	d__Archaea;p__Halobacteriota;c__Halobacteria;o__Halobacteriales;f__Natrialbaceae;g__Natrinema;s__Natrinema sp024296685	novel Archaea	novel species	MetaPhlAn
GCF_024296685.1_genomic	singlem	kingdom	Bray-Curtis distance	0.0232390991854336	species	d__Archaea;p__Halobacteriota;c__Halobacteria;o__Halobacteriales;f__Natrialbaceae;g__Natrinema;s__Natrinema sp024296685	novel Archaea	novel species	SingleM
GCF_024296685.1_genomic	singlem	phylum	Bray-Curtis distance	0.0204228736184527	species	d__Archaea;p__Halobacteriota;c__Halobacteria;o__Halobacteriales;f__Natrialbaceae;g__Natrinema;s__Natrinema sp024296685	novel Archaea	novel species	SingleM
GCF_024296685.1_genomic	singlem	class	Bray-Curtis distance	0.0204228736184527	species	d__Archaea;p__Halobacteriota;c__Halobacteria;o__Halobacteriales;f__Natrialbaceae;g__Natrinema;s__Natrinema sp024296685	novel Archaea	novel species	SingleM
GCF_024296685.1_genomic	singlem	order	Bray-Curtis distance	0.0204228736184527	species	d__Archaea;p__Halobacteriota;c__Halobacteria;o__Halobacteriales;f__Natrialbaceae;g__Natrinema;s__Natrinema sp024296685	novel Archaea	novel species	SingleM
GCF_024296685.1_genomic	singlem	family	Bray-Curtis distance	0.0270858524788392	species	d__Archaea;p__Halobacteriota;c__Halobacteria;o__Halobacteriales;f__Natrialbaceae;g__Natrinema;s__Natrinema sp024296685	novel Archaea	novel species	SingleM
GCF_024296685.1_genomic	singlem	genus	Bray-Curtis distance	0.148119122257053	species	d__Archaea;p__Halobacteriota;c__Halobacteria;o__Halobacteriales;f__Natrialbaceae;g__Natrinema;s__Natrinema sp024296685	novel Archaea	novel species	SingleM
GCF_024296685.1_genomic	singlem	species	Bray-Curtis distance	0.351057213930348	species	d__Archaea;p__Halobacteriota;c__Halobacteria;o__Halobacteriales;f__Natrialbaceae;g__Natrinema;s__Natrinema sp024296685	novel Archaea	novel species	SingleM
GCF_024296685.1_genomic	singlem-regime3	kingdom	Bray-Curtis distance	0.141732283464567	species	d__Archaea;p__Halobacteriota;c__Halobacteria;o__Halobacteriales;f__Natrialbaceae;g__Natrinema;s__Natrinema sp024296685	novel Archaea	novel species	
GCF_024296685.1_genomic	singlem-regime3	phylum	Bray-Curtis distance	0.141732283464567	species	d__Archaea;p__Halobacteriota;c__Halobacteria;o__Halobacteriales;f__Natrialbaceae;g__Natrinema;s__Natrinema sp024296685	novel Archaea	novel species	
GCF_024296685.1_genomic	singlem-regime3	class	Bray-Curtis distance	0.141732283464567	species	d__Archaea;p__Halobacteriota;c__Halobacteria;o__Halobacteriales;f__Natrialbaceae;g__Natrinema;s__Natrinema sp024296685	novel Archaea	novel species	
GCF_024296685.1_genomic	singlem-regime3	order	Bray-Curtis distance	0.141732283464567	species	d__Archaea;p__Halobacteriota;c__Halobacteria;o__Halobacteriales;f__Natrialbaceae;g__Natrinema;s__Natrinema sp024296685	novel Archaea	novel species	
GCF_024296685.1_genomic	singlem-regime3	family	Bray-Curtis distance	0.141732283464567	species	d__Archaea;p__Halobacteriota;c__Halobacteria;o__Halobacteriales;f__Natrialbaceae;g__Natrinema;s__Natrinema sp024296685	novel Archaea	novel species	
GCF_024296685.1_genomic	singlem-regime3	genus	Bray-Curtis distance	0.227698820683399	species	d__Archaea;p__Halobacteriota;c__Halobacteria;o__Halobacteriales;f__Natrialbaceae;g__Natrinema;s__Natrinema sp024296685	novel Archaea	novel species	
GCF_024296685.1_genomic	singlem-regime3	species	Bray-Curtis distance	0.390887290167866	species	d__Archaea;p__Halobacteriota;c__Halobacteria;o__Halobacteriales;f__Natrialbaceae;g__Natrinema;s__Natrinema sp024296685	novel Archaea	novel species	
GCF_024362525.1_genomic	sylph	kingdom	Bray-Curtis distance	0.5	genus	d__Archaea;p__Halobacteriota;c__Halobacteria;o__Halobacteriales;f__Natrialbaceae;g__Natronobiforma;s__Natronobiforma sp024362525	novel Archaea	novel genus	sylph
GCF_024362525.1_genomic	sylph	phylum	Bray-Curtis distance	0.5	genus	d__Archaea;p__Halobacteriota;c__Halobacteria;o__Halobacteriales;f__Natrialbaceae;g__Natronobiforma;s__Natronobiforma sp024362525	novel Archaea	novel genus	sylph
GCF_024362525.1_genomic	sylph	class	Bray-Curtis distance	0.5	genus	d__Archaea;p__Halobacteriota;c__Halobacteria;o__Halobacteriales;f__Natrialbaceae;g__Natronobiforma;s__Natronobiforma sp024362525	novel Archaea	novel genus	sylph
GCF_024362525.1_genomic	sylph	order	Bray-Curtis distance	0.5	genus	d__Archaea;p__Halobacteriota;c__Halobacteria;o__Halobacteriales;f__Natrialbaceae;g__Natronobiforma;s__Natronobiforma sp024362525	novel Archaea	novel genus	sylph
GCF_024362525.1_genomic	sylph	family	Bray-Curtis distance	0.5	genus	d__Archaea;p__Halobacteriota;c__Halobacteria;o__Halobacteriales;f__Natrialbaceae;g__Natronobiforma;s__Natronobiforma sp024362525	novel Archaea	novel genus	sylph
GCF_024362525.1_genomic	sylph	genus	Bray-Curtis distance	0.5	genus	d__Archaea;p__Halobacteriota;c__Halobacteria;o__Halobacteriales;f__Natrialbaceae;g__Natronobiforma;s__Natronobiforma sp024362525	novel Archaea	novel genus	sylph
GCF_024362525.1_genomic	sylph	species	Bray-Curtis distance	0.5	genus	d__Archaea;p__Halobacteriota;c__Halobacteria;o__Halobacteriales;f__Natrialbaceae;g__Natronobiforma;s__Natronobiforma sp024362525	novel Archaea	novel genus	sylph
GCF_024362525.1_genomic	metaphlan	kingdom	Bray-Curtis distance	0.5	genus	d__Archaea;p__Halobacteriota;c__Halobacteria;o__Halobacteriales;f__Natrialbaceae;g__Natronobiforma;s__Natronobiforma sp024362525	novel Archaea	novel genus	MetaPhlAn
GCF_024362525.1_genomic	metaphlan	phylum	Bray-Curtis distance	0.5	genus	d__Archaea;p__Halobacteriota;c__Halobacteria;o__Halobacteriales;f__Natrialbaceae;g__Natronobiforma;s__Natronobiforma sp024362525	novel Archaea	novel genus	MetaPhlAn
GCF_024362525.1_genomic	metaphlan	class	Bray-Curtis distance	0.5	genus	d__Archaea;p__Halobacteriota;c__Halobacteria;o__Halobacteriales;f__Natrialbaceae;g__Natronobiforma;s__Natronobiforma sp024362525	novel Archaea	novel genus	MetaPhlAn
GCF_024362525.1_genomic	metaphlan	order	Bray-Curtis distance	0.5	genus	d__Archaea;p__Halobacteriota;c__Halobacteria;o__Halobacteriales;f__Natrialbaceae;g__Natronobiforma;s__Natronobiforma sp024362525	novel Archaea	novel genus	MetaPhlAn
GCF_024362525.1_genomic	metaphlan	family	Bray-Curtis distance	0.5	genus	d__Archaea;p__Halobacteriota;c__Halobacteria;o__Halobacteriales;f__Natrialbaceae;g__Natronobiforma;s__Natronobiforma sp024362525	novel Archaea	novel genus	MetaPhlAn
GCF_024362525.1_genomic	metaphlan	genus	Bray-Curtis distance	0.5	genus	d__Archaea;p__Halobacteriota;c__Halobacteria;o__Halobacteriales;f__Natrialbaceae;g__Natronobiforma;s__Natronobiforma sp024362525	novel Archaea	novel genus	MetaPhlAn
GCF_024362525.1_genomic	metaphlan	species	Bray-Curtis distance	0.5	genus	d__Archaea;p__Halobacteriota;c__Halobacteria;o__Halobacteriales;f__Natrialbaceae;g__Natronobiforma;s__Natronobiforma sp024362525	novel Archaea	novel genus	MetaPhlAn
GCF_024362525.1_genomic	singlem	kingdom	Bray-Curtis distance	0.0124640460210929	genus	d__Archaea;p__Halobacteriota;c__Halobacteria;o__Halobacteriales;f__Natrialbaceae;g__Natronobiforma;s__Natronobiforma sp024362525	novel Archaea	novel genus	SingleM
GCF_024362525.1_genomic	singlem	phylum	Bray-Curtis distance	0.0188034188034188	genus	d__Archaea;p__Halobacteriota;c__Halobacteria;o__Halobacteriales;f__Natrialbaceae;g__Natronobiforma;s__Natronobiforma sp024362525	novel Archaea	novel genus	SingleM
GCF_024362525.1_genomic	singlem	class	Bray-Curtis distance	0.0188034188034188	genus	d__Archaea;p__Halobacteriota;c__Halobacteria;o__Halobacteriales;f__Natrialbaceae;g__Natronobiforma;s__Natronobiforma sp024362525	novel Archaea	novel genus	SingleM
GCF_024362525.1_genomic	singlem	order	Bray-Curtis distance	0.0188034188034188	genus	d__Archaea;p__Halobacteriota;c__Halobacteria;o__Halobacteriales;f__Natrialbaceae;g__Natronobiforma;s__Natronobiforma sp024362525	novel Archaea	novel genus	SingleM
GCF_024362525.1_genomic	singlem	family	Bray-Curtis distance	0.0308870768470472	genus	d__Archaea;p__Halobacteriota;c__Halobacteria;o__Halobacteriales;f__Natrialbaceae;g__Natronobiforma;s__Natronobiforma sp024362525	novel Archaea	novel genus	SingleM
GCF_024362525.1_genomic	singlem	genus	Bray-Curtis distance	0.350571256764883	genus	d__Archaea;p__Halobacteriota;c__Halobacteria;o__Halobacteriales;f__Natrialbaceae;g__Natronobiforma;s__Natronobiforma sp024362525	novel Archaea	novel genus	SingleM
GCF_024362525.1_genomic	singlem	species	Bray-Curtis distance	0.339325842696629	genus	d__Archaea;p__Halobacteriota;c__Halobacteria;o__Halobacteriales;f__Natrialbaceae;g__Natronobiforma;s__Natronobiforma sp024362525	novel Archaea	novel genus	SingleM
GCF_024362525.1_genomic	singlem-regime3	kingdom	Bray-Curtis distance	0.0949943117178612	genus	d__Archaea;p__Halobacteriota;c__Halobacteria;o__Halobacteriales;f__Natrialbaceae;g__Natronobiforma;s__Natronobiforma sp024362525	novel Archaea	novel genus	
GCF_024362525.1_genomic	singlem-regime3	phylum	Bray-Curtis distance	0.0949943117178612	genus	d__Archaea;p__Halobacteriota;c__Halobacteria;o__Halobacteriales;f__Natrialbaceae;g__Natronobiforma;s__Natronobiforma sp024362525	novel Archaea	novel genus	
GCF_024362525.1_genomic	singlem-regime3	class	Bray-Curtis distance	0.0949943117178612	genus	d__Archaea;p__Halobacteriota;c__Halobacteria;o__Halobacteriales;f__Natrialbaceae;g__Natronobiforma;s__Natronobiforma sp024362525	novel Archaea	novel genus	
GCF_024362525.1_genomic	singlem-regime3	order	Bray-Curtis distance	0.0949943117178612	genus	d__Archaea;p__Halobacteriota;c__Halobacteria;o__Halobacteriales;f__Natrialbaceae;g__Natronobiforma;s__Natronobiforma sp024362525	novel Archaea	novel genus	
GCF_024362525.1_genomic	singlem-regime3	family	Bray-Curtis distance	0.0949943117178612	genus	d__Archaea;p__Halobacteriota;c__Halobacteria;o__Halobacteriales;f__Natrialbaceae;g__Natronobiforma;s__Natronobiforma sp024362525	novel Archaea	novel genus	
GCF_024362525.1_genomic	singlem-regime3	genus	Bray-Curtis distance	0.325301204819277	genus	d__Archaea;p__Halobacteriota;c__Halobacteria;o__Halobacteriales;f__Natrialbaceae;g__Natronobiforma;s__Natronobiforma sp024362525	novel Archaea	novel genus	
GCF_024362525.1_genomic	singlem-regime3	species	Bray-Curtis distance	0.360262008733624	genus	d__Archaea;p__Halobacteriota;c__Halobacteria;o__Halobacteriales;f__Natrialbaceae;g__Natronobiforma;s__Natronobiforma sp024362525	novel Archaea	novel genus	
GCF_024707485.1_genomic	sylph	kingdom	Bray-Curtis distance	0.5	species	d__Archaea;p__Methanobacteriota_B;c__Thermococci;o__Thermococcales;f__Thermococcaceae;g__Thermococcus;s__Thermococcus sp024707485	novel Archaea	novel species	sylph
GCF_024707485.1_genomic	sylph	phylum	Bray-Curtis distance	0.5	species	d__Archaea;p__Methanobacteriota_B;c__Thermococci;o__Thermococcales;f__Thermococcaceae;g__Thermococcus;s__Thermococcus sp024707485	novel Archaea	novel species	sylph
GCF_024707485.1_genomic	sylph	class	Bray-Curtis distance	0.5	species	d__Archaea;p__Methanobacteriota_B;c__Thermococci;o__Thermococcales;f__Thermococcaceae;g__Thermococcus;s__Thermococcus sp024707485	novel Archaea	novel species	sylph
GCF_024707485.1_genomic	sylph	order	Bray-Curtis distance	0.5	species	d__Archaea;p__Methanobacteriota_B;c__Thermococci;o__Thermococcales;f__Thermococcaceae;g__Thermococcus;s__Thermococcus sp024707485	novel Archaea	novel species	sylph
GCF_024707485.1_genomic	sylph	family	Bray-Curtis distance	0.5	species	d__Archaea;p__Methanobacteriota_B;c__Thermococci;o__Thermococcales;f__Thermococcaceae;g__Thermococcus;s__Thermococcus sp024707485	novel Archaea	novel species	sylph
GCF_024707485.1_genomic	sylph	genus	Bray-Curtis distance	0.5	species	d__Archaea;p__Methanobacteriota_B;c__Thermococci;o__Thermococcales;f__Thermococcaceae;g__Thermococcus;s__Thermococcus sp024707485	novel Archaea	novel species	sylph
GCF_024707485.1_genomic	sylph	species	Bray-Curtis distance	0.5	species	d__Archaea;p__Methanobacteriota_B;c__Thermococci;o__Thermococcales;f__Thermococcaceae;g__Thermococcus;s__Thermococcus sp024707485	novel Archaea	novel species	sylph
GCF_024707485.1_genomic	metaphlan	kingdom	Bray-Curtis distance	0.2716578	species	d__Archaea;p__Methanobacteriota_B;c__Thermococci;o__Thermococcales;f__Thermococcaceae;g__Thermococcus;s__Thermococcus sp024707485	novel Archaea	novel species	MetaPhlAn
GCF_024707485.1_genomic	metaphlan	phylum	Bray-Curtis distance	0.2716578	species	d__Archaea;p__Methanobacteriota_B;c__Thermococci;o__Thermococcales;f__Thermococcaceae;g__Thermococcus;s__Thermococcus sp024707485	novel Archaea	novel species	MetaPhlAn
GCF_024707485.1_genomic	metaphlan	class	Bray-Curtis distance	0.2716578	species	d__Archaea;p__Methanobacteriota_B;c__Thermococci;o__Thermococcales;f__Thermococcaceae;g__Thermococcus;s__Thermococcus sp024707485	novel Archaea	novel species	MetaPhlAn
GCF_024707485.1_genomic	metaphlan	order	Bray-Curtis distance	0.2716578	species	d__Archaea;p__Methanobacteriota_B;c__Thermococci;o__Thermococcales;f__Thermococcaceae;g__Thermococcus;s__Thermococcus sp024707485	novel Archaea	novel species	MetaPhlAn
GCF_024707485.1_genomic	metaphlan	family	Bray-Curtis distance	0.2716578	species	d__Archaea;p__Methanobacteriota_B;c__Thermococci;o__Thermococcales;f__Thermococcaceae;g__Thermococcus;s__Thermococcus sp024707485	novel Archaea	novel species	MetaPhlAn
GCF_024707485.1_genomic	metaphlan	genus	Bray-Curtis distance	0.2716578	species	d__Archaea;p__Methanobacteriota_B;c__Thermococci;o__Thermococcales;f__Thermococcaceae;g__Thermococcus;s__Thermococcus sp024707485	novel Archaea	novel species	MetaPhlAn
GCF_024707485.1_genomic	metaphlan	species	Bray-Curtis distance	0.5	species	d__Archaea;p__Methanobacteriota_B;c__Thermococci;o__Thermococcales;f__Thermococcaceae;g__Thermococcus;s__Thermococcus sp024707485	novel Archaea	novel species	MetaPhlAn
GCF_024707485.1_genomic	singlem	kingdom	Bray-Curtis distance	0.141909814323607	species	d__Archaea;p__Methanobacteriota_B;c__Thermococci;o__Thermococcales;f__Thermococcaceae;g__Thermococcus;s__Thermococcus sp024707485	novel Archaea	novel species	SingleM
GCF_024707485.1_genomic	singlem	phylum	Bray-Curtis distance	0.142377434519812	species	d__Archaea;p__Methanobacteriota_B;c__Thermococci;o__Thermococcales;f__Thermococcaceae;g__Thermococcus;s__Thermococcus sp024707485	novel Archaea	novel species	SingleM
GCF_024707485.1_genomic	singlem	class	Bray-Curtis distance	0.142377434519812	species	d__Archaea;p__Methanobacteriota_B;c__Thermococci;o__Thermococcales;f__Thermococcaceae;g__Thermococcus;s__Thermococcus sp024707485	novel Archaea	novel species	SingleM
GCF_024707485.1_genomic	singlem	order	Bray-Curtis distance	0.142377434519812	species	d__Archaea;p__Methanobacteriota_B;c__Thermococci;o__Thermococcales;f__Thermococcaceae;g__Thermococcus;s__Thermococcus sp024707485	novel Archaea	novel species	SingleM
GCF_024707485.1_genomic	singlem	family	Bray-Curtis distance	0.142377434519812	species	d__Archaea;p__Methanobacteriota_B;c__Thermococci;o__Thermococcales;f__Thermococcaceae;g__Thermococcus;s__Thermococcus sp024707485	novel Archaea	novel species	SingleM
GCF_024707485.1_genomic	singlem	genus	Bray-Curtis distance	0.142377434519812	species	d__Archaea;p__Methanobacteriota_B;c__Thermococci;o__Thermococcales;f__Thermococcaceae;g__Thermococcus;s__Thermococcus sp024707485	novel Archaea	novel species	SingleM
GCF_024707485.1_genomic	singlem	species	Bray-Curtis distance	0.563439065108514	species	d__Archaea;p__Methanobacteriota_B;c__Thermococci;o__Thermococcales;f__Thermococcaceae;g__Thermococcus;s__Thermococcus sp024707485	novel Archaea	novel species	SingleM
GCF_024707485.1_genomic	singlem-regime3	kingdom	Bray-Curtis distance	0.0460339943342776	species	d__Archaea;p__Methanobacteriota_B;c__Thermococci;o__Thermococcales;f__Thermococcaceae;g__Thermococcus;s__Thermococcus sp024707485	novel Archaea	novel species	
GCF_024707485.1_genomic	singlem-regime3	phylum	Bray-Curtis distance	0.0460339943342776	species	d__Archaea;p__Methanobacteriota_B;c__Thermococci;o__Thermococcales;f__Thermococcaceae;g__Thermococcus;s__Thermococcus sp024707485	novel Archaea	novel species	
GCF_024707485.1_genomic	singlem-regime3	class	Bray-Curtis distance	0.0460339943342776	species	d__Archaea;p__Methanobacteriota_B;c__Thermococci;o__Thermococcales;f__Thermococcaceae;g__Thermococcus;s__Thermococcus sp024707485	novel Archaea	novel species	
GCF_024707485.1_genomic	singlem-regime3	order	Bray-Curtis distance	0.0460339943342776	species	d__Archaea;p__Methanobacteriota_B;c__Thermococci;o__Thermococcales;f__Thermococcaceae;g__Thermococcus;s__Thermococcus sp024707485	novel Archaea	novel species	
GCF_024707485.1_genomic	singlem-regime3	family	Bray-Curtis distance	0.0460339943342776	species	d__Archaea;p__Methanobacteriota_B;c__Thermococci;o__Thermococcales;f__Thermococcaceae;g__Thermococcus;s__Thermococcus sp024707485	novel Archaea	novel species	
GCF_024707485.1_genomic	singlem-regime3	genus	Bray-Curtis distance	0.0460339943342776	species	d__Archaea;p__Methanobacteriota_B;c__Thermococci;o__Thermococcales;f__Thermococcaceae;g__Thermococcus;s__Thermococcus sp024707485	novel Archaea	novel species	
GCF_024707485.1_genomic	singlem-regime3	species	Bray-Curtis distance	0.369361322018758	species	d__Archaea;p__Methanobacteriota_B;c__Thermococci;o__Thermococcales;f__Thermococcaceae;g__Thermococcus;s__Thermococcus sp024707485	novel Archaea	novel species	
